epoch,kind,f1,f2,f3,f4
1791444204,proc,780,368,visualintelligenced,368
1791444204,proc,787,4768,aned,4768
1791444204,proc,811,1120,translationd,1120
1791444204,proc,851,1056,generativeexperiencesd,1056
1791444204,proc,852,3904,intelligenceflowd,3904
1791444204,proc,858,12480,intelligencecontextd,12480
1791444204,proc,1078,192,aneuserd,192
1791444204,proc,1257,20848,Ollama,20848
1791444204,proc,1284,27584,ollama,27584
1791444204,proc,1299,336,GenerativeExperiencesSafetyInferenceProvider,336
1791444204,proc,1359,9488,IntelligencePlatformComputeService,9488
1791444204,proc,10533,336,intelligencetasksd,336
1791444204,proc,11900,352,ANECompilerService,352
1791444204,proc,27908,416,intelligenceplatformd,416
1791444204,proc,65626,3424896,Python,3424896
1791444204,sys,162644,67,36842,1|1660|56546|53893
1791444205,proc,780,368,visualintelligenced,368
1791444205,proc,787,4768,aned,4768
1791444205,proc,811,1120,translationd,1120
1791444205,proc,851,1056,generativeexperiencesd,1056
1791444205,proc,852,3904,intelligenceflowd,3904
1791444205,proc,858,12480,intelligencecontextd,12480
1791444205,proc,1078,192,aneuserd,192
1791444205,proc,1257,20848,Ollama,20848
1791444205,proc,1284,27584,ollama,27584
1791444205,proc,1299,336,GenerativeExperiencesSafetyInferenceProvider,336
1791444205,proc,1359,9488,IntelligencePlatformComputeService,9488
1791444205,proc,10533,336,intelligencetasksd,336
1791444205,proc,11900,352,ANECompilerService,352
1791444205,proc,27908,416,intelligenceplatformd,416
1791444205,proc,65626,3310784,Python,3424896
1791444205,proc,65685,61872,node,0
1791444205,sys,162644,67,9312,1|1660|56550|53888
1791444206,proc,780,368,visualintelligenced,368
1791444206,proc,787,4768,aned,4768
1791444206,proc,811,1120,translationd,1120
1791444206,proc,851,1056,generativeexperiencesd,1056
1791444206,proc,852,3904,intelligenceflowd,3904
1791444206,proc,858,12480,intelligencecontextd,12480
1791444206,proc,1078,192,aneuserd,192
1791444206,proc,1257,20848,Ollama,20848
1791444206,proc,1284,27584,ollama,27584
1791444206,proc,1299,336,GenerativeExperiencesSafetyInferenceProvider,336
1791444206,proc,1359,9488,IntelligencePlatformComputeService,9488
1791444206,proc,10533,336,intelligencetasksd,336
1791444206,proc,11900,352,ANECompilerService,352
1791444206,proc,27908,416,intelligenceplatformd,416
1791444206,proc,65626,3310896,Python,3424896
1791444206,proc,65685,61872,node,0
1791444206,sys,162644,67,8266,1|1660|56566|53863
1791444207,proc,780,368,visualintelligenced,368
1791444207,proc,787,4768,aned,4768
1791444207,proc,811,1120,translationd,1120
1791444207,proc,851,1056,generativeexperiencesd,1056
1791444207,proc,852,3904,intelligenceflowd,3904
1791444207,proc,858,12480,intelligencecontextd,12480
1791444207,proc,1078,192,aneuserd,192
1791444207,proc,1257,20848,Ollama,20848
1791444207,proc,1284,27584,ollama,27584
1791444207,proc,1299,336,GenerativeExperiencesSafetyInferenceProvider,336
1791444207,proc,1359,9488,IntelligencePlatformComputeService,9488
1791444207,proc,10533,336,intelligencetasksd,336
1791444207,proc,11900,352,ANECompilerService,352
1791444207,proc,27908,416,intelligenceplatformd,416
1791444207,proc,65626,3310928,Python,3424896
1791444207,proc,65685,61872,node,0
1791444207,sys,162644,67,8033,1|1660|56566|53863
1791444208,proc,780,368,visualintelligenced,368
1791444208,proc,787,4768,aned,4768
1791444208,proc,811,1120,translationd,1120
1791444208,proc,851,1056,generativeexperiencesd,1056
1791444208,proc,852,3904,intelligenceflowd,3904
1791444208,proc,858,12480,intelligencecontextd,12480
1791444208,proc,1078,192,aneuserd,192
1791444208,proc,1257,20848,Ollama,20848
1791444208,proc,1284,27584,ollama,27584
1791444208,proc,1299,336,GenerativeExperiencesSafetyInferenceProvider,336
1791444208,proc,1359,9488,IntelligencePlatformComputeService,9488
1791444208,proc,10533,336,intelligencetasksd,336
1791444208,proc,11900,352,ANECompilerService,352
1791444208,proc,27908,416,intelligenceplatformd,416
1791444208,proc,65626,3311008,Python,3424896
1791444208,proc,65685,61872,node,0
1791444208,sys,162644,67,4186,1|1660|56566|53858
1791444209,proc,780,368,visualintelligenced,368
1791444209,proc,787,4768,aned,4768
1791444209,proc,811,1120,translationd,1120
1791444209,proc,851,1056,generativeexperiencesd,1056
1791444209,proc,852,3904,intelligenceflowd,3904
1791444209,proc,858,12480,intelligencecontextd,12480
1791444209,proc,1078,192,aneuserd,192
1791444209,proc,1257,20752,Ollama,20848
1791444209,proc,1284,27584,ollama,27584
1791444209,proc,1299,336,GenerativeExperiencesSafetyInferenceProvider,336
1791444209,proc,1359,9360,IntelligencePlatformComputeService,9488
1791444209,proc,10533,336,intelligencetasksd,336
1791444209,proc,11900,352,ANECompilerService,352
1791444209,proc,27908,416,intelligenceplatformd,416
1791444209,proc,65626,3311136,Python,3424896
1791444209,proc,65685,61856,node,0
1791444209,sys,162644,61,5789,1|1660|56566|53858
1791444210,proc,780,368,visualintelligenced,368
1791444210,proc,787,4768,aned,4768
1791444210,proc,811,1120,translationd,1120
1791444210,proc,851,1056,generativeexperiencesd,1056
1791444210,proc,852,3904,intelligenceflowd,3904
1791444210,proc,858,12480,intelligencecontextd,12480
1791444210,proc,1078,192,aneuserd,192
1791444210,proc,1257,20800,Ollama,20848
1791444210,proc,1284,27584,ollama,27584
1791444210,proc,1299,336,GenerativeExperiencesSafetyInferenceProvider,336
1791444210,proc,1359,9360,IntelligencePlatformComputeService,9488
1791444210,proc,10533,336,intelligencetasksd,336
1791444210,proc,11900,352,ANECompilerService,352
1791444210,proc,27908,416,intelligenceplatformd,416
1791444210,proc,65626,3311168,Python,3424896
1791444210,proc,65685,61872,node,0
1791444210,sys,162644,61,5706,1|1660|56566|53854
1791444211,proc,780,368,visualintelligenced,368
1791444211,proc,787,4768,aned,4768
1791444211,proc,811,1120,translationd,1120
1791444211,proc,851,1056,generativeexperiencesd,1056
1791444211,proc,852,3904,intelligenceflowd,3904
1791444211,proc,858,12480,intelligencecontextd,12480
1791444211,proc,1078,192,aneuserd,192
1791444211,proc,1257,20800,Ollama,20848
1791444211,proc,1284,27584,ollama,27584
1791444211,proc,1299,336,GenerativeExperiencesSafetyInferenceProvider,336
1791444211,proc,1359,9360,IntelligencePlatformComputeService,9488
1791444211,proc,10533,336,intelligencetasksd,336
1791444211,proc,11900,352,ANECompilerService,352
1791444211,proc,27908,416,intelligenceplatformd,416
1791444211,proc,65626,3311264,Python,3424896
1791444211,proc,65685,61872,node,0
1791444211,sys,162644,61,6688,1|1660|56570|53843
1791444212,proc,780,368,visualintelligenced,368
1791444212,proc,787,4768,aned,4768
1791444212,proc,811,1120,translationd,1120
1791444212,proc,851,1056,generativeexperiencesd,1056
1791444212,proc,852,3904,intelligenceflowd,3904
1791444212,proc,858,12480,intelligencecontextd,12480
1791444212,proc,1078,192,aneuserd,192
1791444212,proc,1257,20848,Ollama,20848
1791444212,proc,1284,27584,ollama,27584
1791444212,proc,1299,336,GenerativeExperiencesSafetyInferenceProvider,336
1791444212,proc,1359,9360,IntelligencePlatformComputeService,9488
1791444212,proc,10533,336,intelligencetasksd,336
1791444212,proc,11900,352,ANECompilerService,352
1791444212,proc,27908,416,intelligenceplatformd,416
1791444212,proc,65626,3311344,Python,3424896
1791444212,proc,65685,61216,node,0
1791444212,sys,162644,61,6551,1|1660|56586|53849
1791444213,proc,780,368,visualintelligenced,368
1791444213,proc,787,4768,aned,4768
1791444213,proc,811,1120,translationd,1120
1791444213,proc,851,1056,generativeexperiencesd,1056
1791444213,proc,852,3904,intelligenceflowd,3904
1791444213,proc,858,12480,intelligencecontextd,12480
1791444213,proc,1078,192,aneuserd,192
1791444213,proc,1257,20912,Ollama,20848
1791444213,proc,1284,27584,ollama,27584
1791444213,proc,1299,336,GenerativeExperiencesSafetyInferenceProvider,336
1791444213,proc,1359,9360,IntelligencePlatformComputeService,9488
1791444213,proc,10533,336,intelligencetasksd,336
1791444213,proc,11900,352,ANECompilerService,352
1791444213,proc,27908,416,intelligenceplatformd,416
1791444213,proc,65626,3312160,Python,3424896
1791444213,proc,65685,60560,node,0
1791444213,sys,162644,61,3778,1|1660|56586|53848
1791444214,proc,780,368,visualintelligenced,368
1791444214,proc,787,4768,aned,4768
1791444214,proc,811,1120,translationd,1120
1791444214,proc,851,1056,generativeexperiencesd,1056
1791444214,proc,852,3904,intelligenceflowd,3904
1791444214,proc,858,12480,intelligencecontextd,12480
1791444214,proc,1078,192,aneuserd,192
1791444214,proc,1257,20912,Ollama,20848
1791444214,proc,1284,27584,ollama,27584
1791444214,proc,1299,336,GenerativeExperiencesSafetyInferenceProvider,336
1791444214,proc,1359,9360,IntelligencePlatformComputeService,9488
1791444214,proc,10533,336,intelligencetasksd,336
1791444214,proc,11900,352,ANECompilerService,352
1791444214,proc,27908,416,intelligenceplatformd,416
1791444214,proc,65626,3311808,Python,3424896
1791444214,proc,65685,60560,node,0
1791444214,sys,162644,61,4942,1|1660|56586|53848
1791444216,proc,780,368,visualintelligenced,368
1791444216,proc,787,4768,aned,4768
1791444216,proc,811,1120,translationd,1120
1791444216,proc,851,1056,generativeexperiencesd,1056
1791444216,proc,852,3904,intelligenceflowd,3904
1791444216,proc,858,12480,intelligencecontextd,12480
1791444216,proc,1078,192,aneuserd,192
1791444216,proc,1257,20912,Ollama,20848
1791444216,proc,1284,27584,ollama,27584
1791444216,proc,1299,336,GenerativeExperiencesSafetyInferenceProvider,336
1791444216,proc,1359,9360,IntelligencePlatformComputeService,9488
1791444216,proc,10533,336,intelligencetasksd,336
1791444216,proc,11900,352,ANECompilerService,352
1791444216,proc,27908,416,intelligenceplatformd,416
1791444216,proc,65626,3311808,Python,3424896
1791444216,proc,65685,60544,node,0
1791444216,sys,162644,61,4972,1|1660|56586|53848
1791444217,proc,780,368,visualintelligenced,368
1791444217,proc,787,4768,aned,4768
1791444217,proc,811,1120,translationd,1120
1791444217,proc,851,1056,generativeexperiencesd,1056
1791444217,proc,852,3904,intelligenceflowd,3904
1791444217,proc,858,12480,intelligencecontextd,12480
1791444217,proc,1078,192,aneuserd,192
1791444217,proc,1257,20912,Ollama,20848
1791444217,proc,1284,27584,ollama,27584
1791444217,proc,1299,336,GenerativeExperiencesSafetyInferenceProvider,336
1791444217,proc,1359,9360,IntelligencePlatformComputeService,9488
1791444217,proc,10533,336,intelligencetasksd,336
1791444217,proc,11900,352,ANECompilerService,352
1791444217,proc,27908,416,intelligenceplatformd,416
1791444217,proc,65626,3311808,Python,3424896
1791444217,proc,65685,60544,node,0
1791444217,sys,162644,61,4941,1|1660|56586|53848
1791444218,proc,780,368,visualintelligenced,368
1791444218,proc,787,4768,aned,4768
1791444218,proc,811,1120,translationd,1120
1791444218,proc,851,1056,generativeexperiencesd,1056
1791444218,proc,852,3904,intelligenceflowd,3904
1791444218,proc,858,12480,intelligencecontextd,12480
1791444218,proc,1078,192,aneuserd,192
1791444218,proc,1257,20912,Ollama,20848
1791444218,proc,1284,27584,ollama,27584
1791444218,proc,1299,336,GenerativeExperiencesSafetyInferenceProvider,336
1791444218,proc,1359,9360,IntelligencePlatformComputeService,9488
1791444218,proc,10533,336,intelligencetasksd,336
1791444218,proc,11900,352,ANECompilerService,352
1791444218,proc,27908,416,intelligenceplatformd,416
1791444218,proc,65626,3311808,Python,3424896
1791444218,proc,65685,60544,node,0
1791444218,sys,162644,61,4187,1|1660|56586|53843
1791444219,proc,780,368,visualintelligenced,368
1791444219,proc,787,4768,aned,4768
1791444219,proc,811,1120,translationd,1120
1791444219,proc,851,1056,generativeexperiencesd,1056
1791444219,proc,852,3904,intelligenceflowd,3904
1791444219,proc,858,12480,intelligencecontextd,12480
1791444219,proc,1078,192,aneuserd,192
1791444219,proc,1257,20912,Ollama,20848
1791444219,proc,1284,27584,ollama,27584
1791444219,proc,1299,336,GenerativeExperiencesSafetyInferenceProvider,336
1791444219,proc,1359,9360,IntelligencePlatformComputeService,9488
1791444219,proc,10533,336,intelligencetasksd,336
1791444219,proc,11900,352,ANECompilerService,352
1791444219,proc,27908,416,intelligenceplatformd,416
1791444219,proc,65626,3311840,Python,3424896
1791444219,proc,65685,60544,node,0
1791444219,sys,162644,61,4224,1|1660|56586|53842
1791444220,proc,780,368,visualintelligenced,368
1791444220,proc,787,4768,aned,4768
1791444220,proc,811,1120,translationd,1120
1791444220,proc,851,1056,generativeexperiencesd,1056
1791444220,proc,852,3952,intelligenceflowd,3904
1791444220,proc,858,12480,intelligencecontextd,12480
1791444220,proc,1078,192,aneuserd,192
1791444220,proc,1257,20912,Ollama,20848
1791444220,proc,1284,27584,ollama,27584
1791444220,proc,1299,336,GenerativeExperiencesSafetyInferenceProvider,336
1791444220,proc,1359,9360,IntelligencePlatformComputeService,9488
1791444220,proc,10533,336,intelligencetasksd,336
1791444220,proc,11900,352,ANECompilerService,352
1791444220,proc,27908,416,intelligenceplatformd,416
1791444220,proc,65626,3311840,Python,3424896
1791444220,proc,65685,60544,node,0
1791444220,sys,162644,61,4043,1|1660|56590|53844
1791444221,proc,780,368,visualintelligenced,368
1791444221,proc,787,4768,aned,4768
1791444221,proc,811,1120,translationd,1120
1791444221,proc,851,1056,generativeexperiencesd,1056
1791444221,proc,852,3952,intelligenceflowd,3904
1791444221,proc,858,12480,intelligencecontextd,12480
1791444221,proc,1078,192,aneuserd,192
1791444221,proc,1257,20912,Ollama,20848
1791444221,proc,1284,27584,ollama,27584
1791444221,proc,1299,336,GenerativeExperiencesSafetyInferenceProvider,336
1791444221,proc,1359,9360,IntelligencePlatformComputeService,9488
1791444221,proc,10533,336,intelligencetasksd,336
1791444221,proc,11900,352,ANECompilerService,352
1791444221,proc,27908,416,intelligenceplatformd,416
1791444221,proc,65626,3311824,Python,3424896
1791444221,proc,65685,60544,node,0
1791444221,sys,162644,61,4109,1|1660|56590|53844
1791444222,proc,780,368,visualintelligenced,368
1791444222,proc,787,4768,aned,4768
1791444222,proc,811,1120,translationd,1120
1791444222,proc,851,1056,generativeexperiencesd,1056
1791444222,proc,852,3952,intelligenceflowd,3904
1791444222,proc,858,12480,intelligencecontextd,12480
1791444222,proc,1078,192,aneuserd,192
1791444222,proc,1257,20912,Ollama,20848
1791444222,proc,1284,27584,ollama,27584
1791444222,proc,1299,336,GenerativeExperiencesSafetyInferenceProvider,336
1791444222,proc,1359,9360,IntelligencePlatformComputeService,9488
1791444222,proc,10533,336,intelligencetasksd,336
1791444222,proc,11900,352,ANECompilerService,352
1791444222,proc,27908,416,intelligenceplatformd,416
1791444222,proc,65626,3312208,Python,3424896
1791444222,proc,65685,60640,node,0
1791444222,sys,162644,61,10153,1|1660|56598|53675
1791444223,proc,780,368,visualintelligenced,368
1791444223,proc,787,4768,aned,4768
1791444223,proc,811,1120,translationd,1120
1791444223,proc,851,1056,generativeexperiencesd,1056
1791444223,proc,852,3952,intelligenceflowd,3904
1791444223,proc,858,12480,intelligencecontextd,12480
1791444223,proc,1078,192,aneuserd,192
1791444223,proc,1257,20912,Ollama,20848
1791444223,proc,1284,27584,ollama,27584
1791444223,proc,1299,336,GenerativeExperiencesSafetyInferenceProvider,336
1791444223,proc,1359,9360,IntelligencePlatformComputeService,9488
1791444223,proc,10533,336,intelligencetasksd,336
1791444223,proc,11900,352,ANECompilerService,352
1791444223,proc,27908,416,intelligenceplatformd,416
1791444223,proc,65626,3312208,Python,3424896
1791444223,proc,65685,60640,node,0
1791444223,sys,162644,61,10102,1|1660|56602|53677
1791444224,proc,780,368,visualintelligenced,368
1791444224,proc,787,4768,aned,4768
1791444224,proc,811,1120,translationd,1120
1791444224,proc,851,1056,generativeexperiencesd,1056
1791444224,proc,852,3952,intelligenceflowd,3904
1791444224,proc,858,12480,intelligencecontextd,12480
1791444224,proc,1078,192,aneuserd,192
1791444224,proc,1257,20912,Ollama,20848
1791444224,proc,1284,27584,ollama,27584
1791444224,proc,1299,336,GenerativeExperiencesSafetyInferenceProvider,336
1791444224,proc,1359,9360,IntelligencePlatformComputeService,9488
1791444224,proc,10533,336,intelligencetasksd,336
1791444224,proc,11900,352,ANECompilerService,352
1791444224,proc,27908,416,intelligenceplatformd,416
1791444224,proc,65626,3312352,Python,3424896
1791444224,proc,65685,60640,node,0
1791444224,sys,162644,61,10028,1|1660|56610|53684
1791444225,proc,780,368,visualintelligenced,368
1791444225,proc,787,4768,aned,4768
1791444225,proc,811,1120,translationd,1120
1791444225,proc,851,1056,generativeexperiencesd,1056
1791444225,proc,852,3904,intelligenceflowd,3904
1791444225,proc,858,12480,intelligencecontextd,12480
1791444225,proc,1078,192,aneuserd,192
1791444225,proc,1257,20912,Ollama,20848
1791444225,proc,1284,27584,ollama,27584
1791444225,proc,1299,336,GenerativeExperiencesSafetyInferenceProvider,336
1791444225,proc,1359,9360,IntelligencePlatformComputeService,9488
1791444225,proc,10533,336,intelligencetasksd,336
1791444225,proc,11900,352,ANECompilerService,352
1791444225,proc,27908,416,intelligenceplatformd,416
1791444225,proc,65626,3312352,Python,3424896
1791444225,proc,65685,60640,node,0
1791444225,sys,162644,61,9808,1|1660|56614|53687
1791444226,proc,780,368,visualintelligenced,368
1791444226,proc,787,4768,aned,4768
1791444226,proc,811,1120,translationd,1120
1791444226,proc,851,1056,generativeexperiencesd,1056
1791444226,proc,852,3904,intelligenceflowd,3904
1791444226,proc,858,12480,intelligencecontextd,12480
1791444226,proc,1078,192,aneuserd,192
1791444226,proc,1257,20912,Ollama,20848
1791444226,proc,1284,27584,ollama,27584
1791444226,proc,1299,336,GenerativeExperiencesSafetyInferenceProvider,336
1791444226,proc,1359,9360,IntelligencePlatformComputeService,9488
1791444226,proc,10533,336,intelligencetasksd,336
1791444226,proc,11900,352,ANECompilerService,352
1791444226,proc,27908,416,intelligenceplatformd,416
1791444226,proc,65626,3312352,Python,3424896
1791444226,proc,65685,60640,node,0
1791444226,sys,162644,61,9867,1|1660|56614|53677
1791444227,proc,780,368,visualintelligenced,368
1791444227,proc,787,4768,aned,4768
1791444227,proc,811,1120,translationd,1120
1791444227,proc,851,1056,generativeexperiencesd,1056
1791444227,proc,852,3904,intelligenceflowd,3904
1791444227,proc,858,12480,intelligencecontextd,12480
1791444227,proc,1078,192,aneuserd,192
1791444227,proc,1257,20912,Ollama,20848
1791444227,proc,1284,27584,ollama,27584
1791444227,proc,1299,336,GenerativeExperiencesSafetyInferenceProvider,336
1791444227,proc,1359,9440,IntelligencePlatformComputeService,9488
1791444227,proc,10533,336,intelligencetasksd,336
1791444227,proc,11900,352,ANECompilerService,352
1791444227,proc,27908,416,intelligenceplatformd,416
1791444227,proc,65626,3312352,Python,3424896
1791444227,proc,65685,60640,node,0
1791444227,sys,162644,61,7639,1|1660|56618|53667
1791444228,proc,780,368,visualintelligenced,368
1791444228,proc,787,4768,aned,4768
1791444228,proc,811,1120,translationd,1120
1791444228,proc,851,1056,generativeexperiencesd,1056
1791444228,proc,852,3904,intelligenceflowd,3904
1791444228,proc,858,12480,intelligencecontextd,12480
1791444228,proc,1078,192,aneuserd,192
1791444228,proc,1257,20912,Ollama,20848
1791444228,proc,1284,27584,ollama,27584
1791444228,proc,1299,336,GenerativeExperiencesSafetyInferenceProvider,336
1791444228,proc,1359,9440,IntelligencePlatformComputeService,9488
1791444228,proc,10533,336,intelligencetasksd,336
1791444228,proc,11900,352,ANECompilerService,352
1791444228,proc,27908,416,intelligenceplatformd,416
1791444228,proc,65626,3312352,Python,3424896
1791444228,proc,65685,60640,node,0
1791444228,sys,162644,61,7654,1|1660|56618|53667
1791444229,proc,780,368,visualintelligenced,368
1791444229,proc,787,4768,aned,4768
1791444229,proc,811,1120,translationd,1120
1791444229,proc,851,1056,generativeexperiencesd,1056
1791444229,proc,852,3904,intelligenceflowd,3904
1791444229,proc,858,12480,intelligencecontextd,12480
1791444229,proc,1078,192,aneuserd,192
1791444229,proc,1257,20912,Ollama,20848
1791444229,proc,1284,27584,ollama,27584
1791444229,proc,1299,336,GenerativeExperiencesSafetyInferenceProvider,336
1791444229,proc,1359,9440,IntelligencePlatformComputeService,9488
1791444229,proc,10533,336,intelligencetasksd,336
1791444229,proc,11900,352,ANECompilerService,352
1791444229,proc,27908,416,intelligenceplatformd,416
1791444229,proc,65626,3312352,Python,3424896
1791444229,proc,65685,60640,node,0
1791444229,sys,162644,61,8657,1|1660|56618|53667
1791444230,proc,780,368,visualintelligenced,368
1791444230,proc,787,4768,aned,4768
1791444230,proc,811,1120,translationd,1120
1791444230,proc,851,1056,generativeexperiencesd,1056
1791444230,proc,852,3904,intelligenceflowd,3904
1791444230,proc,858,12480,intelligencecontextd,12480
1791444230,proc,1078,192,aneuserd,192
1791444230,proc,1257,20912,Ollama,20848
1791444230,proc,1284,27584,ollama,27584
1791444230,proc,1299,336,GenerativeExperiencesSafetyInferenceProvider,336
1791444230,proc,1359,9440,IntelligencePlatformComputeService,9488
1791444230,proc,10533,336,intelligencetasksd,336
1791444230,proc,11900,352,ANECompilerService,352
1791444230,proc,27908,416,intelligenceplatformd,416
1791444230,proc,65626,3311888,Python,3424896
1791444230,proc,65685,60736,node,0
1791444230,sys,162644,58,7949,1|1660|56634|53673
1791444231,proc,780,368,visualintelligenced,368
1791444231,proc,787,4768,aned,4768
1791444231,proc,811,1120,translationd,1120
1791444231,proc,851,1056,generativeexperiencesd,1056
1791444231,proc,852,3904,intelligenceflowd,3904
1791444231,proc,858,12480,intelligencecontextd,12480
1791444231,proc,1078,192,aneuserd,192
1791444231,proc,1257,20912,Ollama,20848
1791444231,proc,1284,27584,ollama,27584
1791444231,proc,1299,336,GenerativeExperiencesSafetyInferenceProvider,336
1791444231,proc,1359,9472,IntelligencePlatformComputeService,9488
1791444231,proc,10533,336,intelligencetasksd,336
1791444231,proc,11900,352,ANECompilerService,352
1791444231,proc,27908,416,intelligenceplatformd,416
1791444231,proc,65626,3311888,Python,3424896
1791444231,proc,65685,60736,node,0
1791444231,sys,162644,58,7832,1|1660|56638|53673
1791444233,proc,780,368,visualintelligenced,368
1791444233,proc,787,4768,aned,4768
1791444233,proc,811,1120,translationd,1120
1791444233,proc,851,1056,generativeexperiencesd,1056
1791444233,proc,852,3904,intelligenceflowd,3904
1791444233,proc,858,12480,intelligencecontextd,12480
1791444233,proc,1078,192,aneuserd,192
1791444233,proc,1257,20912,Ollama,20848
1791444233,proc,1284,27584,ollama,27584
1791444233,proc,1299,336,GenerativeExperiencesSafetyInferenceProvider,336
1791444233,proc,1359,9472,IntelligencePlatformComputeService,9488
1791444233,proc,10533,336,intelligencetasksd,336
1791444233,proc,11900,352,ANECompilerService,352
1791444233,proc,27908,416,intelligenceplatformd,416
1791444233,proc,65626,3311888,Python,3424896
1791444233,proc,65685,60736,node,0
1791444233,sys,162644,58,7424,1|1660|56642|53677
1791444234,proc,780,368,visualintelligenced,368
1791444234,proc,787,4768,aned,4768
1791444234,proc,811,1120,translationd,1120
1791444234,proc,851,1056,generativeexperiencesd,1056
1791444234,proc,852,3904,intelligenceflowd,3904
1791444234,proc,858,12480,intelligencecontextd,12480
1791444234,proc,1078,192,aneuserd,192
1791444234,proc,1257,20912,Ollama,20848
1791444234,proc,1284,27584,ollama,27584
1791444234,proc,1299,336,GenerativeExperiencesSafetyInferenceProvider,336
1791444234,proc,1359,9472,IntelligencePlatformComputeService,9488
1791444234,proc,10533,336,intelligencetasksd,336
1791444234,proc,11900,352,ANECompilerService,352
1791444234,proc,27908,416,intelligenceplatformd,416
1791444234,proc,65626,3311888,Python,3424896
1791444234,proc,65685,60736,node,0
1791444234,sys,162644,58,7285,1|1660|56642|53669
1791444235,proc,780,368,visualintelligenced,368
1791444235,proc,787,4768,aned,4768
1791444235,proc,811,1120,translationd,1120
1791444235,proc,851,1056,generativeexperiencesd,1056
1791444235,proc,852,3904,intelligenceflowd,3904
1791444235,proc,858,12480,intelligencecontextd,12480
1791444235,proc,1078,192,aneuserd,192
1791444235,proc,1257,20912,Ollama,20848
1791444235,proc,1284,27584,ollama,27584
1791444235,proc,1299,336,GenerativeExperiencesSafetyInferenceProvider,336
1791444235,proc,1359,9536,IntelligencePlatformComputeService,9488
1791444235,proc,10533,336,intelligencetasksd,336
1791444235,proc,11900,352,ANECompilerService,352
1791444235,proc,27908,416,intelligenceplatformd,416
1791444235,proc,65626,3312000,Python,3424896
1791444235,proc,65685,60736,node,0
1791444235,sys,162644,58,5979,1|1660|56646|53651
1791444236,proc,780,368,visualintelligenced,368
1791444236,proc,787,4768,aned,4768
1791444236,proc,811,1120,translationd,1120
1791444236,proc,851,1056,generativeexperiencesd,1056
1791444236,proc,852,3904,intelligenceflowd,3904
1791444236,proc,858,12480,intelligencecontextd,12480
1791444236,proc,1078,192,aneuserd,192
1791444236,proc,1257,20912,Ollama,20848
1791444236,proc,1284,27584,ollama,27584
1791444236,proc,1299,336,GenerativeExperiencesSafetyInferenceProvider,336
1791444236,proc,1359,9536,IntelligencePlatformComputeService,9488
1791444236,proc,10533,336,intelligencetasksd,336
1791444236,proc,11900,352,ANECompilerService,352
1791444236,proc,27908,416,intelligenceplatformd,416
1791444236,proc,65626,3312000,Python,3424896
1791444236,proc,65685,60736,node,0
1791444236,sys,162644,61,6003,1|1660|56646|53647
1791444237,proc,780,368,visualintelligenced,368
1791444237,proc,787,4768,aned,4768
1791444237,proc,811,1120,translationd,1120
1791444237,proc,851,1056,generativeexperiencesd,1056
1791444237,proc,852,3904,intelligenceflowd,3904
1791444237,proc,858,12480,intelligencecontextd,12480
1791444237,proc,1078,192,aneuserd,192
1791444237,proc,1257,20912,Ollama,20848
1791444237,proc,1284,27584,ollama,27584
1791444237,proc,1299,336,GenerativeExperiencesSafetyInferenceProvider,336
1791444237,proc,1359,9536,IntelligencePlatformComputeService,9488
1791444237,proc,10533,336,intelligencetasksd,336
1791444237,proc,11900,352,ANECompilerService,352
1791444237,proc,27908,416,intelligenceplatformd,416
1791444237,proc,65626,3312000,Python,3424896
1791444237,proc,65685,60736,node,0
1791444237,sys,162644,61,6347,1|1660|56650|53650
1791444238,proc,780,368,visualintelligenced,368
1791444238,proc,787,4768,aned,4768
1791444238,proc,811,1120,translationd,1120
1791444238,proc,851,1056,generativeexperiencesd,1056
1791444238,proc,852,3904,intelligenceflowd,3904
1791444238,proc,858,12480,intelligencecontextd,12480
1791444238,proc,1078,192,aneuserd,192
1791444238,proc,1257,20912,Ollama,20848
1791444238,proc,1284,27584,ollama,27584
1791444238,proc,1299,336,GenerativeExperiencesSafetyInferenceProvider,336
1791444238,proc,1359,9536,IntelligencePlatformComputeService,9488
1791444238,proc,10533,336,intelligencetasksd,336
1791444238,proc,11900,352,ANECompilerService,352
1791444238,proc,27908,416,intelligenceplatformd,416
1791444238,proc,65626,3312000,Python,3424896
1791444238,proc,65685,60736,node,0
1791444238,sys,162644,61,5850,1|1660|56650|53643
1791444239,proc,780,368,visualintelligenced,368
1791444239,proc,787,4768,aned,4768
1791444239,proc,811,1120,translationd,1120
1791444239,proc,851,1056,generativeexperiencesd,1056
1791444239,proc,852,3904,intelligenceflowd,3904
1791444239,proc,858,12480,intelligencecontextd,12480
1791444239,proc,1078,192,aneuserd,192
1791444239,proc,1257,20912,Ollama,20848
1791444239,proc,1284,27584,ollama,27584
1791444239,proc,1299,336,GenerativeExperiencesSafetyInferenceProvider,336
1791444239,proc,1359,9536,IntelligencePlatformComputeService,9488
1791444239,proc,10533,336,intelligencetasksd,336
1791444239,proc,11900,352,ANECompilerService,352
1791444239,proc,27908,416,intelligenceplatformd,416
1791444239,proc,65626,3312416,Python,3424896
1791444239,proc,65685,60736,node,0
1791444239,sys,162644,61,5927,1|1660|56654|53604
1791444240,proc,780,368,visualintelligenced,368
1791444240,proc,787,4768,aned,4768
1791444240,proc,811,1120,translationd,1120
1791444240,proc,851,1056,generativeexperiencesd,1056
1791444240,proc,852,3904,intelligenceflowd,3904
1791444240,proc,858,12480,intelligencecontextd,12480
1791444240,proc,1078,192,aneuserd,192
1791444240,proc,1257,20912,Ollama,20848
1791444240,proc,1284,27584,ollama,27584
1791444240,proc,1299,336,GenerativeExperiencesSafetyInferenceProvider,336
1791444240,proc,1359,9536,IntelligencePlatformComputeService,9488
1791444240,proc,10533,336,intelligencetasksd,336
1791444240,proc,11900,352,ANECompilerService,352
1791444240,proc,27908,416,intelligenceplatformd,416
1791444240,proc,65626,3311904,Python,3424896
1791444240,proc,65685,60864,node,0
1791444240,sys,162644,61,8600,1|1660|56654|53576
1791444241,proc,780,368,visualintelligenced,368
1791444241,proc,787,4768,aned,4768
1791444241,proc,811,1120,translationd,1120
1791444241,proc,851,1056,generativeexperiencesd,1056
1791444241,proc,852,3904,intelligenceflowd,3904
1791444241,proc,858,12480,intelligencecontextd,12480
1791444241,proc,1078,192,aneuserd,192
1791444241,proc,1257,20912,Ollama,20848
1791444241,proc,1284,27584,ollama,27584
1791444241,proc,1299,336,GenerativeExperiencesSafetyInferenceProvider,336
1791444241,proc,1359,9568,IntelligencePlatformComputeService,9488
1791444241,proc,10533,336,intelligencetasksd,336
1791444241,proc,11900,352,ANECompilerService,352
1791444241,proc,27908,416,intelligenceplatformd,416
1791444241,proc,65626,3311904,Python,3424896
1791444241,proc,65685,60864,node,0
1791444241,sys,162644,60,7434,1|1660|56658|53569
1791444242,proc,780,368,visualintelligenced,368
1791444242,proc,787,4768,aned,4768
1791444242,proc,811,1120,translationd,1120
1791444242,proc,851,1056,generativeexperiencesd,1056
1791444242,proc,852,3904,intelligenceflowd,3904
1791444242,proc,858,12480,intelligencecontextd,12480
1791444242,proc,1078,192,aneuserd,192
1791444242,proc,1257,20912,Ollama,20848
1791444242,proc,1284,27584,ollama,27584
1791444242,proc,1299,336,GenerativeExperiencesSafetyInferenceProvider,336
1791444242,proc,1359,9568,IntelligencePlatformComputeService,9488
1791444242,proc,10533,336,intelligencetasksd,336
1791444242,proc,11900,352,ANECompilerService,352
1791444242,proc,27908,416,intelligenceplatformd,416
1791444242,proc,65626,3311904,Python,3424896
1791444242,proc,65685,60864,node,0
1791444242,sys,162644,60,8928,1|1660|56662|53565
1791444243,proc,780,368,visualintelligenced,368
1791444243,proc,787,4768,aned,4768
1791444243,proc,811,1120,translationd,1120
1791444243,proc,851,1056,generativeexperiencesd,1056
1791444243,proc,852,3904,intelligenceflowd,3904
1791444243,proc,858,12480,intelligencecontextd,12480
1791444243,proc,1078,192,aneuserd,192
1791444243,proc,1257,20912,Ollama,20848
1791444243,proc,1284,27584,ollama,27584
1791444243,proc,1299,336,GenerativeExperiencesSafetyInferenceProvider,336
1791444243,proc,1359,9568,IntelligencePlatformComputeService,9488
1791444243,proc,10533,336,intelligencetasksd,336
1791444243,proc,11900,352,ANECompilerService,352
1791444243,proc,27908,416,intelligenceplatformd,416
1791444243,proc,65626,3311904,Python,3424896
1791444243,proc,65685,60864,node,0
1791444243,sys,162644,60,10327,1|1660|56662|53559
1791444244,proc,780,368,visualintelligenced,368
1791444244,proc,787,4768,aned,4768
1791444244,proc,811,1120,translationd,1120
1791444244,proc,851,1056,generativeexperiencesd,1056
1791444244,proc,852,3904,intelligenceflowd,3904
1791444244,proc,858,12480,intelligencecontextd,12480
1791444244,proc,1078,192,aneuserd,192
1791444244,proc,1257,20912,Ollama,20848
1791444244,proc,1284,27584,ollama,27584
1791444244,proc,1299,336,GenerativeExperiencesSafetyInferenceProvider,336
1791444244,proc,1359,9568,IntelligencePlatformComputeService,9488
1791444244,proc,10533,336,intelligencetasksd,336
1791444244,proc,11900,352,ANECompilerService,352
1791444244,proc,27908,416,intelligenceplatformd,416
1791444244,proc,65626,3311920,Python,3424896
1791444244,proc,65685,60864,node,0
1791444244,sys,162644,60,7572,1|1660|56662|53556
1791444245,proc,780,368,visualintelligenced,368
1791444245,proc,787,4768,aned,4768
1791444245,proc,811,1120,translationd,1120
1791444245,proc,851,1056,generativeexperiencesd,1056
1791444245,proc,852,3904,intelligenceflowd,3904
1791444245,proc,858,12480,intelligencecontextd,12480
1791444245,proc,1078,192,aneuserd,192
1791444245,proc,1257,20912,Ollama,20848
1791444245,proc,1284,27584,ollama,27584
1791444245,proc,1299,336,GenerativeExperiencesSafetyInferenceProvider,336
1791444245,proc,1359,9568,IntelligencePlatformComputeService,9488
1791444245,proc,10533,336,intelligencetasksd,336
1791444245,proc,11900,352,ANECompilerService,352
1791444245,proc,27908,416,intelligenceplatformd,416
1791444245,proc,65626,3311920,Python,3424896
1791444245,proc,65685,60864,node,0
1791444245,sys,162644,60,7565,1|1660|56662|53544
1791444246,proc,780,368,visualintelligenced,368
1791444246,proc,787,4768,aned,4768
1791444246,proc,811,1120,translationd,1120
1791444246,proc,851,1056,generativeexperiencesd,1056
1791444246,proc,852,3904,intelligenceflowd,3904
1791444246,proc,858,12480,intelligencecontextd,12480
1791444246,proc,1078,192,aneuserd,192
1791444246,proc,1257,20912,Ollama,20848
1791444246,proc,1284,27584,ollama,27584
1791444246,proc,1299,336,GenerativeExperiencesSafetyInferenceProvider,336
1791444246,proc,1359,9568,IntelligencePlatformComputeService,9488
1791444246,proc,10533,336,intelligencetasksd,336
1791444246,proc,11900,352,ANECompilerService,352
1791444246,proc,27908,416,intelligenceplatformd,416
1791444246,proc,65626,3311952,Python,3424896
1791444246,proc,65685,60864,node,0
1791444246,sys,162644,59,5430,1|1660|56702|53236
1791444247,proc,780,368,visualintelligenced,368
1791444247,proc,787,4768,aned,4768
1791444247,proc,811,1120,translationd,1120
1791444247,proc,851,1056,generativeexperiencesd,1056
1791444247,proc,852,3904,intelligenceflowd,3904
1791444247,proc,858,12480,intelligencecontextd,12480
1791444247,proc,1078,192,aneuserd,192
1791444247,proc,1257,20912,Ollama,20848
1791444247,proc,1284,27584,ollama,27584
1791444247,proc,1299,336,GenerativeExperiencesSafetyInferenceProvider,336
1791444247,proc,1359,9568,IntelligencePlatformComputeService,9488
1791444247,proc,10533,336,intelligencetasksd,336
1791444247,proc,11900,352,ANECompilerService,352
1791444247,proc,27908,416,intelligenceplatformd,416
1791444247,proc,65626,3312336,Python,3424896
1791444247,proc,65685,60864,node,0
1791444247,sys,162644,59,5776,1|1660|56706|53217
1791444249,proc,780,368,visualintelligenced,368
1791444249,proc,787,4768,aned,4768
1791444249,proc,811,1120,translationd,1120
1791444249,proc,851,1056,generativeexperiencesd,1056
1791444249,proc,852,3904,intelligenceflowd,3904
1791444249,proc,858,12480,intelligencecontextd,12480
1791444249,proc,1078,192,aneuserd,192
1791444249,proc,1257,20912,Ollama,20848
1791444249,proc,1284,27584,ollama,27584
1791444249,proc,1299,336,GenerativeExperiencesSafetyInferenceProvider,336
1791444249,proc,1359,9568,IntelligencePlatformComputeService,9488
1791444249,proc,10533,336,intelligencetasksd,336
1791444249,proc,11900,352,ANECompilerService,352
1791444249,proc,27908,416,intelligenceplatformd,416
1791444249,proc,65626,3312464,Python,3424896
1791444249,proc,65685,60864,node,0
1791444249,sys,162644,59,4071,1|1660|56786|53062
1791444250,proc,780,368,visualintelligenced,368
1791444250,proc,787,4768,aned,4768
1791444250,proc,811,1120,translationd,1120
1791444250,proc,851,1056,generativeexperiencesd,1056
1791444250,proc,852,3904,intelligenceflowd,3904
1791444250,proc,858,12480,intelligencecontextd,12480
1791444250,proc,1078,192,aneuserd,192
1791444250,proc,1257,20912,Ollama,20848
1791444250,proc,1284,27584,ollama,27584
1791444250,proc,1299,336,GenerativeExperiencesSafetyInferenceProvider,336
1791444250,proc,1359,9568,IntelligencePlatformComputeService,9488
1791444250,proc,10533,336,intelligencetasksd,336
1791444250,proc,11900,352,ANECompilerService,352
1791444250,proc,27908,416,intelligenceplatformd,416
1791444250,proc,65626,3312096,Python,3424896
1791444250,proc,65685,60976,node,0
1791444250,sys,162644,59,9227,1|1660|56786|52999
1791444251,proc,780,368,visualintelligenced,368
1791444251,proc,787,4768,aned,4768
1791444251,proc,811,1120,translationd,1120
1791444251,proc,851,1056,generativeexperiencesd,1056
1791444251,proc,852,3904,intelligenceflowd,3904
1791444251,proc,858,12480,intelligencecontextd,12480
1791444251,proc,1078,192,aneuserd,192
1791444251,proc,1257,20912,Ollama,20848
1791444251,proc,1284,27584,ollama,27584
1791444251,proc,1299,336,GenerativeExperiencesSafetyInferenceProvider,336
1791444251,proc,1359,9568,IntelligencePlatformComputeService,9488
1791444251,proc,10533,336,intelligencetasksd,336
1791444251,proc,11900,352,ANECompilerService,352
1791444251,proc,27908,416,intelligenceplatformd,416
1791444251,proc,65626,3312096,Python,3424896
1791444251,proc,65685,60976,node,0
1791444251,sys,162644,59,9115,1|1660|56790|52961
1791444252,proc,738,227264,Google Chrome,199648
1791444252,proc,780,368,visualintelligenced,368
1791444252,proc,787,4768,aned,4768
1791444252,proc,811,1120,translationd,1120
1791444252,proc,851,1056,generativeexperiencesd,1056
1791444252,proc,852,3904,intelligenceflowd,3904
1791444252,proc,858,12480,intelligencecontextd,12480
1791444252,proc,1078,192,aneuserd,192
1791444252,proc,1257,20912,Ollama,20848
1791444252,proc,1284,27584,ollama,27584
1791444252,proc,1299,336,GenerativeExperiencesSafetyInferenceProvider,336
1791444252,proc,1359,9376,IntelligencePlatformComputeService,9488
1791444252,proc,10533,336,intelligencetasksd,336
1791444252,proc,11900,352,ANECompilerService,352
1791444252,proc,27908,416,intelligenceplatformd,416
1791444252,proc,65626,3312096,Python,3424896
1791444252,proc,65685,60976,node,0
1791444252,sys,162644,60,9482,1|1660|56790|52897
1791444253,proc,738,239632,Google Chrome,199648
1791444253,proc,780,368,visualintelligenced,368
1791444253,proc,787,4768,aned,4768
1791444253,proc,811,1120,translationd,1120
1791444253,proc,851,1056,generativeexperiencesd,1056
1791444253,proc,852,3904,intelligenceflowd,3904
1791444253,proc,858,12480,intelligencecontextd,12480
1791444253,proc,1078,192,aneuserd,192
1791444253,proc,1257,20912,Ollama,20848
1791444253,proc,1284,27584,ollama,27584
1791444253,proc,1299,336,GenerativeExperiencesSafetyInferenceProvider,336
1791444253,proc,1359,9376,IntelligencePlatformComputeService,9488
1791444253,proc,10533,336,intelligencetasksd,336
1791444253,proc,11900,352,ANECompilerService,352
1791444253,proc,27908,416,intelligenceplatformd,416
1791444253,proc,38371,443264,Google Chrome Helper (Renderer),272624
1791444253,proc,65626,3312096,Python,3424896
1791444253,proc,65685,60976,node,0
1791444253,sys,162644,60,4328,1|1628|58986|51178
1791444254,proc,738,239840,Google Chrome,199648
1791444254,proc,780,368,visualintelligenced,368
1791444254,proc,787,4768,aned,4768
1791444254,proc,811,1120,translationd,1120
1791444254,proc,851,1056,generativeexperiencesd,1056
1791444254,proc,852,3904,intelligenceflowd,3904
1791444254,proc,858,12480,intelligencecontextd,12480
1791444254,proc,1078,192,aneuserd,192
1791444254,proc,1257,20816,Ollama,20848
1791444254,proc,1284,27584,ollama,27584
1791444254,proc,1299,336,GenerativeExperiencesSafetyInferenceProvider,336
1791444254,proc,1359,9376,IntelligencePlatformComputeService,9488
1791444254,proc,10533,336,intelligencetasksd,336
1791444254,proc,11900,352,ANECompilerService,352
1791444254,proc,27908,416,intelligenceplatformd,416
1791444254,proc,38371,419264,Google Chrome Helper (Renderer),272624
1791444254,proc,65626,3312096,Python,3424896
1791444254,proc,65685,60976,node,0
1791444254,sys,162644,60,4729,1|1620|59038|51167
1791444255,proc,738,239856,Google Chrome,199648
1791444255,proc,780,368,visualintelligenced,368
1791444255,proc,787,4768,aned,4768
1791444255,proc,811,1120,translationd,1120
1791444255,proc,851,1056,generativeexperiencesd,1056
1791444255,proc,852,3904,intelligenceflowd,3904
1791444255,proc,858,12480,intelligencecontextd,12480
1791444255,proc,1078,192,aneuserd,192
1791444255,proc,1257,20816,Ollama,20848
1791444255,proc,1284,27584,ollama,27584
1791444255,proc,1299,336,GenerativeExperiencesSafetyInferenceProvider,336
1791444255,proc,1359,9376,IntelligencePlatformComputeService,9488
1791444255,proc,10533,336,intelligencetasksd,336
1791444255,proc,11900,352,ANECompilerService,352
1791444255,proc,27908,416,intelligenceplatformd,416
1791444255,proc,38371,419056,Google Chrome Helper (Renderer),272624
1791444255,proc,65626,3312096,Python,3424896
1791444255,proc,65685,60976,node,0
1791444255,sys,162644,60,5920,1|1620|59038|51163
1791444256,proc,738,239856,Google Chrome,199648
1791444256,proc,780,368,visualintelligenced,368
1791444256,proc,787,4768,aned,4768
1791444256,proc,811,1120,translationd,1120
1791444256,proc,851,1056,generativeexperiencesd,1056
1791444256,proc,852,3904,intelligenceflowd,3904
1791444256,proc,858,12480,intelligencecontextd,12480
1791444256,proc,1078,192,aneuserd,192
1791444256,proc,1257,20816,Ollama,20848
1791444256,proc,1284,27584,ollama,27584
1791444256,proc,1299,336,GenerativeExperiencesSafetyInferenceProvider,336
1791444256,proc,1359,9376,IntelligencePlatformComputeService,9488
1791444256,proc,10533,336,intelligencetasksd,336
1791444256,proc,11900,352,ANECompilerService,352
1791444256,proc,27908,416,intelligenceplatformd,416
1791444256,proc,38371,419088,Google Chrome Helper (Renderer),272624
1791444256,proc,65626,3312384,Python,3424896
1791444256,proc,65685,60976,node,0
1791444256,sys,162644,60,7965,1|1620|59038|51162
1791444257,proc,738,239872,Google Chrome,199648
1791444257,proc,780,368,visualintelligenced,368
1791444257,proc,787,4768,aned,4768
1791444257,proc,811,1120,translationd,1120
1791444257,proc,851,1056,generativeexperiencesd,1056
1791444257,proc,852,3904,intelligenceflowd,3904
1791444257,proc,858,12480,intelligencecontextd,12480
1791444257,proc,1078,192,aneuserd,192
1791444257,proc,1257,20816,Ollama,20848
1791444257,proc,1284,27584,ollama,27584
1791444257,proc,1299,336,GenerativeExperiencesSafetyInferenceProvider,336
1791444257,proc,1359,9376,IntelligencePlatformComputeService,9488
1791444257,proc,10533,336,intelligencetasksd,336
1791444257,proc,11900,352,ANECompilerService,352
1791444257,proc,27908,416,intelligenceplatformd,416
1791444257,proc,38371,419088,Google Chrome Helper (Renderer),272624
1791444257,proc,65626,3312496,Python,3424896
1791444257,proc,65685,60976,node,0
1791444257,sys,162644,62,9004,1|1620|59042|51165
1791444258,proc,738,239712,Google Chrome,199648
1791444258,proc,780,368,visualintelligenced,368
1791444258,proc,787,4768,aned,4768
1791444258,proc,811,1120,translationd,1120
1791444258,proc,851,1056,generativeexperiencesd,1056
1791444258,proc,852,3904,intelligenceflowd,3904
1791444258,proc,858,12480,intelligencecontextd,12480
1791444258,proc,1078,192,aneuserd,192
1791444258,proc,1257,20816,Ollama,20848
1791444258,proc,1284,27584,ollama,27584
1791444258,proc,1299,336,GenerativeExperiencesSafetyInferenceProvider,336
1791444258,proc,1359,9376,IntelligencePlatformComputeService,9488
1791444258,proc,10533,336,intelligencetasksd,336
1791444258,proc,11900,352,ANECompilerService,352
1791444258,proc,27908,416,intelligenceplatformd,416
1791444258,proc,38371,419088,Google Chrome Helper (Renderer),272624
1791444258,proc,65626,3312496,Python,3424896
1791444258,proc,65685,60976,node,0
1791444258,sys,162644,62,9293,1|1620|59042|51163
1791444259,proc,738,239712,Google Chrome,199648
1791444259,proc,780,368,visualintelligenced,368
1791444259,proc,787,4768,aned,4768
1791444259,proc,811,1120,translationd,1120
1791444259,proc,851,1056,generativeexperiencesd,1056
1791444259,proc,852,3904,intelligenceflowd,3904
1791444259,proc,858,12480,intelligencecontextd,12480
1791444259,proc,1078,192,aneuserd,192
1791444259,proc,1257,20816,Ollama,20848
1791444259,proc,1284,27584,ollama,27584
1791444259,proc,1299,336,GenerativeExperiencesSafetyInferenceProvider,336
1791444259,proc,1359,9376,IntelligencePlatformComputeService,9488
1791444259,proc,10533,336,intelligencetasksd,336
1791444259,proc,11900,352,ANECompilerService,352
1791444259,proc,27908,416,intelligenceplatformd,416
1791444259,proc,38371,419072,Google Chrome Helper (Renderer),272624
1791444259,proc,65626,3312048,Python,3424896
1791444259,proc,65685,61072,node,0
1791444259,sys,162644,62,11489,1|1620|59106|51204
1791444260,proc,738,239712,Google Chrome,199648
1791444260,proc,780,368,visualintelligenced,368
1791444260,proc,787,4768,aned,4768
1791444260,proc,811,1120,translationd,1120
1791444260,proc,851,1056,generativeexperiencesd,1056
1791444260,proc,852,3904,intelligenceflowd,3904
1791444260,proc,858,12480,intelligencecontextd,12480
1791444260,proc,1078,192,aneuserd,192
1791444260,proc,1257,20816,Ollama,20848
1791444260,proc,1284,27584,ollama,27584
1791444260,proc,1299,336,GenerativeExperiencesSafetyInferenceProvider,336
1791444260,proc,1359,9376,IntelligencePlatformComputeService,9488
1791444260,proc,10533,336,intelligencetasksd,336
1791444260,proc,11900,352,ANECompilerService,352
1791444260,proc,27908,416,intelligenceplatformd,416
1791444260,proc,38371,419072,Google Chrome Helper (Renderer),272624
1791444260,proc,65626,3312048,Python,3424896
1791444260,proc,65685,61072,node,0
1791444260,sys,162644,62,11804,1|1620|59145|51177
1791444261,proc,738,240464,Google Chrome,199648
1791444261,proc,780,368,visualintelligenced,368
1791444261,proc,787,4768,aned,4768
1791444261,proc,811,1120,translationd,1120
1791444261,proc,851,1056,generativeexperiencesd,1056
1791444261,proc,852,3904,intelligenceflowd,3904
1791444261,proc,858,12480,intelligencecontextd,12480
1791444261,proc,1078,192,aneuserd,192
1791444261,proc,1257,20816,Ollama,20848
1791444261,proc,1284,27584,ollama,27584
1791444261,proc,1299,336,GenerativeExperiencesSafetyInferenceProvider,336
1791444261,proc,1359,9376,IntelligencePlatformComputeService,9488
1791444261,proc,10533,336,intelligencetasksd,336
1791444261,proc,11900,352,ANECompilerService,352
1791444261,proc,27908,416,intelligenceplatformd,416
1791444261,proc,38371,393008,Google Chrome Helper (Renderer),272624
1791444261,proc,65626,3312048,Python,3424896
1791444261,proc,65685,61072,node,0
1791444261,sys,162644,62,10758,1|1620|59153|51164
1791444262,proc,738,240560,Google Chrome,199648
1791444262,proc,780,368,visualintelligenced,368
1791444262,proc,787,4768,aned,4768
1791444262,proc,811,1120,translationd,1120
1791444262,proc,851,1056,generativeexperiencesd,1056
1791444262,proc,852,3904,intelligenceflowd,3904
1791444262,proc,858,12560,intelligencecontextd,12480
1791444262,proc,1078,192,aneuserd,192
1791444262,proc,1257,20816,Ollama,20848
1791444262,proc,1284,27584,ollama,27584
1791444262,proc,1299,336,GenerativeExperiencesSafetyInferenceProvider,336
1791444262,proc,1359,9376,IntelligencePlatformComputeService,9488
1791444262,proc,10533,336,intelligencetasksd,336
1791444262,proc,11900,352,ANECompilerService,352
1791444262,proc,27908,416,intelligenceplatformd,416
1791444262,proc,38371,395632,Google Chrome Helper (Renderer),272624
1791444262,proc,65626,3312048,Python,3424896
1791444262,proc,65685,61072,node,0
1791444262,sys,162644,60,6130,1|1620|59357|51048
1791444263,proc,738,241088,Google Chrome,199648
1791444263,proc,780,368,visualintelligenced,368
1791444263,proc,787,4768,aned,4768
1791444263,proc,811,1120,translationd,1120
1791444263,proc,851,1056,generativeexperiencesd,1056
1791444263,proc,852,3904,intelligenceflowd,3904
1791444263,proc,858,12560,intelligencecontextd,12480
1791444263,proc,1078,192,aneuserd,192
1791444263,proc,1257,20816,Ollama,20848
1791444263,proc,1284,27584,ollama,27584
1791444263,proc,1299,336,GenerativeExperiencesSafetyInferenceProvider,336
1791444263,proc,1359,9376,IntelligencePlatformComputeService,9488
1791444263,proc,10533,336,intelligencetasksd,336
1791444263,proc,11900,352,ANECompilerService,352
1791444263,proc,27908,416,intelligenceplatformd,416
1791444263,proc,38371,396016,Google Chrome Helper (Renderer),272624
1791444263,proc,65626,3312048,Python,3424896
1791444263,proc,65685,61072,node,0
1791444263,sys,162644,60,5183,1|1620|59361|51028
1791444265,proc,738,243728,Google Chrome,199648
1791444265,proc,780,368,visualintelligenced,368
1791444265,proc,787,4768,aned,4768
1791444265,proc,811,1120,translationd,1120
1791444265,proc,851,1056,generativeexperiencesd,1056
1791444265,proc,852,3904,intelligenceflowd,3904
1791444265,proc,858,12560,intelligencecontextd,12480
1791444265,proc,1078,192,aneuserd,192
1791444265,proc,1257,20816,Ollama,20848
1791444265,proc,1284,27584,ollama,27584
1791444265,proc,1299,336,GenerativeExperiencesSafetyInferenceProvider,336
1791444265,proc,1359,9376,IntelligencePlatformComputeService,9488
1791444265,proc,10533,336,intelligencetasksd,336
1791444265,proc,11900,352,ANECompilerService,352
1791444265,proc,27908,416,intelligenceplatformd,416
1791444265,proc,38371,396304,Google Chrome Helper (Renderer),272624
1791444265,proc,65626,3312048,Python,3424896
1791444265,proc,65685,61072,node,0
1791444265,sys,162644,60,5319,1|1620|59361|51006
1791444266,proc,738,245872,Google Chrome,199648
1791444266,proc,780,368,visualintelligenced,368
1791444266,proc,787,4768,aned,4768
1791444266,proc,811,1120,translationd,1120
1791444266,proc,851,1056,generativeexperiencesd,1056
1791444266,proc,852,3904,intelligenceflowd,3904
1791444266,proc,858,12560,intelligencecontextd,12480
1791444266,proc,1078,192,aneuserd,192
1791444266,proc,1257,20816,Ollama,20848
1791444266,proc,1284,27584,ollama,27584
1791444266,proc,1299,336,GenerativeExperiencesSafetyInferenceProvider,336
1791444266,proc,1359,9376,IntelligencePlatformComputeService,9488
1791444266,proc,10533,336,intelligencetasksd,336
1791444266,proc,11900,352,ANECompilerService,352
1791444266,proc,27908,416,intelligenceplatformd,416
1791444266,proc,38371,488624,Google Chrome Helper (Renderer),272624
1791444266,proc,65626,3312448,Python,3424896
1791444266,proc,65685,61072,node,0
1791444266,sys,162644,60,5757,1|1612|59637|50070
1791444267,proc,738,246336,Google Chrome,199648
1791444267,proc,780,368,visualintelligenced,368
1791444267,proc,787,4768,aned,4768
1791444267,proc,811,1120,translationd,1120
1791444267,proc,851,1056,generativeexperiencesd,1056
1791444267,proc,852,3904,intelligenceflowd,3904
1791444267,proc,858,12560,intelligencecontextd,12480
1791444267,proc,1078,192,aneuserd,192
1791444267,proc,1257,20816,Ollama,20848
1791444267,proc,1284,27584,ollama,27584
1791444267,proc,1299,336,GenerativeExperiencesSafetyInferenceProvider,336
1791444267,proc,1359,9376,IntelligencePlatformComputeService,9488
1791444267,proc,10533,336,intelligencetasksd,336
1791444267,proc,11900,352,ANECompilerService,352
1791444267,proc,27908,416,intelligenceplatformd,416
1791444267,proc,38371,489344,Google Chrome Helper (Renderer),272624
1791444267,proc,65626,3312448,Python,3424896
1791444267,proc,65685,61072,node,0
1791444267,sys,162644,60,6005,1|1612|59637|50067
1791444268,proc,738,246096,Google Chrome,199648
1791444268,proc,780,368,visualintelligenced,368
1791444268,proc,787,4768,aned,4768
1791444268,proc,811,1120,translationd,1120
1791444268,proc,851,1056,generativeexperiencesd,1056
1791444268,proc,852,3904,intelligenceflowd,3904
1791444268,proc,858,12512,intelligencecontextd,12480
1791444268,proc,1078,192,aneuserd,192
1791444268,proc,1257,20816,Ollama,20848
1791444268,proc,1284,27584,ollama,27584
1791444268,proc,1299,336,GenerativeExperiencesSafetyInferenceProvider,336
1791444268,proc,1359,9376,IntelligencePlatformComputeService,9488
1791444268,proc,10533,336,intelligencetasksd,336
1791444268,proc,11900,352,ANECompilerService,352
1791444268,proc,27908,416,intelligenceplatformd,416
1791444268,proc,38371,489456,Google Chrome Helper (Renderer),272624
1791444268,proc,65626,3312480,Python,3424896
1791444268,proc,65685,61200,node,0
1791444268,sys,162644,61,8728,1|1612|59637|50053
1791444269,proc,738,246624,Google Chrome,199648
1791444269,proc,780,368,visualintelligenced,368
1791444269,proc,787,4768,aned,4768
1791444269,proc,811,1120,translationd,1120
1791444269,proc,851,1056,generativeexperiencesd,1056
1791444269,proc,852,3904,intelligenceflowd,3904
1791444269,proc,858,12512,intelligencecontextd,12480
1791444269,proc,1078,192,aneuserd,192
1791444269,proc,1257,20816,Ollama,20848
1791444269,proc,1284,27584,ollama,27584
1791444269,proc,1299,336,GenerativeExperiencesSafetyInferenceProvider,336
1791444269,proc,1359,9376,IntelligencePlatformComputeService,9488
1791444269,proc,10533,336,intelligencetasksd,336
1791444269,proc,11900,352,ANECompilerService,352
1791444269,proc,27908,416,intelligenceplatformd,416
1791444269,proc,38371,489664,Google Chrome Helper (Renderer),272624
1791444269,proc,65626,3312048,Python,3424896
1791444269,proc,65685,61200,node,0
1791444269,sys,162644,61,8039,1|1612|59637|50042
1791444270,proc,738,246800,Google Chrome,199648
1791444270,proc,780,368,visualintelligenced,368
1791444270,proc,787,4768,aned,4768
1791444270,proc,811,1120,translationd,1120
1791444270,proc,851,1056,generativeexperiencesd,1056
1791444270,proc,852,3904,intelligenceflowd,3904
1791444270,proc,858,12512,intelligencecontextd,12480
1791444270,proc,1078,192,aneuserd,192
1791444270,proc,1257,20880,Ollama,20848
1791444270,proc,1284,27584,ollama,27584
1791444270,proc,1299,336,GenerativeExperiencesSafetyInferenceProvider,336
1791444270,proc,1359,9424,IntelligencePlatformComputeService,9488
1791444270,proc,10533,336,intelligencetasksd,336
1791444270,proc,11900,352,ANECompilerService,352
1791444270,proc,27908,416,intelligenceplatformd,416
1791444270,proc,38371,489792,Google Chrome Helper (Renderer),272624
1791444270,proc,65626,3312048,Python,3424896
1791444270,proc,65685,61200,node,0
1791444270,sys,162644,61,5325,1|1612|59737|49822
1791444271,proc,738,246672,Google Chrome,199648
1791444271,proc,780,368,visualintelligenced,368
1791444271,proc,787,4768,aned,4768
1791444271,proc,811,1120,translationd,1120
1791444271,proc,851,1056,generativeexperiencesd,1056
1791444271,proc,852,3904,intelligenceflowd,3904
1791444271,proc,858,12512,intelligencecontextd,12480
1791444271,proc,1078,192,aneuserd,192
1791444271,proc,1257,20880,Ollama,20848
1791444271,proc,1284,27584,ollama,27584
1791444271,proc,1299,336,GenerativeExperiencesSafetyInferenceProvider,336
1791444271,proc,1359,9424,IntelligencePlatformComputeService,9488
1791444271,proc,4746,559840,Claude Helper (Renderer),533568
1791444271,proc,10533,336,intelligencetasksd,336
1791444271,proc,11900,352,ANECompilerService,352
1791444271,proc,27908,416,intelligenceplatformd,416
1791444271,proc,38371,489344,Google Chrome Helper (Renderer),272624
1791444271,proc,65626,3312048,Python,3424896
1791444271,proc,65685,61200,node,0
1791444271,sys,162644,61,4343,1|1612|59833|49490
1791444272,proc,738,246688,Google Chrome,199648
1791444272,proc,780,368,visualintelligenced,368
1791444272,proc,787,4768,aned,4768
1791444272,proc,811,1120,translationd,1120
1791444272,proc,851,1056,generativeexperiencesd,1056
1791444272,proc,852,3904,intelligenceflowd,3904
1791444272,proc,858,12512,intelligencecontextd,12480
1791444272,proc,1078,192,aneuserd,192
1791444272,proc,1257,20880,Ollama,20848
1791444272,proc,1284,27584,ollama,27584
1791444272,proc,1299,336,GenerativeExperiencesSafetyInferenceProvider,336
1791444272,proc,1359,9424,IntelligencePlatformComputeService,9488
1791444272,proc,4746,561104,Claude Helper (Renderer),533568
1791444272,proc,10533,336,intelligencetasksd,336
1791444272,proc,11900,352,ANECompilerService,352
1791444272,proc,27908,416,intelligenceplatformd,416
1791444272,proc,38371,489344,Google Chrome Helper (Renderer),272624
1791444272,proc,65626,3312048,Python,3424896
1791444272,proc,65685,61200,node,0
1791444272,sys,162644,61,4228,1|1612|59837|49436
1791444273,proc,738,246688,Google Chrome,199648
1791444273,proc,780,368,visualintelligenced,368
1791444273,proc,787,4768,aned,4768
1791444273,proc,811,1120,translationd,1120
1791444273,proc,851,1056,generativeexperiencesd,1056
1791444273,proc,852,3904,intelligenceflowd,3904
1791444273,proc,858,12512,intelligencecontextd,12480
1791444273,proc,1078,192,aneuserd,192
1791444273,proc,1257,20880,Ollama,20848
1791444273,proc,1284,27584,ollama,27584
1791444273,proc,1299,336,GenerativeExperiencesSafetyInferenceProvider,336
1791444273,proc,1359,9424,IntelligencePlatformComputeService,9488
1791444273,proc,4746,561280,Claude Helper (Renderer),533568
1791444273,proc,10533,336,intelligencetasksd,336
1791444273,proc,11900,352,ANECompilerService,352
1791444273,proc,27908,416,intelligenceplatformd,416
1791444273,proc,38371,489344,Google Chrome Helper (Renderer),272624
1791444273,proc,65626,3312048,Python,3424896
1791444273,proc,65685,61200,node,0
1791444273,sys,162644,61,5068,1|1612|59837|49430
1791444274,proc,738,246352,Google Chrome,199648
1791444274,proc,780,368,visualintelligenced,368
1791444274,proc,787,4768,aned,4768
1791444274,proc,811,1120,translationd,1120
1791444274,proc,851,1056,generativeexperiencesd,1056
1791444274,proc,852,3904,intelligenceflowd,3904
1791444274,proc,858,12512,intelligencecontextd,12480
1791444274,proc,1078,192,aneuserd,192
1791444274,proc,1257,20880,Ollama,20848
1791444274,proc,1284,27584,ollama,27584
1791444274,proc,1299,336,GenerativeExperiencesSafetyInferenceProvider,336
1791444274,proc,1359,9376,IntelligencePlatformComputeService,9488
1791444274,proc,4746,561504,Claude Helper (Renderer),533568
1791444274,proc,10533,336,intelligencetasksd,336
1791444274,proc,11900,352,ANECompilerService,352
1791444274,proc,27908,416,intelligenceplatformd,416
1791444274,proc,38371,468560,Google Chrome Helper (Renderer),272624
1791444274,proc,65626,3312480,Python,3424896
1791444274,proc,65685,61200,node,0
1791444274,sys,162644,61,7731,1|1612|59837|49370
1791444275,proc,738,246304,Google Chrome,199648
1791444275,proc,780,368,visualintelligenced,368
1791444275,proc,787,4768,aned,4768
1791444275,proc,811,1120,translationd,1120
1791444275,proc,851,1056,generativeexperiencesd,1056
1791444275,proc,852,3904,intelligenceflowd,3904
1791444275,proc,858,12512,intelligencecontextd,12480
1791444275,proc,1078,192,aneuserd,192
1791444275,proc,1257,20816,Ollama,20848
1791444275,proc,1284,27584,ollama,27584
1791444275,proc,1299,336,GenerativeExperiencesSafetyInferenceProvider,336
1791444275,proc,1359,9376,IntelligencePlatformComputeService,9488
1791444275,proc,4746,562112,Claude Helper (Renderer),533568
1791444275,proc,10533,336,intelligencetasksd,336
1791444275,proc,11900,352,ANECompilerService,352
1791444275,proc,27908,416,intelligenceplatformd,416
1791444275,proc,38371,468656,Google Chrome Helper (Renderer),272624
1791444275,proc,65626,3312496,Python,3424896
1791444275,proc,65685,61200,node,0
1791444275,sys,162644,61,10787,1|1612|59845|49351
1791444276,proc,738,246352,Google Chrome,199648
1791444276,proc,780,368,visualintelligenced,368
1791444276,proc,787,4768,aned,4768
1791444276,proc,811,1120,translationd,1120
1791444276,proc,851,1056,generativeexperiencesd,1056
1791444276,proc,852,3904,intelligenceflowd,3904
1791444276,proc,858,12512,intelligencecontextd,12480
1791444276,proc,1078,192,aneuserd,192
1791444276,proc,1257,20816,Ollama,20848
1791444276,proc,1284,27584,ollama,27584
1791444276,proc,1299,336,GenerativeExperiencesSafetyInferenceProvider,336
1791444276,proc,1359,9376,IntelligencePlatformComputeService,9488
1791444276,proc,4746,561152,Claude Helper (Renderer),533568
1791444276,proc,10533,336,intelligencetasksd,336
1791444276,proc,11900,352,ANECompilerService,352
1791444276,proc,27908,416,intelligenceplatformd,416
1791444276,proc,38371,468800,Google Chrome Helper (Renderer),272624
1791444276,proc,65626,3312576,Python,3424896
1791444276,proc,65685,61200,node,0
1791444276,sys,162644,61,12415,1|1612|59853|49344
1791444277,proc,738,246400,Google Chrome,199648
1791444277,proc,780,368,visualintelligenced,368
1791444277,proc,787,4768,aned,4768
1791444277,proc,811,1120,translationd,1120
1791444277,proc,851,1056,generativeexperiencesd,1056
1791444277,proc,852,3904,intelligenceflowd,3904
1791444277,proc,858,12512,intelligencecontextd,12480
1791444277,proc,1078,192,aneuserd,192
1791444277,proc,1257,20816,Ollama,20848
1791444277,proc,1284,27584,ollama,27584
1791444277,proc,1299,336,GenerativeExperiencesSafetyInferenceProvider,336
1791444277,proc,1359,9376,IntelligencePlatformComputeService,9488
1791444277,proc,4746,561328,Claude Helper (Renderer),533568
1791444277,proc,10533,336,intelligencetasksd,336
1791444277,proc,11900,352,ANECompilerService,352
1791444277,proc,27908,416,intelligenceplatformd,416
1791444277,proc,38371,468944,Google Chrome Helper (Renderer),272624
1791444277,proc,65626,3311968,Python,3424896
1791444277,proc,65685,61376,node,0
1791444277,sys,162644,61,12136,1|1612|59853|49325
1791444278,proc,738,246576,Google Chrome,199648
1791444278,proc,780,368,visualintelligenced,368
1791444278,proc,787,4768,aned,4768
1791444278,proc,811,1120,translationd,1120
1791444278,proc,851,1056,generativeexperiencesd,1056
1791444278,proc,852,3904,intelligenceflowd,3904
1791444278,proc,858,12512,intelligencecontextd,12480
1791444278,proc,1078,192,aneuserd,192
1791444278,proc,1257,20816,Ollama,20848
1791444278,proc,1284,27584,ollama,27584
1791444278,proc,1299,336,GenerativeExperiencesSafetyInferenceProvider,336
1791444278,proc,1359,9376,IntelligencePlatformComputeService,9488
1791444278,proc,4746,561440,Claude Helper (Renderer),533568
1791444278,proc,10533,336,intelligencetasksd,336
1791444278,proc,11900,352,ANECompilerService,352
1791444278,proc,27908,416,intelligenceplatformd,416
1791444278,proc,38371,469104,Google Chrome Helper (Renderer),272624
1791444278,proc,65626,3311968,Python,3424896
1791444278,proc,65685,61376,node,0
1791444278,sys,162644,61,12091,1|1612|59853|49323
1791444280,proc,738,246560,Google Chrome,199648
1791444280,proc,780,368,visualintelligenced,368
1791444280,proc,787,4768,aned,4768
1791444280,proc,811,1120,translationd,1120
1791444280,proc,851,1056,generativeexperiencesd,1056
1791444280,proc,852,3904,intelligenceflowd,3904
1791444280,proc,858,12512,intelligencecontextd,12480
1791444280,proc,1078,192,aneuserd,192
1791444280,proc,1257,20816,Ollama,20848
1791444280,proc,1284,27584,ollama,27584
1791444280,proc,1299,336,GenerativeExperiencesSafetyInferenceProvider,336
1791444280,proc,1359,9376,IntelligencePlatformComputeService,9488
1791444280,proc,4746,564464,Claude Helper (Renderer),533568
1791444280,proc,10533,336,intelligencetasksd,336
1791444280,proc,11900,352,ANECompilerService,352
1791444280,proc,27908,416,intelligenceplatformd,416
1791444280,proc,38371,469248,Google Chrome Helper (Renderer),272624
1791444280,proc,65626,3311968,Python,3424896
1791444280,proc,65685,61376,node,0
1791444280,sys,162644,61,10717,1|1612|59873|49212
1791444281,proc,738,246736,Google Chrome,199648
1791444281,proc,780,368,visualintelligenced,368
1791444281,proc,787,4768,aned,4768
1791444281,proc,811,1120,translationd,1120
1791444281,proc,851,1056,generativeexperiencesd,1056
1791444281,proc,852,3904,intelligenceflowd,3904
1791444281,proc,858,12512,intelligencecontextd,12480
1791444281,proc,1078,192,aneuserd,192
1791444281,proc,1257,20816,Ollama,20848
1791444281,proc,1284,27584,ollama,27584
1791444281,proc,1299,336,GenerativeExperiencesSafetyInferenceProvider,336
1791444281,proc,1359,9376,IntelligencePlatformComputeService,9488
1791444281,proc,4746,564976,Claude Helper (Renderer),533568
1791444281,proc,10533,336,intelligencetasksd,336
1791444281,proc,11900,352,ANECompilerService,352
1791444281,proc,27908,416,intelligenceplatformd,416
1791444281,proc,38371,469424,Google Chrome Helper (Renderer),272624
1791444281,proc,65626,3311984,Python,3424896
1791444281,proc,65685,61376,node,0
1791444281,sys,162644,61,9058,1|1612|59901|49201
1791444282,proc,738,246736,Google Chrome,199648
1791444282,proc,780,368,visualintelligenced,368
1791444282,proc,787,4768,aned,4768
1791444282,proc,811,1120,translationd,1120
1791444282,proc,851,1056,generativeexperiencesd,1056
1791444282,proc,852,3904,intelligenceflowd,3904
1791444282,proc,858,12512,intelligencecontextd,12480
1791444282,proc,1078,192,aneuserd,192
1791444282,proc,1257,20816,Ollama,20848
1791444282,proc,1284,27584,ollama,27584
1791444282,proc,1299,336,GenerativeExperiencesSafetyInferenceProvider,336
1791444282,proc,1359,9376,IntelligencePlatformComputeService,9488
1791444282,proc,4746,565024,Claude Helper (Renderer),533568
1791444282,proc,10533,336,intelligencetasksd,336
1791444282,proc,11900,352,ANECompilerService,352
1791444282,proc,27908,416,intelligenceplatformd,416
1791444282,proc,38371,469600,Google Chrome Helper (Renderer),272624
1791444282,proc,65626,3311984,Python,3424896
1791444282,proc,65685,61376,node,0
1791444282,sys,162644,61,9563,1|1612|59901|49187
1791444283,proc,738,246640,Google Chrome,199648
1791444283,proc,780,368,visualintelligenced,368
1791444283,proc,787,4768,aned,4768
1791444283,proc,811,1120,translationd,1120
1791444283,proc,851,1056,generativeexperiencesd,1056
1791444283,proc,852,3904,intelligenceflowd,3904
1791444283,proc,858,12512,intelligencecontextd,12480
1791444283,proc,1078,192,aneuserd,192
1791444283,proc,1257,20816,Ollama,20848
1791444283,proc,1284,27584,ollama,27584
1791444283,proc,1299,336,GenerativeExperiencesSafetyInferenceProvider,336
1791444283,proc,1359,9376,IntelligencePlatformComputeService,9488
1791444283,proc,4746,565088,Claude Helper (Renderer),533568
1791444283,proc,10533,336,intelligencetasksd,336
1791444283,proc,11900,352,ANECompilerService,352
1791444283,proc,27908,416,intelligenceplatformd,416
1791444283,proc,38371,469744,Google Chrome Helper (Renderer),272624
1791444283,proc,65626,3312448,Python,3424896
1791444283,proc,65685,61376,node,0
1791444283,sys,162644,61,11183,1|1612|59901|49183
1791444284,proc,738,246640,Google Chrome,199648
1791444284,proc,780,368,visualintelligenced,368
1791444284,proc,787,4768,aned,4768
1791444284,proc,811,1120,translationd,1120
1791444284,proc,851,1056,generativeexperiencesd,1056
1791444284,proc,852,3952,intelligenceflowd,3904
1791444284,proc,858,12512,intelligencecontextd,12480
1791444284,proc,1078,192,aneuserd,192
1791444284,proc,1257,20816,Ollama,20848
1791444284,proc,1284,27584,ollama,27584
1791444284,proc,1299,336,GenerativeExperiencesSafetyInferenceProvider,336
1791444284,proc,1359,9376,IntelligencePlatformComputeService,9488
1791444284,proc,4746,565424,Claude Helper (Renderer),533568
1791444284,proc,10533,336,intelligencetasksd,336
1791444284,proc,11900,352,ANECompilerService,352
1791444284,proc,27908,416,intelligenceplatformd,416
1791444284,proc,38371,469920,Google Chrome Helper (Renderer),272624
1791444284,proc,65626,3312448,Python,3424896
1791444284,proc,65685,61376,node,0
1791444284,sys,162644,61,11753,1|1612|59905|49181
1791444285,proc,738,246640,Google Chrome,199648
1791444285,proc,780,368,visualintelligenced,368
1791444285,proc,787,4768,aned,4768
1791444285,proc,811,1120,translationd,1120
1791444285,proc,851,1056,generativeexperiencesd,1056
1791444285,proc,852,3952,intelligenceflowd,3904
1791444285,proc,858,12512,intelligencecontextd,12480
1791444285,proc,1078,192,aneuserd,192
1791444285,proc,1257,20816,Ollama,20848
1791444285,proc,1284,27584,ollama,27584
1791444285,proc,1299,336,GenerativeExperiencesSafetyInferenceProvider,336
1791444285,proc,1359,9376,IntelligencePlatformComputeService,9488
1791444285,proc,4746,572784,Claude Helper (Renderer),533568
1791444285,proc,10533,336,intelligencetasksd,336
1791444285,proc,11900,352,ANECompilerService,352
1791444285,proc,27908,416,intelligenceplatformd,416
1791444285,proc,38371,470080,Google Chrome Helper (Renderer),272624
1791444285,proc,65626,3312544,Python,3424896
1791444285,proc,65685,61376,node,0
1791444285,sys,162644,61,9813,1|1612|59921|48936
1791444286,proc,738,246640,Google Chrome,199648
1791444286,proc,780,368,visualintelligenced,368
1791444286,proc,787,4768,aned,4768
1791444286,proc,811,1120,translationd,1120
1791444286,proc,851,1056,generativeexperiencesd,1056
1791444286,proc,852,3952,intelligenceflowd,3904
1791444286,proc,858,12512,intelligencecontextd,12480
1791444286,proc,1078,192,aneuserd,192
1791444286,proc,1257,20816,Ollama,20848
1791444286,proc,1284,27584,ollama,27584
1791444286,proc,1299,336,GenerativeExperiencesSafetyInferenceProvider,336
1791444286,proc,1359,9376,IntelligencePlatformComputeService,9488
1791444286,proc,4746,573760,Claude Helper (Renderer),533568
1791444286,proc,10533,336,intelligencetasksd,336
1791444286,proc,11900,352,ANECompilerService,352
1791444286,proc,27908,416,intelligenceplatformd,416
1791444286,proc,38371,470224,Google Chrome Helper (Renderer),272624
1791444286,proc,65626,3312608,Python,3424896
1791444286,proc,65685,61568,node,0
1791444286,sys,162644,61,9539,1|1612|59921|48924
1791444287,proc,738,246640,Google Chrome,199648
1791444287,proc,780,368,visualintelligenced,368
1791444287,proc,787,4768,aned,4768
1791444287,proc,811,1120,translationd,1120
1791444287,proc,851,1056,generativeexperiencesd,1056
1791444287,proc,852,3952,intelligenceflowd,3904
1791444287,proc,858,12512,intelligencecontextd,12480
1791444287,proc,1078,192,aneuserd,192
1791444287,proc,1257,20816,Ollama,20848
1791444287,proc,1284,27584,ollama,27584
1791444287,proc,1299,336,GenerativeExperiencesSafetyInferenceProvider,336
1791444287,proc,1359,9376,IntelligencePlatformComputeService,9488
1791444287,proc,4746,575824,Claude Helper (Renderer),533568
1791444287,proc,10533,336,intelligencetasksd,336
1791444287,proc,11900,352,ANECompilerService,352
1791444287,proc,27908,416,intelligenceplatformd,416
1791444287,proc,38371,470384,Google Chrome Helper (Renderer),272624
1791444287,proc,65626,3312304,Python,3424896
1791444287,proc,65685,61568,node,0
1791444287,sys,162644,61,9675,1|1612|59921|48869
1791444288,proc,738,246640,Google Chrome,199648
1791444288,proc,780,368,visualintelligenced,368
1791444288,proc,787,4768,aned,4768
1791444288,proc,811,1120,translationd,1120
1791444288,proc,851,1056,generativeexperiencesd,1056
1791444288,proc,852,3952,intelligenceflowd,3904
1791444288,proc,858,12512,intelligencecontextd,12480
1791444288,proc,1078,192,aneuserd,192
1791444288,proc,1257,20816,Ollama,20848
1791444288,proc,1284,27584,ollama,27584
1791444288,proc,1299,336,GenerativeExperiencesSafetyInferenceProvider,336
1791444288,proc,1359,9376,IntelligencePlatformComputeService,9488
1791444288,proc,4746,577936,Claude Helper (Renderer),533568
1791444288,proc,10533,336,intelligencetasksd,336
1791444288,proc,11900,352,ANECompilerService,352
1791444288,proc,27908,416,intelligenceplatformd,416
1791444288,proc,38371,470560,Google Chrome Helper (Renderer),272624
1791444288,proc,65626,3312304,Python,3424896
1791444288,proc,65685,61568,node,0
1791444288,sys,162644,61,9526,1|1612|59921|48797
1791444289,proc,738,246640,Google Chrome,199648
1791444289,proc,780,368,visualintelligenced,368
1791444289,proc,787,4768,aned,4768
1791444289,proc,811,1120,translationd,1120
1791444289,proc,851,1056,generativeexperiencesd,1056
1791444289,proc,852,3904,intelligenceflowd,3904
1791444289,proc,858,12512,intelligencecontextd,12480
1791444289,proc,1078,192,aneuserd,192
1791444289,proc,1257,20816,Ollama,20848
1791444289,proc,1284,27584,ollama,27584
1791444289,proc,1299,336,GenerativeExperiencesSafetyInferenceProvider,336
1791444289,proc,1359,9376,IntelligencePlatformComputeService,9488
1791444289,proc,4746,580512,Claude Helper (Renderer),533568
1791444289,proc,10533,336,intelligencetasksd,336
1791444289,proc,11900,352,ANECompilerService,352
1791444289,proc,27908,416,intelligenceplatformd,416
1791444289,proc,38371,470704,Google Chrome Helper (Renderer),272624
1791444289,proc,65626,3312304,Python,3424896
1791444289,proc,65685,61568,node,0
1791444289,sys,162644,61,9174,1|1612|59937|48732
1791444290,proc,738,246816,Google Chrome,199648
1791444290,proc,780,368,visualintelligenced,368
1791444290,proc,787,4768,aned,4768
1791444290,proc,811,1120,translationd,1120
1791444290,proc,851,1056,generativeexperiencesd,1056
1791444290,proc,852,3904,intelligenceflowd,3904
1791444290,proc,858,12512,intelligencecontextd,12480
1791444290,proc,1078,192,aneuserd,192
1791444290,proc,1257,20816,Ollama,20848
1791444290,proc,1284,27584,ollama,27584
1791444290,proc,1299,336,GenerativeExperiencesSafetyInferenceProvider,336
1791444290,proc,1359,9376,IntelligencePlatformComputeService,9488
1791444290,proc,4746,580144,Claude Helper (Renderer),533568
1791444290,proc,10533,336,intelligencetasksd,336
1791444290,proc,11900,352,ANECompilerService,352
1791444290,proc,27908,416,intelligenceplatformd,416
1791444290,proc,38371,470896,Google Chrome Helper (Renderer),272624
1791444290,proc,65626,3312304,Python,3424896
1791444290,proc,65685,61568,node,0
1791444290,sys,162644,61,8069,1|1612|59949|48729
1791444291,proc,738,246816,Google Chrome,199648
1791444291,proc,780,368,visualintelligenced,368
1791444291,proc,787,4768,aned,4768
1791444291,proc,811,1120,translationd,1120
1791444291,proc,851,1056,generativeexperiencesd,1056
1791444291,proc,852,3904,intelligenceflowd,3904
1791444291,proc,858,12512,intelligencecontextd,12480
1791444291,proc,1078,192,aneuserd,192
1791444291,proc,1257,20816,Ollama,20848
1791444291,proc,1284,27584,ollama,27584
1791444291,proc,1299,336,GenerativeExperiencesSafetyInferenceProvider,336
1791444291,proc,1359,9376,IntelligencePlatformComputeService,9488
1791444291,proc,4746,580816,Claude Helper (Renderer),533568
1791444291,proc,10533,336,intelligencetasksd,336
1791444291,proc,11900,352,ANECompilerService,352
1791444291,proc,27908,416,intelligenceplatformd,416
1791444291,proc,38371,471248,Google Chrome Helper (Renderer),272624
1791444291,proc,65626,3312304,Python,3424896
1791444291,proc,65685,61568,node,0
1791444291,sys,162644,61,8411,1|1612|59953|48729
1791444292,proc,738,246816,Google Chrome,199648
1791444292,proc,780,368,visualintelligenced,368
1791444292,proc,787,4768,aned,4768
1791444292,proc,811,1120,translationd,1120
1791444292,proc,851,1056,generativeexperiencesd,1056
1791444292,proc,852,3904,intelligenceflowd,3904
1791444292,proc,858,12512,intelligencecontextd,12480
1791444292,proc,1078,192,aneuserd,192
1791444292,proc,1257,20816,Ollama,20848
1791444292,proc,1284,27584,ollama,27584
1791444292,proc,1299,336,GenerativeExperiencesSafetyInferenceProvider,336
1791444292,proc,1359,9376,IntelligencePlatformComputeService,9488
1791444292,proc,4746,583856,Claude Helper (Renderer),533568
1791444292,proc,10533,336,intelligencetasksd,336
1791444292,proc,11900,352,ANECompilerService,352
1791444292,proc,27908,416,intelligenceplatformd,416
1791444292,proc,38371,471408,Google Chrome Helper (Renderer),272624
1791444292,proc,65626,3312544,Python,3424896
1791444292,proc,65685,61568,node,0
1791444292,sys,162644,61,8884,1|1612|59973|48693
1791444293,proc,738,246816,Google Chrome,199648
1791444293,proc,780,368,visualintelligenced,368
1791444293,proc,787,4768,aned,4768
1791444293,proc,811,1120,translationd,1120
1791444293,proc,851,1056,generativeexperiencesd,1056
1791444293,proc,852,3904,intelligenceflowd,3904
1791444293,proc,858,12512,intelligencecontextd,12480
1791444293,proc,1078,192,aneuserd,192
1791444293,proc,1257,20816,Ollama,20848
1791444293,proc,1284,27584,ollama,27584
1791444293,proc,1299,336,GenerativeExperiencesSafetyInferenceProvider,336
1791444293,proc,1359,9376,IntelligencePlatformComputeService,9488
1791444293,proc,4746,584416,Claude Helper (Renderer),533568
1791444293,proc,10533,336,intelligencetasksd,336
1791444293,proc,11900,352,ANECompilerService,352
1791444293,proc,27908,416,intelligenceplatformd,416
1791444293,proc,38371,471568,Google Chrome Helper (Renderer),272624
1791444293,proc,65626,3312576,Python,3424896
1791444293,proc,65685,61568,node,0
1791444293,sys,162644,61,7627,1|1612|59977|48668
1791444295,proc,738,246816,Google Chrome,199648
1791444295,proc,780,368,visualintelligenced,368
1791444295,proc,787,4768,aned,4768
1791444295,proc,811,1120,translationd,1120
1791444295,proc,851,1056,generativeexperiencesd,1056
1791444295,proc,852,3904,intelligenceflowd,3904
1791444295,proc,858,12512,intelligencecontextd,12480
1791444295,proc,1078,192,aneuserd,192
1791444295,proc,1257,20816,Ollama,20848
1791444295,proc,1284,27584,ollama,27584
1791444295,proc,1299,336,GenerativeExperiencesSafetyInferenceProvider,336
1791444295,proc,1359,9376,IntelligencePlatformComputeService,9488
1791444295,proc,4746,583952,Claude Helper (Renderer),533568
1791444295,proc,10533,336,intelligencetasksd,336
1791444295,proc,11900,352,ANECompilerService,352
1791444295,proc,27908,416,intelligenceplatformd,416
1791444295,proc,38371,471744,Google Chrome Helper (Renderer),272624
1791444295,proc,65626,3312560,Python,3424896
1791444295,proc,65685,61568,node,0
1791444295,sys,162644,60,7939,1|1612|59981|48671
1791444296,proc,738,246816,Google Chrome,199648
1791444296,proc,780,368,visualintelligenced,368
1791444296,proc,787,4768,aned,4768
1791444296,proc,811,1120,translationd,1120
1791444296,proc,851,1056,generativeexperiencesd,1056
1791444296,proc,852,3904,intelligenceflowd,3904
1791444296,proc,858,12512,intelligencecontextd,12480
1791444296,proc,1078,192,aneuserd,192
1791444296,proc,1257,20816,Ollama,20848
1791444296,proc,1284,27584,ollama,27584
1791444296,proc,1299,336,GenerativeExperiencesSafetyInferenceProvider,336
1791444296,proc,1359,9376,IntelligencePlatformComputeService,9488
1791444296,proc,4746,584192,Claude Helper (Renderer),533568
1791444296,proc,10533,336,intelligencetasksd,336
1791444296,proc,11900,352,ANECompilerService,352
1791444296,proc,27908,416,intelligenceplatformd,416
1791444296,proc,38371,471904,Google Chrome Helper (Renderer),272624
1791444296,proc,65626,3312560,Python,3424896
1791444296,proc,65685,61568,node,0
1791444296,sys,162644,60,7853,1|1612|59981|48669
1791444297,proc,738,246816,Google Chrome,199648
1791444297,proc,780,368,visualintelligenced,368
1791444297,proc,787,4768,aned,4768
1791444297,proc,811,1120,translationd,1120
1791444297,proc,851,1056,generativeexperiencesd,1056
1791444297,proc,852,3904,intelligenceflowd,3904
1791444297,proc,858,12512,intelligencecontextd,12480
1791444297,proc,1078,192,aneuserd,192
1791444297,proc,1257,20816,Ollama,20848
1791444297,proc,1284,27584,ollama,27584
1791444297,proc,1299,336,GenerativeExperiencesSafetyInferenceProvider,336
1791444297,proc,1359,9376,IntelligencePlatformComputeService,9488
1791444297,proc,4746,585072,Claude Helper (Renderer),533568
1791444297,proc,10533,336,intelligencetasksd,336
1791444297,proc,11900,352,ANECompilerService,352
1791444297,proc,27908,416,intelligenceplatformd,416
1791444297,proc,38371,472048,Google Chrome Helper (Renderer),272624
1791444297,proc,65626,3312336,Python,3424896
1791444297,proc,65685,61632,node,0
1791444297,sys,162644,60,9882,1|1612|60001|48673
1791444298,proc,738,246816,Google Chrome,199648
1791444298,proc,780,368,visualintelligenced,368
1791444298,proc,787,4768,aned,4768
1791444298,proc,811,1120,translationd,1120
1791444298,proc,851,1056,generativeexperiencesd,1056
1791444298,proc,852,3904,intelligenceflowd,3904
1791444298,proc,858,12512,intelligencecontextd,12480
1791444298,proc,1078,192,aneuserd,192
1791444298,proc,1257,20816,Ollama,20848
1791444298,proc,1284,27584,ollama,27584
1791444298,proc,1299,336,GenerativeExperiencesSafetyInferenceProvider,336
1791444298,proc,1359,9376,IntelligencePlatformComputeService,9488
1791444298,proc,4746,586304,Claude Helper (Renderer),533568
1791444298,proc,10533,336,intelligencetasksd,336
1791444298,proc,11900,352,ANECompilerService,352
1791444298,proc,27908,416,intelligenceplatformd,416
1791444298,proc,38371,472208,Google Chrome Helper (Renderer),272624
1791444298,proc,65626,3312336,Python,3424896
1791444298,proc,65685,61632,node,0
1791444298,sys,162644,60,10345,1|1612|60001|48666
1791444299,proc,738,246784,Google Chrome,199648
1791444299,proc,780,368,visualintelligenced,368
1791444299,proc,787,4768,aned,4768
1791444299,proc,811,1120,translationd,1120
1791444299,proc,851,1056,generativeexperiencesd,1056
1791444299,proc,852,3904,intelligenceflowd,3904
1791444299,proc,858,12512,intelligencecontextd,12480
1791444299,proc,1078,192,aneuserd,192
1791444299,proc,1257,20816,Ollama,20848
1791444299,proc,1284,27584,ollama,27584
1791444299,proc,1299,336,GenerativeExperiencesSafetyInferenceProvider,336
1791444299,proc,1359,9376,IntelligencePlatformComputeService,9488
1791444299,proc,4746,588224,Claude Helper (Renderer),533568
1791444299,proc,10533,336,intelligencetasksd,336
1791444299,proc,11900,352,ANECompilerService,352
1791444299,proc,27908,416,intelligenceplatformd,416
1791444299,proc,38371,472368,Google Chrome Helper (Renderer),272624
1791444299,proc,65626,3312336,Python,3424896
1791444299,proc,65685,61632,node,0
1791444299,sys,162644,60,10225,1|1612|60005|48658
1791444300,proc,738,246784,Google Chrome,199648
1791444300,proc,780,368,visualintelligenced,368
1791444300,proc,787,4768,aned,4768
1791444300,proc,811,1120,translationd,1120
1791444300,proc,851,1056,generativeexperiencesd,1056
1791444300,proc,852,3904,intelligenceflowd,3904
1791444300,proc,858,12512,intelligencecontextd,12480
1791444300,proc,1078,192,aneuserd,192
1791444300,proc,1257,20816,Ollama,20848
1791444300,proc,1284,27584,ollama,27584
1791444300,proc,1299,336,GenerativeExperiencesSafetyInferenceProvider,336
1791444300,proc,1359,9376,IntelligencePlatformComputeService,9488
1791444300,proc,4746,589024,Claude Helper (Renderer),533568
1791444300,proc,10533,336,intelligencetasksd,336
1791444300,proc,11900,352,ANECompilerService,352
1791444300,proc,27908,416,intelligenceplatformd,416
1791444300,proc,38371,472528,Google Chrome Helper (Renderer),272624
1791444300,proc,65626,3312336,Python,3424896
1791444300,proc,65685,61632,node,0
1791444300,sys,162644,60,10553,1|1612|60009|48660
1791444301,proc,738,246784,Google Chrome,199648
1791444301,proc,780,368,visualintelligenced,368
1791444301,proc,787,4768,aned,4768
1791444301,proc,811,1120,translationd,1120
1791444301,proc,851,1056,generativeexperiencesd,1056
1791444301,proc,852,3904,intelligenceflowd,3904
1791444301,proc,858,12512,intelligencecontextd,12480
1791444301,proc,1078,192,aneuserd,192
1791444301,proc,1257,20816,Ollama,20848
1791444301,proc,1284,27584,ollama,27584
1791444301,proc,1299,336,GenerativeExperiencesSafetyInferenceProvider,336
1791444301,proc,1359,9376,IntelligencePlatformComputeService,9488
1791444301,proc,4746,595264,Claude Helper (Renderer),533568
1791444301,proc,10533,336,intelligencetasksd,336
1791444301,proc,11900,352,ANECompilerService,352
1791444301,proc,27908,416,intelligenceplatformd,416
1791444301,proc,38371,472704,Google Chrome Helper (Renderer),272624
1791444301,proc,65626,3312336,Python,3424896
1791444301,proc,65685,61632,node,0
1791444301,sys,162644,60,9702,1|1612|60009|48496
1791444302,proc,738,246784,Google Chrome,199648
1791444302,proc,780,368,visualintelligenced,368
1791444302,proc,787,4768,aned,4768
1791444302,proc,811,1120,translationd,1120
1791444302,proc,851,1056,generativeexperiencesd,1056
1791444302,proc,852,3904,intelligenceflowd,3904
1791444302,proc,858,12512,intelligencecontextd,12480
1791444302,proc,1078,192,aneuserd,192
1791444302,proc,1257,20816,Ollama,20848
1791444302,proc,1284,27584,ollama,27584
1791444302,proc,1299,336,GenerativeExperiencesSafetyInferenceProvider,336
1791444302,proc,1359,9376,IntelligencePlatformComputeService,9488
1791444302,proc,4746,600976,Claude Helper (Renderer),533568
1791444302,proc,10533,336,intelligencetasksd,336
1791444302,proc,11900,352,ANECompilerService,352
1791444302,proc,27908,416,intelligenceplatformd,416
1791444302,proc,38371,472880,Google Chrome Helper (Renderer),272624
1791444302,proc,65626,3312800,Python,3424896
1791444302,proc,65685,61632,node,0
1791444302,sys,162644,60,10405,1|1612|60013|48402
1791444303,proc,738,246784,Google Chrome,199648
1791444303,proc,780,368,visualintelligenced,368
1791444303,proc,787,4768,aned,4768
1791444303,proc,811,1120,translationd,1120
1791444303,proc,851,1056,generativeexperiencesd,1056
1791444303,proc,852,3904,intelligenceflowd,3904
1791444303,proc,858,12512,intelligencecontextd,12480
1791444303,proc,1078,192,aneuserd,192
1791444303,proc,1257,20816,Ollama,20848
1791444303,proc,1284,27584,ollama,27584
1791444303,proc,1299,336,GenerativeExperiencesSafetyInferenceProvider,336
1791444303,proc,1359,9376,IntelligencePlatformComputeService,9488
1791444303,proc,4746,607136,Claude Helper (Renderer),533568
1791444303,proc,10533,336,intelligencetasksd,336
1791444303,proc,11900,352,ANECompilerService,352
1791444303,proc,27908,416,intelligenceplatformd,416
1791444303,proc,38371,473056,Google Chrome Helper (Renderer),272624
1791444303,proc,65626,3312800,Python,3424896
1791444303,proc,65685,61632,node,0
1791444303,sys,162644,60,10013,1|1612|60089|48346
1791444304,proc,738,246784,Google Chrome,199648
1791444304,proc,780,368,visualintelligenced,368
1791444304,proc,787,4768,aned,4768
1791444304,proc,811,1120,translationd,1120
1791444304,proc,851,1056,generativeexperiencesd,1056
1791444304,proc,852,3904,intelligenceflowd,3904
1791444304,proc,858,12512,intelligencecontextd,12480
1791444304,proc,1078,192,aneuserd,192
1791444304,proc,1257,20816,Ollama,20848
1791444304,proc,1284,27584,ollama,27584
1791444304,proc,1299,336,GenerativeExperiencesSafetyInferenceProvider,336
1791444304,proc,1359,9376,IntelligencePlatformComputeService,9488
1791444304,proc,4746,613664,Claude Helper (Renderer),533568
1791444304,proc,10533,336,intelligencetasksd,336
1791444304,proc,11900,352,ANECompilerService,352
1791444304,proc,27908,416,intelligenceplatformd,416
1791444304,proc,38371,473264,Google Chrome Helper (Renderer),272624
1791444304,proc,65626,3312800,Python,3424896
1791444304,proc,65685,61632,node,0
1791444304,sys,162644,60,9710,1|1612|60109|48256
1791444305,proc,738,246784,Google Chrome,199648
1791444305,proc,780,368,visualintelligenced,368
1791444305,proc,787,4768,aned,4768
1791444305,proc,811,1120,translationd,1120
1791444305,proc,851,1056,generativeexperiencesd,1056
1791444305,proc,852,3904,intelligenceflowd,3904
1791444305,proc,858,12512,intelligencecontextd,12480
1791444305,proc,1078,192,aneuserd,192
1791444305,proc,1257,20816,Ollama,20848
1791444305,proc,1284,27584,ollama,27584
1791444305,proc,1299,336,GenerativeExperiencesSafetyInferenceProvider,336
1791444305,proc,1359,9376,IntelligencePlatformComputeService,9488
1791444305,proc,4746,615840,Claude Helper (Renderer),533568
1791444305,proc,10533,336,intelligencetasksd,336
1791444305,proc,11900,352,ANECompilerService,352
1791444305,proc,27908,416,intelligenceplatformd,416
1791444305,proc,38371,473376,Google Chrome Helper (Renderer),272624
1791444305,proc,65626,3312816,Python,3424896
1791444305,proc,65685,61632,node,0
1791444305,sys,162644,60,9104,1|1612|60113|48245
1791444306,proc,738,246784,Google Chrome,199648
1791444306,proc,780,368,visualintelligenced,368
1791444306,proc,787,4768,aned,4768
1791444306,proc,811,1120,translationd,1120
1791444306,proc,851,1056,generativeexperiencesd,1056
1791444306,proc,852,3904,intelligenceflowd,3904
1791444306,proc,858,12512,intelligencecontextd,12480
1791444306,proc,1078,192,aneuserd,192
1791444306,proc,1257,20816,Ollama,20848
1791444306,proc,1284,27584,ollama,27584
1791444306,proc,1299,336,GenerativeExperiencesSafetyInferenceProvider,336
1791444306,proc,1359,9376,IntelligencePlatformComputeService,9488
1791444306,proc,4746,617520,Claude Helper (Renderer),533568
1791444306,proc,10533,336,intelligencetasksd,336
1791444306,proc,11900,352,ANECompilerService,352
1791444306,proc,27908,416,intelligenceplatformd,416
1791444306,proc,38371,473488,Google Chrome Helper (Renderer),272624
1791444306,proc,65626,3312816,Python,3424896
1791444306,proc,65685,61632,node,0
1791444306,sys,162644,60,7327,1|1612|60153|48255
1791444307,proc,738,246800,Google Chrome,199648
1791444307,proc,780,368,visualintelligenced,368
1791444307,proc,787,4768,aned,4768
1791444307,proc,811,1120,translationd,1120
1791444307,proc,851,1056,generativeexperiencesd,1056
1791444307,proc,852,3904,intelligenceflowd,3904
1791444307,proc,858,12512,intelligencecontextd,12480
1791444307,proc,1078,192,aneuserd,192
1791444307,proc,1257,20816,Ollama,20848
1791444307,proc,1284,27584,ollama,27584
1791444307,proc,1299,336,GenerativeExperiencesSafetyInferenceProvider,336
1791444307,proc,1359,9376,IntelligencePlatformComputeService,9488
1791444307,proc,4746,617888,Claude Helper (Renderer),533568
1791444307,proc,10533,336,intelligencetasksd,336
1791444307,proc,11900,352,ANECompilerService,352
1791444307,proc,27908,416,intelligenceplatformd,416
1791444307,proc,38371,473600,Google Chrome Helper (Renderer),272624
1791444307,proc,65626,3312368,Python,3424896
1791444307,proc,65685,61712,node,0
1791444307,sys,162644,60,8833,1|1612|60165|48257
1791444308,proc,738,246848,Google Chrome,199648
1791444308,proc,780,368,visualintelligenced,368
1791444308,proc,787,4768,aned,4768
1791444308,proc,811,1120,translationd,1120
1791444308,proc,851,1056,generativeexperiencesd,1056
1791444308,proc,852,3904,intelligenceflowd,3904
1791444308,proc,858,12512,intelligencecontextd,12480
1791444308,proc,1078,192,aneuserd,192
1791444308,proc,1257,20880,Ollama,20848
1791444308,proc,1284,27584,ollama,27584
1791444308,proc,1299,336,GenerativeExperiencesSafetyInferenceProvider,336
1791444308,proc,1359,9376,IntelligencePlatformComputeService,9488
1791444308,proc,4746,617888,Claude Helper (Renderer),533568
1791444308,proc,10533,336,intelligencetasksd,336
1791444308,proc,11900,352,ANECompilerService,352
1791444308,proc,27908,416,intelligenceplatformd,416
1791444308,proc,38371,473712,Google Chrome Helper (Renderer),272624
1791444308,proc,65626,3312368,Python,3424896
1791444308,proc,65685,61712,node,0
1791444308,sys,162644,60,9192,1|1604|60193|48263
1791444309,proc,738,246848,Google Chrome,199648
1791444309,proc,780,368,visualintelligenced,368
1791444309,proc,787,4768,aned,4768
1791444309,proc,811,1120,translationd,1120
1791444309,proc,851,1056,generativeexperiencesd,1056
1791444309,proc,852,3904,intelligenceflowd,3904
1791444309,proc,858,12512,intelligencecontextd,12480
1791444309,proc,1078,192,aneuserd,192
1791444309,proc,1257,20880,Ollama,20848
1791444309,proc,1284,27584,ollama,27584
1791444309,proc,1299,336,GenerativeExperiencesSafetyInferenceProvider,336
1791444309,proc,1359,9376,IntelligencePlatformComputeService,9488
1791444309,proc,4746,617888,Claude Helper (Renderer),533568
1791444309,proc,10533,336,intelligencetasksd,336
1791444309,proc,11900,352,ANECompilerService,352
1791444309,proc,27908,416,intelligenceplatformd,416
1791444309,proc,38371,473824,Google Chrome Helper (Renderer),272624
1791444309,proc,65626,3312368,Python,3424896
1791444309,proc,65685,61712,node,0
1791444309,sys,162644,60,9168,1|1604|60193|48257
1791444311,proc,738,246848,Google Chrome,199648
1791444311,proc,780,368,visualintelligenced,368
1791444311,proc,787,4768,aned,4768
1791444311,proc,811,1120,translationd,1120
1791444311,proc,851,1056,generativeexperiencesd,1056
1791444311,proc,852,3904,intelligenceflowd,3904
1791444311,proc,858,12512,intelligencecontextd,12480
1791444311,proc,1078,192,aneuserd,192
1791444311,proc,1257,20880,Ollama,20848
1791444311,proc,1284,27584,ollama,27584
1791444311,proc,1299,336,GenerativeExperiencesSafetyInferenceProvider,336
1791444311,proc,1359,9376,IntelligencePlatformComputeService,9488
1791444311,proc,4746,617888,Claude Helper (Renderer),533568
1791444311,proc,10533,336,intelligencetasksd,336
1791444311,proc,11900,352,ANECompilerService,352
1791444311,proc,27908,416,intelligenceplatformd,416
1791444311,proc,38371,473936,Google Chrome Helper (Renderer),272624
1791444311,proc,65626,3312368,Python,3424896
1791444311,proc,65685,61712,node,0
1791444311,sys,162644,61,8780,1|1604|60193|48256
1791444312,proc,738,246848,Google Chrome,199648
1791444312,proc,780,368,visualintelligenced,368
1791444312,proc,787,4768,aned,4768
1791444312,proc,811,1120,translationd,1120
1791444312,proc,851,1056,generativeexperiencesd,1056
1791444312,proc,852,3904,intelligenceflowd,3904
1791444312,proc,858,12512,intelligencecontextd,12480
1791444312,proc,1078,192,aneuserd,192
1791444312,proc,1257,20880,Ollama,20848
1791444312,proc,1284,27584,ollama,27584
1791444312,proc,1299,336,GenerativeExperiencesSafetyInferenceProvider,336
1791444312,proc,1359,9376,IntelligencePlatformComputeService,9488
1791444312,proc,4746,617904,Claude Helper (Renderer),533568
1791444312,proc,10533,336,intelligencetasksd,336
1791444312,proc,11900,352,ANECompilerService,352
1791444312,proc,27908,416,intelligenceplatformd,416
1791444312,proc,38371,474048,Google Chrome Helper (Renderer),272624
1791444312,proc,65626,3312880,Python,3424896
1791444312,proc,65685,61712,node,0
1791444312,sys,162644,61,10620,1|1604|60193|48225
1791444313,proc,738,246848,Google Chrome,199648
1791444313,proc,780,368,visualintelligenced,368
1791444313,proc,787,4768,aned,4768
1791444313,proc,811,1120,translationd,1120
1791444313,proc,851,1056,generativeexperiencesd,1056
1791444313,proc,852,3904,intelligenceflowd,3904
1791444313,proc,858,12512,intelligencecontextd,12480
1791444313,proc,1078,192,aneuserd,192
1791444313,proc,1257,20928,Ollama,20848
1791444313,proc,1284,27584,ollama,27584
1791444313,proc,1299,336,GenerativeExperiencesSafetyInferenceProvider,336
1791444313,proc,1359,9376,IntelligencePlatformComputeService,9488
1791444313,proc,4746,622720,Claude Helper (Renderer),533568
1791444313,proc,10533,336,intelligencetasksd,336
1791444313,proc,11900,352,ANECompilerService,352
1791444313,proc,27908,416,intelligenceplatformd,416
1791444313,proc,38371,473360,Google Chrome Helper (Renderer),272624
1791444313,proc,65626,3312880,Python,3424896
1791444313,proc,65685,61712,node,0
1791444313,sys,162644,61,9991,1|1604|60257|48075
1791444314,proc,738,246848,Google Chrome,199648
1791444314,proc,780,368,visualintelligenced,368
1791444314,proc,787,4768,aned,4768
1791444314,proc,811,1120,translationd,1120
1791444314,proc,851,1056,generativeexperiencesd,1056
1791444314,proc,852,3904,intelligenceflowd,3904
1791444314,proc,858,12512,intelligencecontextd,12480
1791444314,proc,1078,192,aneuserd,192
1791444314,proc,1257,20928,Ollama,20848
1791444314,proc,1284,27584,ollama,27584
1791444314,proc,1299,336,GenerativeExperiencesSafetyInferenceProvider,336
1791444314,proc,1359,9376,IntelligencePlatformComputeService,9488
1791444314,proc,4746,638832,Claude Helper (Renderer),533568
1791444314,proc,10533,336,intelligencetasksd,336
1791444314,proc,11900,352,ANECompilerService,352
1791444314,proc,27908,416,intelligenceplatformd,416
1791444314,proc,38371,473472,Google Chrome Helper (Renderer),272624
1791444314,proc,65626,3312848,Python,3424896
1791444314,proc,65685,61712,node,0
1791444314,sys,162644,61,6858,1|1604|60333|47691
1791444315,proc,738,246848,Google Chrome,199648
1791444315,proc,780,368,visualintelligenced,368
1791444315,proc,787,4768,aned,4768
1791444315,proc,811,1120,translationd,1120
1791444315,proc,851,1056,generativeexperiencesd,1056
1791444315,proc,852,3904,intelligenceflowd,3904
1791444315,proc,858,12512,intelligencecontextd,12480
1791444315,proc,1078,192,aneuserd,192
1791444315,proc,1257,20928,Ollama,20848
1791444315,proc,1284,27584,ollama,27584
1791444315,proc,1299,336,GenerativeExperiencesSafetyInferenceProvider,336
1791444315,proc,1359,9376,IntelligencePlatformComputeService,9488
1791444315,proc,4746,637712,Claude Helper (Renderer),533568
1791444315,proc,10533,336,intelligencetasksd,336
1791444315,proc,11900,352,ANECompilerService,352
1791444315,proc,27908,416,intelligenceplatformd,416
1791444315,proc,38371,473584,Google Chrome Helper (Renderer),272624
1791444315,proc,65626,3312848,Python,3424896
1791444315,proc,65685,61712,node,0
1791444315,sys,162644,61,6218,1|1604|60345|47682
1791444316,proc,738,246864,Google Chrome,199648
1791444316,proc,780,368,visualintelligenced,368
1791444316,proc,787,4768,aned,4768
1791444316,proc,811,1120,translationd,1120
1791444316,proc,851,1056,generativeexperiencesd,1056
1791444316,proc,852,3904,intelligenceflowd,3904
1791444316,proc,858,12512,intelligencecontextd,12480
1791444316,proc,1078,192,aneuserd,192
1791444316,proc,1257,20928,Ollama,20848
1791444316,proc,1284,27584,ollama,27584
1791444316,proc,1299,336,GenerativeExperiencesSafetyInferenceProvider,336
1791444316,proc,1359,9376,IntelligencePlatformComputeService,9488
1791444316,proc,4746,638544,Claude Helper (Renderer),533568
1791444316,proc,10533,336,intelligencetasksd,336
1791444316,proc,11900,352,ANECompilerService,352
1791444316,proc,27908,416,intelligenceplatformd,416
1791444316,proc,38371,473696,Google Chrome Helper (Renderer),272624
1791444316,proc,65626,3312848,Python,3424896
1791444316,proc,65685,61712,node,0
1791444316,sys,162644,61,6487,1|1604|60389|47716
1791444317,proc,738,246848,Google Chrome,199648
1791444317,proc,780,368,visualintelligenced,368
1791444317,proc,787,4768,aned,4768
1791444317,proc,811,1120,translationd,1120
1791444317,proc,851,1056,generativeexperiencesd,1056
1791444317,proc,852,3904,intelligenceflowd,3904
1791444317,proc,858,12512,intelligencecontextd,12480
1791444317,proc,1078,192,aneuserd,192
1791444317,proc,1257,20880,Ollama,20848
1791444317,proc,1284,27584,ollama,27584
1791444317,proc,1299,336,GenerativeExperiencesSafetyInferenceProvider,336
1791444317,proc,1359,9376,IntelligencePlatformComputeService,9488
1791444317,proc,4746,639008,Claude Helper (Renderer),533568
1791444317,proc,10533,336,intelligencetasksd,336
1791444317,proc,11900,352,ANECompilerService,352
1791444317,proc,27908,416,intelligenceplatformd,416
1791444317,proc,38371,473808,Google Chrome Helper (Renderer),272624
1791444317,proc,65626,3312240,Python,3424896
1791444317,proc,65685,61792,node,0
1791444317,sys,162644,61,9458,1|1604|60393|47709
1791444318,proc,738,246848,Google Chrome,199648
1791444318,proc,780,368,visualintelligenced,368
1791444318,proc,787,4768,aned,4768
1791444318,proc,811,1120,translationd,1120
1791444318,proc,851,1056,generativeexperiencesd,1056
1791444318,proc,852,3904,intelligenceflowd,3904
1791444318,proc,858,12512,intelligencecontextd,12480
1791444318,proc,1078,192,aneuserd,192
1791444318,proc,1257,20880,Ollama,20848
1791444318,proc,1284,27584,ollama,27584
1791444318,proc,1299,336,GenerativeExperiencesSafetyInferenceProvider,336
1791444318,proc,1359,9376,IntelligencePlatformComputeService,9488
1791444318,proc,4746,639072,Claude Helper (Renderer),533568
1791444318,proc,10533,336,intelligencetasksd,336
1791444318,proc,11900,352,ANECompilerService,352
1791444318,proc,27908,416,intelligenceplatformd,416
1791444318,proc,38371,473920,Google Chrome Helper (Renderer),272624
1791444318,proc,65626,3312240,Python,3424896
1791444318,proc,65685,61792,node,0
1791444318,sys,162644,61,12638,1|1604|60393|47705
1791444319,proc,738,246848,Google Chrome,199648
1791444319,proc,780,368,visualintelligenced,368
1791444319,proc,787,4768,aned,4768
1791444319,proc,811,1120,translationd,1120
1791444319,proc,851,1056,generativeexperiencesd,1056
1791444319,proc,852,3904,intelligenceflowd,3904
1791444319,proc,858,12512,intelligencecontextd,12480
1791444319,proc,1078,192,aneuserd,192
1791444319,proc,1257,20880,Ollama,20848
1791444319,proc,1284,27584,ollama,27584
1791444319,proc,1299,336,GenerativeExperiencesSafetyInferenceProvider,336
1791444319,proc,1359,9376,IntelligencePlatformComputeService,9488
1791444319,proc,4746,639600,Claude Helper (Renderer),533568
1791444319,proc,10533,336,intelligencetasksd,336
1791444319,proc,11900,352,ANECompilerService,352
1791444319,proc,27908,416,intelligenceplatformd,416
1791444319,proc,38371,474368,Google Chrome Helper (Renderer),272624
1791444319,proc,65626,3312256,Python,3424896
1791444319,proc,65685,61792,node,0
1791444319,sys,162644,61,12604,1|1604|60393|47704
1791444320,proc,738,246848,Google Chrome,199648
1791444320,proc,780,368,visualintelligenced,368
1791444320,proc,787,4768,aned,4768
1791444320,proc,811,1120,translationd,1120
1791444320,proc,851,1056,generativeexperiencesd,1056
1791444320,proc,852,3904,intelligenceflowd,3904
1791444320,proc,858,12512,intelligencecontextd,12480
1791444320,proc,1078,192,aneuserd,192
1791444320,proc,1257,20880,Ollama,20848
1791444320,proc,1284,27584,ollama,27584
1791444320,proc,1299,336,GenerativeExperiencesSafetyInferenceProvider,336
1791444320,proc,1359,9376,IntelligencePlatformComputeService,9488
1791444320,proc,4746,639728,Claude Helper (Renderer),533568
1791444320,proc,10533,336,intelligencetasksd,336
1791444320,proc,11900,352,ANECompilerService,352
1791444320,proc,27908,416,intelligenceplatformd,416
1791444320,proc,38371,474496,Google Chrome Helper (Renderer),272624
1791444320,proc,65626,3312880,Python,3424896
1791444320,proc,65685,61792,node,0
1791444320,sys,162644,61,13652,1|1604|60397|47708
1791444321,proc,738,246800,Google Chrome,199648
1791444321,proc,780,368,visualintelligenced,368
1791444321,proc,787,4768,aned,4768
1791444321,proc,811,1120,translationd,1120
1791444321,proc,851,1056,generativeexperiencesd,1056
1791444321,proc,852,3904,intelligenceflowd,3904
1791444321,proc,858,12512,intelligencecontextd,12480
1791444321,proc,1078,192,aneuserd,192
1791444321,proc,1257,20880,Ollama,20848
1791444321,proc,1284,27584,ollama,27584
1791444321,proc,1299,336,GenerativeExperiencesSafetyInferenceProvider,336
1791444321,proc,1359,9376,IntelligencePlatformComputeService,9488
1791444321,proc,4746,639760,Claude Helper (Renderer),533568
1791444321,proc,10533,336,intelligencetasksd,336
1791444321,proc,11900,352,ANECompilerService,352
1791444321,proc,27908,416,intelligenceplatformd,416
1791444321,proc,38371,474768,Google Chrome Helper (Renderer),272624
1791444321,proc,65626,3312880,Python,3424896
1791444321,proc,65685,61792,node,0
1791444321,sys,162644,61,13298,1|1604|60397|47676
1791444322,proc,738,246800,Google Chrome,199648
1791444322,proc,780,368,visualintelligenced,368
1791444322,proc,787,4768,aned,4768
1791444322,proc,811,1120,translationd,1120
1791444322,proc,851,1056,generativeexperiencesd,1056
1791444322,proc,852,3904,intelligenceflowd,3904
1791444322,proc,858,12512,intelligencecontextd,12480
1791444322,proc,1078,192,aneuserd,192
1791444322,proc,1257,20880,Ollama,20848
1791444322,proc,1284,27584,ollama,27584
1791444322,proc,1299,336,GenerativeExperiencesSafetyInferenceProvider,336
1791444322,proc,1359,9376,IntelligencePlatformComputeService,9488
1791444322,proc,4746,639792,Claude Helper (Renderer),533568
1791444322,proc,10533,336,intelligencetasksd,336
1791444322,proc,11900,352,ANECompilerService,352
1791444322,proc,27908,416,intelligenceplatformd,416
1791444322,proc,38371,475024,Google Chrome Helper (Renderer),272624
1791444322,proc,65626,3312880,Python,3424896
1791444322,proc,65685,61792,node,0
1791444322,sys,162644,61,13643,1|1604|60397|47675
1791444323,proc,738,246800,Google Chrome,199648
1791444323,proc,780,368,visualintelligenced,368
1791444323,proc,787,4768,aned,4768
1791444323,proc,811,1120,translationd,1120
1791444323,proc,851,1056,generativeexperiencesd,1056
1791444323,proc,852,3904,intelligenceflowd,3904
1791444323,proc,858,12512,intelligencecontextd,12480
1791444323,proc,1078,192,aneuserd,192
1791444323,proc,1257,20880,Ollama,20848
1791444323,proc,1284,27584,ollama,27584
1791444323,proc,1299,336,GenerativeExperiencesSafetyInferenceProvider,336
1791444323,proc,1359,9376,IntelligencePlatformComputeService,9488
1791444323,proc,4746,639888,Claude Helper (Renderer),533568
1791444323,proc,10533,336,intelligencetasksd,336
1791444323,proc,11900,352,ANECompilerService,352
1791444323,proc,27908,416,intelligenceplatformd,416
1791444323,proc,38371,475280,Google Chrome Helper (Renderer),272624
1791444323,proc,65626,3312880,Python,3424896
1791444323,proc,65685,61792,node,0
1791444323,sys,162644,61,13822,1|1604|60397|47675
1791444324,proc,738,246800,Google Chrome,199648
1791444324,proc,780,368,visualintelligenced,368
1791444324,proc,787,4768,aned,4768
1791444324,proc,811,1120,translationd,1120
1791444324,proc,851,1056,generativeexperiencesd,1056
1791444324,proc,852,3904,intelligenceflowd,3904
1791444324,proc,858,12512,intelligencecontextd,12480
1791444324,proc,1078,192,aneuserd,192
1791444324,proc,1257,20880,Ollama,20848
1791444324,proc,1284,27584,ollama,27584
1791444324,proc,1299,336,GenerativeExperiencesSafetyInferenceProvider,336
1791444324,proc,1359,9376,IntelligencePlatformComputeService,9488
1791444324,proc,4746,639888,Claude Helper (Renderer),533568
1791444324,proc,10533,336,intelligencetasksd,336
1791444324,proc,11900,352,ANECompilerService,352
1791444324,proc,27908,416,intelligenceplatformd,416
1791444324,proc,38371,475504,Google Chrome Helper (Renderer),272624
1791444324,proc,65626,3312880,Python,3424896
1791444324,proc,65685,61792,node,0
1791444324,sys,162644,61,14135,1|1604|60397|47672
1791444325,proc,738,246800,Google Chrome,199648
1791444325,proc,780,368,visualintelligenced,368
1791444325,proc,787,4768,aned,4768
1791444325,proc,811,1120,translationd,1120
1791444325,proc,851,1056,generativeexperiencesd,1056
1791444325,proc,852,3904,intelligenceflowd,3904
1791444325,proc,858,12512,intelligencecontextd,12480
1791444325,proc,1078,192,aneuserd,192
1791444325,proc,1257,20880,Ollama,20848
1791444325,proc,1284,27584,ollama,27584
1791444325,proc,1299,336,GenerativeExperiencesSafetyInferenceProvider,336
1791444325,proc,1359,9376,IntelligencePlatformComputeService,9488
1791444325,proc,4746,640032,Claude Helper (Renderer),533568
1791444325,proc,10533,336,intelligencetasksd,336
1791444325,proc,11900,352,ANECompilerService,352
1791444325,proc,27908,416,intelligenceplatformd,416
1791444325,proc,38371,475776,Google Chrome Helper (Renderer),272624
1791444325,proc,65626,3312880,Python,3424896
1791444325,proc,65685,61792,node,0
1791444325,sys,162644,61,13440,1|1604|60401|47669
1791444326,proc,738,246800,Google Chrome,199648
1791444326,proc,780,368,visualintelligenced,368
1791444326,proc,787,4768,aned,4768
1791444326,proc,811,1120,translationd,1120
1791444326,proc,851,1056,generativeexperiencesd,1056
1791444326,proc,852,3904,intelligenceflowd,3904
1791444326,proc,858,12512,intelligencecontextd,12480
1791444326,proc,1078,192,aneuserd,192
1791444326,proc,1257,20880,Ollama,20848
1791444326,proc,1284,27584,ollama,27584
1791444326,proc,1299,336,GenerativeExperiencesSafetyInferenceProvider,336
1791444326,proc,1359,9376,IntelligencePlatformComputeService,9488
1791444326,proc,4746,643216,Claude Helper (Renderer),533568
1791444326,proc,10533,336,intelligencetasksd,336
1791444326,proc,11900,352,ANECompilerService,352
1791444326,proc,27908,416,intelligenceplatformd,416
1791444326,proc,38371,476032,Google Chrome Helper (Renderer),272624
1791444326,proc,65626,3312880,Python,3424896
1791444326,proc,65685,61792,node,0
1791444326,sys,162644,61,13636,1|1604|60456|47597
1791444328,proc,738,246816,Google Chrome,199648
1791444328,proc,780,368,visualintelligenced,368
1791444328,proc,787,4768,aned,4768
1791444328,proc,811,1120,translationd,1120
1791444328,proc,851,1056,generativeexperiencesd,1056
1791444328,proc,852,3904,intelligenceflowd,3904
1791444328,proc,858,12512,intelligencecontextd,12480
1791444328,proc,1078,192,aneuserd,192
1791444328,proc,1257,20880,Ollama,20848
1791444328,proc,1284,27584,ollama,27584
1791444328,proc,1299,336,GenerativeExperiencesSafetyInferenceProvider,336
1791444328,proc,1359,9376,IntelligencePlatformComputeService,9488
1791444328,proc,4746,643296,Claude Helper (Renderer),533568
1791444328,proc,10533,336,intelligencetasksd,336
1791444328,proc,11900,352,ANECompilerService,352
1791444328,proc,27908,416,intelligenceplatformd,416
1791444328,proc,38371,476480,Google Chrome Helper (Renderer),272624
1791444328,proc,65626,3312384,Python,3424896
1791444328,proc,65685,62032,node,0
1791444328,sys,162644,61,13489,1|1604|60456|47596
1791444329,proc,738,246816,Google Chrome,199648
1791444329,proc,780,368,visualintelligenced,368
1791444329,proc,787,4768,aned,4768
1791444329,proc,811,1120,translationd,1120
1791444329,proc,851,1056,generativeexperiencesd,1056
1791444329,proc,852,3904,intelligenceflowd,3904
1791444329,proc,858,12512,intelligencecontextd,12480
1791444329,proc,1078,192,aneuserd,192
1791444329,proc,1257,20880,Ollama,20848
1791444329,proc,1284,27584,ollama,27584
1791444329,proc,1299,336,GenerativeExperiencesSafetyInferenceProvider,336
1791444329,proc,1359,9376,IntelligencePlatformComputeService,9488
1791444329,proc,4746,643328,Claude Helper (Renderer),533568
1791444329,proc,10533,336,intelligencetasksd,336
1791444329,proc,11900,352,ANECompilerService,352
1791444329,proc,27908,416,intelligenceplatformd,416
1791444329,proc,38371,476736,Google Chrome Helper (Renderer),272624
1791444329,proc,65626,3312384,Python,3424896
1791444329,proc,65685,62032,node,0
1791444329,sys,162644,61,13870,1|1604|60456|47596
1791444330,proc,738,246816,Google Chrome,199648
1791444330,proc,780,368,visualintelligenced,368
1791444330,proc,787,4768,aned,4768
1791444330,proc,811,1120,translationd,1120
1791444330,proc,851,1056,generativeexperiencesd,1056
1791444330,proc,852,3904,intelligenceflowd,3904
1791444330,proc,858,12512,intelligencecontextd,12480
1791444330,proc,1078,192,aneuserd,192
1791444330,proc,1257,20880,Ollama,20848
1791444330,proc,1284,27584,ollama,27584
1791444330,proc,1299,336,GenerativeExperiencesSafetyInferenceProvider,336
1791444330,proc,1359,9376,IntelligencePlatformComputeService,9488
1791444330,proc,4746,643392,Claude Helper (Renderer),533568
1791444330,proc,10533,336,intelligencetasksd,336
1791444330,proc,11900,352,ANECompilerService,352
1791444330,proc,27908,416,intelligenceplatformd,416
1791444330,proc,38371,476976,Google Chrome Helper (Renderer),272624
1791444330,proc,65626,3312864,Python,3424896
1791444330,proc,65685,62032,node,0
1791444330,sys,162644,61,14139,1|1604|60456|47593
1791444331,proc,738,246816,Google Chrome,199648
1791444331,proc,780,368,visualintelligenced,368
1791444331,proc,787,4768,aned,4768
1791444331,proc,811,1120,translationd,1120
1791444331,proc,851,1056,generativeexperiencesd,1056
1791444331,proc,852,3904,intelligenceflowd,3904
1791444331,proc,858,12512,intelligencecontextd,12480
1791444331,proc,1078,192,aneuserd,192
1791444331,proc,1257,20880,Ollama,20848
1791444331,proc,1284,27584,ollama,27584
1791444331,proc,1299,336,GenerativeExperiencesSafetyInferenceProvider,336
1791444331,proc,1359,9376,IntelligencePlatformComputeService,9488
1791444331,proc,4746,642496,Claude Helper (Renderer),533568
1791444331,proc,10533,336,intelligencetasksd,336
1791444331,proc,11900,352,ANECompilerService,352
1791444331,proc,27908,416,intelligenceplatformd,416
1791444331,proc,38371,477232,Google Chrome Helper (Renderer),272624
1791444331,proc,65626,3312864,Python,3424896
1791444331,proc,65685,62032,node,0
1791444331,sys,162644,61,14204,1|1604|60468|47604
1791444332,proc,738,246816,Google Chrome,199648
1791444332,proc,780,368,visualintelligenced,368
1791444332,proc,787,4768,aned,4768
1791444332,proc,811,1120,translationd,1120
1791444332,proc,851,1056,generativeexperiencesd,1056
1791444332,proc,852,3904,intelligenceflowd,3904
1791444332,proc,858,12512,intelligencecontextd,12480
1791444332,proc,1078,192,aneuserd,192
1791444332,proc,1257,20880,Ollama,20848
1791444332,proc,1284,27584,ollama,27584
1791444332,proc,1299,336,GenerativeExperiencesSafetyInferenceProvider,336
1791444332,proc,1359,9376,IntelligencePlatformComputeService,9488
1791444332,proc,4746,642496,Claude Helper (Renderer),533568
1791444332,proc,10533,336,intelligencetasksd,336
1791444332,proc,11900,352,ANECompilerService,352
1791444332,proc,27908,416,intelligenceplatformd,416
1791444332,proc,38371,477760,Google Chrome Helper (Renderer),272624
1791444332,proc,65626,3312880,Python,3424896
1791444332,proc,65685,62032,node,0
1791444332,sys,162644,61,13343,1|1604|60468|47602
1791444333,proc,738,246816,Google Chrome,199648
1791444333,proc,780,368,visualintelligenced,368
1791444333,proc,787,4768,aned,4768
1791444333,proc,811,1120,translationd,1120
1791444333,proc,851,1056,generativeexperiencesd,1056
1791444333,proc,852,3904,intelligenceflowd,3904
1791444333,proc,858,12512,intelligencecontextd,12480
1791444333,proc,1078,192,aneuserd,192
1791444333,proc,1257,20880,Ollama,20848
1791444333,proc,1284,27584,ollama,27584
1791444333,proc,1299,336,GenerativeExperiencesSafetyInferenceProvider,336
1791444333,proc,1359,9376,IntelligencePlatformComputeService,9488
1791444333,proc,4746,642496,Claude Helper (Renderer),533568
1791444333,proc,10533,336,intelligencetasksd,336
1791444333,proc,11900,352,ANECompilerService,352
1791444333,proc,27908,416,intelligenceplatformd,416
1791444333,proc,38371,478032,Google Chrome Helper (Renderer),272624
1791444333,proc,65626,3312880,Python,3424896
1791444333,proc,65685,62032,node,0
1791444333,sys,162644,61,13714,1|1604|60468|47602
1791444334,proc,738,246816,Google Chrome,199648
1791444334,proc,780,368,visualintelligenced,368
1791444334,proc,787,4768,aned,4768
1791444334,proc,811,1120,translationd,1120
1791444334,proc,851,1056,generativeexperiencesd,1056
1791444334,proc,852,3904,intelligenceflowd,3904
1791444334,proc,858,12512,intelligencecontextd,12480
1791444334,proc,1078,192,aneuserd,192
1791444334,proc,1257,20880,Ollama,20848
1791444334,proc,1284,27584,ollama,27584
1791444334,proc,1299,336,GenerativeExperiencesSafetyInferenceProvider,336
1791444334,proc,1359,9376,IntelligencePlatformComputeService,9488
1791444334,proc,4746,642496,Claude Helper (Renderer),533568
1791444334,proc,10533,336,intelligencetasksd,336
1791444334,proc,11900,352,ANECompilerService,352
1791444334,proc,27908,416,intelligenceplatformd,416
1791444334,proc,38371,478288,Google Chrome Helper (Renderer),272624
1791444334,proc,65626,3312896,Python,3424896
1791444334,proc,65685,62032,node,0
1791444334,sys,162644,61,13676,1|1604|60468|47602
1791444335,proc,738,246816,Google Chrome,199648
1791444335,proc,780,368,visualintelligenced,368
1791444335,proc,787,4768,aned,4768
1791444335,proc,811,1120,translationd,1120
1791444335,proc,851,1056,generativeexperiencesd,1056
1791444335,proc,852,3904,intelligenceflowd,3904
1791444335,proc,858,12512,intelligencecontextd,12480
1791444335,proc,1078,192,aneuserd,192
1791444335,proc,1257,20880,Ollama,20848
1791444335,proc,1284,27584,ollama,27584
1791444335,proc,1299,336,GenerativeExperiencesSafetyInferenceProvider,336
1791444335,proc,1359,9376,IntelligencePlatformComputeService,9488
1791444335,proc,4746,642976,Claude Helper (Renderer),533568
1791444335,proc,10533,336,intelligencetasksd,336
1791444335,proc,11900,352,ANECompilerService,352
1791444335,proc,27908,416,intelligenceplatformd,416
1791444335,proc,38371,478560,Google Chrome Helper (Renderer),272624
1791444335,proc,65626,3312896,Python,3424896
1791444335,proc,65685,62032,node,0
1791444335,sys,162644,61,12960,1|1604|60468|47593
1791444336,proc,738,246816,Google Chrome,199648
1791444336,proc,780,368,visualintelligenced,368
1791444336,proc,787,4768,aned,4768
1791444336,proc,811,1120,translationd,1120
1791444336,proc,851,1056,generativeexperiencesd,1056
1791444336,proc,852,3904,intelligenceflowd,3904
1791444336,proc,858,12512,intelligencecontextd,12480
1791444336,proc,1078,192,aneuserd,192
1791444336,proc,1257,20880,Ollama,20848
1791444336,proc,1284,27584,ollama,27584
1791444336,proc,1299,336,GenerativeExperiencesSafetyInferenceProvider,336
1791444336,proc,1359,9376,IntelligencePlatformComputeService,9488
1791444336,proc,4746,643136,Claude Helper (Renderer),533568
1791444336,proc,10533,336,intelligencetasksd,336
1791444336,proc,11900,352,ANECompilerService,352
1791444336,proc,27908,416,intelligenceplatformd,416
1791444336,proc,38371,478800,Google Chrome Helper (Renderer),272624
1791444336,proc,65626,3312480,Python,3424896
1791444336,proc,65685,62080,node,0
1791444336,sys,162644,61,13519,1|1604|60468|47590
1791444337,proc,738,246816,Google Chrome,199648
1791444337,proc,780,368,visualintelligenced,368
1791444337,proc,787,4768,aned,4768
1791444337,proc,811,1120,translationd,1120
1791444337,proc,851,1056,generativeexperiencesd,1056
1791444337,proc,852,3904,intelligenceflowd,3904
1791444337,proc,858,12512,intelligencecontextd,12480
1791444337,proc,1078,192,aneuserd,192
1791444337,proc,1257,20880,Ollama,20848
1791444337,proc,1284,27584,ollama,27584
1791444337,proc,1299,336,GenerativeExperiencesSafetyInferenceProvider,336
1791444337,proc,1359,9376,IntelligencePlatformComputeService,9488
1791444337,proc,4746,643136,Claude Helper (Renderer),533568
1791444337,proc,10533,336,intelligencetasksd,336
1791444337,proc,11900,352,ANECompilerService,352
1791444337,proc,27908,416,intelligenceplatformd,416
1791444337,proc,38371,479040,Google Chrome Helper (Renderer),272624
1791444337,proc,65626,3312480,Python,3424896
1791444337,proc,65685,62080,node,0
1791444337,sys,162644,59,13831,1|1604|60468|47590
1791444338,proc,738,246816,Google Chrome,199648
1791444338,proc,780,368,visualintelligenced,368
1791444338,proc,787,4768,aned,4768
1791444338,proc,811,1120,translationd,1120
1791444338,proc,851,1056,generativeexperiencesd,1056
1791444338,proc,852,3904,intelligenceflowd,3904
1791444338,proc,858,12512,intelligencecontextd,12480
1791444338,proc,1078,192,aneuserd,192
1791444338,proc,1257,20880,Ollama,20848
1791444338,proc,1284,27584,ollama,27584
1791444338,proc,1299,336,GenerativeExperiencesSafetyInferenceProvider,336
1791444338,proc,1359,9376,IntelligencePlatformComputeService,9488
1791444338,proc,4746,643136,Claude Helper (Renderer),533568
1791444338,proc,10533,336,intelligencetasksd,336
1791444338,proc,11900,352,ANECompilerService,352
1791444338,proc,27908,416,intelligenceplatformd,416
1791444338,proc,38371,479312,Google Chrome Helper (Renderer),272624
1791444338,proc,65626,3312832,Python,3424896
1791444338,proc,65685,62080,node,0
1791444338,sys,162644,59,14490,1|1604|60468|47590
1791444339,proc,738,246816,Google Chrome,199648
1791444339,proc,780,368,visualintelligenced,368
1791444339,proc,787,4768,aned,4768
1791444339,proc,811,1120,translationd,1120
1791444339,proc,851,1056,generativeexperiencesd,1056
1791444339,proc,852,3904,intelligenceflowd,3904
1791444339,proc,858,12512,intelligencecontextd,12480
1791444339,proc,1078,192,aneuserd,192
1791444339,proc,1257,20880,Ollama,20848
1791444339,proc,1284,27584,ollama,27584
1791444339,proc,1299,336,GenerativeExperiencesSafetyInferenceProvider,336
1791444339,proc,1359,9376,IntelligencePlatformComputeService,9488
1791444339,proc,4746,643424,Claude Helper (Renderer),533568
1791444339,proc,10533,336,intelligencetasksd,336
1791444339,proc,11900,352,ANECompilerService,352
1791444339,proc,27908,416,intelligenceplatformd,416
1791444339,proc,38371,479552,Google Chrome Helper (Renderer),272624
1791444339,proc,65626,3312896,Python,3424896
1791444339,proc,65685,62080,node,0
1791444339,sys,162644,59,14376,1|1604|60468|47590
1791444340,proc,738,246816,Google Chrome,199648
1791444340,proc,780,368,visualintelligenced,368
1791444340,proc,787,4768,aned,4768
1791444340,proc,811,1120,translationd,1120
1791444340,proc,851,1056,generativeexperiencesd,1056
1791444340,proc,852,3904,intelligenceflowd,3904
1791444340,proc,858,12512,intelligencecontextd,12480
1791444340,proc,1078,192,aneuserd,192
1791444340,proc,1257,20880,Ollama,20848
1791444340,proc,1284,27584,ollama,27584
1791444340,proc,1299,336,GenerativeExperiencesSafetyInferenceProvider,336
1791444340,proc,1359,9376,IntelligencePlatformComputeService,9488
1791444340,proc,4746,643424,Claude Helper (Renderer),533568
1791444340,proc,10533,336,intelligencetasksd,336
1791444340,proc,11900,352,ANECompilerService,352
1791444340,proc,27908,416,intelligenceplatformd,416
1791444340,proc,38371,479808,Google Chrome Helper (Renderer),272624
1791444340,proc,65626,3312896,Python,3424896
1791444340,proc,65685,62080,node,0
1791444340,sys,162644,59,13174,1|1604|60468|47590
1791444341,proc,738,246816,Google Chrome,199648
1791444341,proc,780,368,visualintelligenced,368
1791444341,proc,787,4768,aned,4768
1791444341,proc,811,1120,translationd,1120
1791444341,proc,851,1056,generativeexperiencesd,1056
1791444341,proc,852,3904,intelligenceflowd,3904
1791444341,proc,858,12512,intelligencecontextd,12480
1791444341,proc,1078,192,aneuserd,192
1791444341,proc,1257,20880,Ollama,20848
1791444341,proc,1284,27584,ollama,27584
1791444341,proc,1299,336,GenerativeExperiencesSafetyInferenceProvider,336
1791444341,proc,1359,9376,IntelligencePlatformComputeService,9488
1791444341,proc,4746,643424,Claude Helper (Renderer),533568
1791444341,proc,10533,336,intelligencetasksd,336
1791444341,proc,11900,352,ANECompilerService,352
1791444341,proc,27908,416,intelligenceplatformd,416
1791444341,proc,38371,480080,Google Chrome Helper (Renderer),272624
1791444341,proc,65626,3312896,Python,3424896
1791444341,proc,65685,62080,node,0
1791444341,sys,162644,59,13481,1|1604|60468|47590
1791444342,proc,738,246816,Google Chrome,199648
1791444342,proc,780,368,visualintelligenced,368
1791444342,proc,787,4768,aned,4768
1791444342,proc,811,1120,translationd,1120
1791444342,proc,851,1056,generativeexperiencesd,1056
1791444342,proc,852,3904,intelligenceflowd,3904
1791444342,proc,858,12512,intelligencecontextd,12480
1791444342,proc,1078,192,aneuserd,192
1791444342,proc,1257,20880,Ollama,20848
1791444342,proc,1284,27584,ollama,27584
1791444342,proc,1299,336,GenerativeExperiencesSafetyInferenceProvider,336
1791444342,proc,1359,9376,IntelligencePlatformComputeService,9488
1791444342,proc,4746,643456,Claude Helper (Renderer),533568
1791444342,proc,10533,336,intelligencetasksd,336
1791444342,proc,11900,352,ANECompilerService,352
1791444342,proc,27908,416,intelligenceplatformd,416
1791444342,proc,38371,480320,Google Chrome Helper (Renderer),272624
1791444342,proc,65626,3312864,Python,3424896
1791444342,proc,65685,62080,node,0
1791444342,sys,162644,61,13591,1|1604|60468|47590
1791444344,proc,738,246816,Google Chrome,199648
1791444344,proc,780,368,visualintelligenced,368
1791444344,proc,787,4768,aned,4768
1791444344,proc,811,1120,translationd,1120
1791444344,proc,851,1056,generativeexperiencesd,1056
1791444344,proc,852,3904,intelligenceflowd,3904
1791444344,proc,858,12512,intelligencecontextd,12480
1791444344,proc,1078,192,aneuserd,192
1791444344,proc,1257,20880,Ollama,20848
1791444344,proc,1284,27584,ollama,27584
1791444344,proc,1299,336,GenerativeExperiencesSafetyInferenceProvider,336
1791444344,proc,1359,9376,IntelligencePlatformComputeService,9488
1791444344,proc,4746,643472,Claude Helper (Renderer),533568
1791444344,proc,10533,336,intelligencetasksd,336
1791444344,proc,11900,352,ANECompilerService,352
1791444344,proc,27908,416,intelligenceplatformd,416
1791444344,proc,38371,480576,Google Chrome Helper (Renderer),272624
1791444344,proc,65626,3312864,Python,3424896
1791444344,proc,65685,62080,node,0
1791444344,sys,162644,61,13242,1|1604|60468|47590
1791444345,proc,738,246816,Google Chrome,199648
1791444345,proc,780,368,visualintelligenced,368
1791444345,proc,787,4768,aned,4768
1791444345,proc,811,1120,translationd,1120
1791444345,proc,851,1056,generativeexperiencesd,1056
1791444345,proc,852,3904,intelligenceflowd,3904
1791444345,proc,858,12512,intelligencecontextd,12480
1791444345,proc,1078,192,aneuserd,192
1791444345,proc,1257,20880,Ollama,20848
1791444345,proc,1284,27584,ollama,27584
1791444345,proc,1299,336,GenerativeExperiencesSafetyInferenceProvider,336
1791444345,proc,1359,9376,IntelligencePlatformComputeService,9488
1791444345,proc,4746,643488,Claude Helper (Renderer),533568
1791444345,proc,10533,336,intelligencetasksd,336
1791444345,proc,11900,352,ANECompilerService,352
1791444345,proc,27908,416,intelligenceplatformd,416
1791444345,proc,38371,480976,Google Chrome Helper (Renderer),272624
1791444345,proc,65626,3312352,Python,3424896
1791444345,proc,65685,62144,node,0
1791444345,sys,162644,61,13432,1|1604|60472|47581
1791444346,proc,738,246816,Google Chrome,199648
1791444346,proc,780,368,visualintelligenced,368
1791444346,proc,787,4768,aned,4768
1791444346,proc,811,1120,translationd,1120
1791444346,proc,851,1056,generativeexperiencesd,1056
1791444346,proc,852,3904,intelligenceflowd,3904
1791444346,proc,858,12512,intelligencecontextd,12480
1791444346,proc,1078,192,aneuserd,192
1791444346,proc,1257,20880,Ollama,20848
1791444346,proc,1284,27584,ollama,27584
1791444346,proc,1299,336,GenerativeExperiencesSafetyInferenceProvider,336
1791444346,proc,1359,9376,IntelligencePlatformComputeService,9488
1791444346,proc,4746,643488,Claude Helper (Renderer),533568
1791444346,proc,10533,336,intelligencetasksd,336
1791444346,proc,11900,352,ANECompilerService,352
1791444346,proc,27908,416,intelligenceplatformd,416
1791444346,proc,38371,481232,Google Chrome Helper (Renderer),272624
1791444346,proc,65626,3312352,Python,3424896
1791444346,proc,65685,62144,node,0
1791444346,sys,162644,61,13407,1|1604|60472|47581
1791444347,proc,738,246816,Google Chrome,199648
1791444347,proc,780,368,visualintelligenced,368
1791444347,proc,787,4768,aned,4768
1791444347,proc,811,1120,translationd,1120
1791444347,proc,851,1056,generativeexperiencesd,1056
1791444347,proc,852,3904,intelligenceflowd,3904
1791444347,proc,858,12512,intelligencecontextd,12480
1791444347,proc,1078,192,aneuserd,192
1791444347,proc,1257,20880,Ollama,20848
1791444347,proc,1284,27584,ollama,27584
1791444347,proc,1299,336,GenerativeExperiencesSafetyInferenceProvider,336
1791444347,proc,1359,9376,IntelligencePlatformComputeService,9488
1791444347,proc,4746,643488,Claude Helper (Renderer),533568
1791444347,proc,10533,336,intelligencetasksd,336
1791444347,proc,11900,352,ANECompilerService,352
1791444347,proc,27908,416,intelligenceplatformd,416
1791444347,proc,38371,481504,Google Chrome Helper (Renderer),272624
1791444347,proc,65626,3312352,Python,3424896
1791444347,proc,65685,62144,node,0
1791444347,sys,162644,61,13451,1|1604|60472|47577
1791444348,proc,738,246816,Google Chrome,199648
1791444348,proc,780,368,visualintelligenced,368
1791444348,proc,787,4768,aned,4768
1791444348,proc,811,1120,translationd,1120
1791444348,proc,851,1056,generativeexperiencesd,1056
1791444348,proc,852,3952,intelligenceflowd,3904
1791444348,proc,858,12512,intelligencecontextd,12480
1791444348,proc,1078,192,aneuserd,192
1791444348,proc,1257,20880,Ollama,20848
1791444348,proc,1284,27584,ollama,27584
1791444348,proc,1299,336,GenerativeExperiencesSafetyInferenceProvider,336
1791444348,proc,1359,9376,IntelligencePlatformComputeService,9488
1791444348,proc,4746,643488,Claude Helper (Renderer),533568
1791444348,proc,10533,336,intelligencetasksd,336
1791444348,proc,11900,352,ANECompilerService,352
1791444348,proc,27908,416,intelligenceplatformd,416
1791444348,proc,38371,481824,Google Chrome Helper (Renderer),272624
1791444348,proc,65626,3312912,Python,3424896
1791444348,proc,65685,62144,node,0
1791444348,sys,162644,61,13708,1|1604|60472|47573
1791444349,proc,738,246816,Google Chrome,199648
1791444349,proc,780,368,visualintelligenced,368
1791444349,proc,787,4768,aned,4768
1791444349,proc,811,1120,translationd,1120
1791444349,proc,851,1056,generativeexperiencesd,1056
1791444349,proc,852,3952,intelligenceflowd,3904
1791444349,proc,858,12512,intelligencecontextd,12480
1791444349,proc,1078,192,aneuserd,192
1791444349,proc,1257,20880,Ollama,20848
1791444349,proc,1284,27584,ollama,27584
1791444349,proc,1299,336,GenerativeExperiencesSafetyInferenceProvider,336
1791444349,proc,1359,9376,IntelligencePlatformComputeService,9488
1791444349,proc,4746,643488,Claude Helper (Renderer),533568
1791444349,proc,10533,336,intelligencetasksd,336
1791444349,proc,11900,352,ANECompilerService,352
1791444349,proc,27908,416,intelligenceplatformd,416
1791444349,proc,38371,482160,Google Chrome Helper (Renderer),272624
1791444349,proc,65626,3312912,Python,3424896
1791444349,proc,65685,62144,node,0
1791444349,sys,162644,61,12652,1|1604|60472|47573
1791444350,proc,738,246816,Google Chrome,199648
1791444350,proc,780,368,visualintelligenced,368
1791444350,proc,787,4768,aned,4768
1791444350,proc,811,1120,translationd,1120
1791444350,proc,851,1056,generativeexperiencesd,1056
1791444350,proc,852,3952,intelligenceflowd,3904
1791444350,proc,858,12512,intelligencecontextd,12480
1791444350,proc,1078,192,aneuserd,192
1791444350,proc,1257,20880,Ollama,20848
1791444350,proc,1284,27584,ollama,27584
1791444350,proc,1299,336,GenerativeExperiencesSafetyInferenceProvider,336
1791444350,proc,1359,9376,IntelligencePlatformComputeService,9488
1791444350,proc,4746,643584,Claude Helper (Renderer),533568
1791444350,proc,10533,336,intelligencetasksd,336
1791444350,proc,11900,352,ANECompilerService,352
1791444350,proc,27908,416,intelligenceplatformd,416
1791444350,proc,38371,482688,Google Chrome Helper (Renderer),272624
1791444350,proc,65626,3312912,Python,3424896
1791444350,proc,65685,62144,node,0
1791444350,sys,162644,61,12709,1|1604|60472|47571
1791444351,proc,738,246816,Google Chrome,199648
1791444351,proc,780,368,visualintelligenced,368
1791444351,proc,787,4768,aned,4768
1791444351,proc,811,1120,translationd,1120
1791444351,proc,851,1056,generativeexperiencesd,1056
1791444351,proc,852,3952,intelligenceflowd,3904
1791444351,proc,858,12512,intelligencecontextd,12480
1791444351,proc,1078,192,aneuserd,192
1791444351,proc,1257,20880,Ollama,20848
1791444351,proc,1284,27584,ollama,27584
1791444351,proc,1299,336,GenerativeExperiencesSafetyInferenceProvider,336
1791444351,proc,1359,9376,IntelligencePlatformComputeService,9488
1791444351,proc,4746,643584,Claude Helper (Renderer),533568
1791444351,proc,10533,336,intelligencetasksd,336
1791444351,proc,11900,352,ANECompilerService,352
1791444351,proc,27908,416,intelligenceplatformd,416
1791444351,proc,38371,482688,Google Chrome Helper (Renderer),272624
1791444351,proc,65626,3312912,Python,3424896
1791444351,proc,65685,62144,node,0
1791444351,sys,162644,61,12870,1|1604|60472|47570
1791444352,proc,738,246816,Google Chrome,199648
1791444352,proc,780,368,visualintelligenced,368
1791444352,proc,787,4768,aned,4768
1791444352,proc,811,1120,translationd,1120
1791444352,proc,851,1056,generativeexperiencesd,1056
1791444352,proc,852,3952,intelligenceflowd,3904
1791444352,proc,858,12512,intelligencecontextd,12480
1791444352,proc,1078,192,aneuserd,192
1791444352,proc,1257,20880,Ollama,20848
1791444352,proc,1284,27584,ollama,27584
1791444352,proc,1299,336,GenerativeExperiencesSafetyInferenceProvider,336
1791444352,proc,1359,9376,IntelligencePlatformComputeService,9488
1791444352,proc,4746,643584,Claude Helper (Renderer),533568
1791444352,proc,10533,336,intelligencetasksd,336
1791444352,proc,11900,352,ANECompilerService,352
1791444352,proc,27908,416,intelligenceplatformd,416
1791444352,proc,38371,482736,Google Chrome Helper (Renderer),272624
1791444352,proc,65626,3312912,Python,3424896
1791444352,proc,65685,62144,node,0
1791444352,sys,162644,61,12857,1|1604|60476|47574
1791444353,proc,738,246816,Google Chrome,199648
1791444353,proc,780,368,visualintelligenced,368
1791444353,proc,787,4768,aned,4768
1791444353,proc,811,1120,translationd,1120
1791444353,proc,851,1056,generativeexperiencesd,1056
1791444353,proc,852,3904,intelligenceflowd,3904
1791444353,proc,858,12512,intelligencecontextd,12480
1791444353,proc,1078,192,aneuserd,192
1791444353,proc,1257,20880,Ollama,20848
1791444353,proc,1284,27584,ollama,27584
1791444353,proc,1299,336,GenerativeExperiencesSafetyInferenceProvider,336
1791444353,proc,1359,9376,IntelligencePlatformComputeService,9488
1791444353,proc,4746,643584,Claude Helper (Renderer),533568
1791444353,proc,10533,336,intelligencetasksd,336
1791444353,proc,11900,352,ANECompilerService,352
1791444353,proc,27908,416,intelligenceplatformd,416
1791444353,proc,38371,482736,Google Chrome Helper (Renderer),272624
1791444353,proc,65626,3312496,Python,3424896
1791444353,proc,65685,62192,node,0
1791444353,sys,162644,59,12739,1|1604|60476|47566
1791444354,proc,738,246816,Google Chrome,199648
1791444354,proc,780,368,visualintelligenced,368
1791444354,proc,787,4768,aned,4768
1791444354,proc,811,1120,translationd,1120
1791444354,proc,851,1056,generativeexperiencesd,1056
1791444354,proc,852,3904,intelligenceflowd,3904
1791444354,proc,858,12512,intelligencecontextd,12480
1791444354,proc,1078,192,aneuserd,192
1791444354,proc,1257,20880,Ollama,20848
1791444354,proc,1284,27584,ollama,27584
1791444354,proc,1299,336,GenerativeExperiencesSafetyInferenceProvider,336
1791444354,proc,1359,9376,IntelligencePlatformComputeService,9488
1791444354,proc,4746,643584,Claude Helper (Renderer),533568
1791444354,proc,10533,336,intelligencetasksd,336
1791444354,proc,11900,352,ANECompilerService,352
1791444354,proc,27908,416,intelligenceplatformd,416
1791444354,proc,38371,482800,Google Chrome Helper (Renderer),272624
1791444354,proc,65626,3312496,Python,3424896
1791444354,proc,65685,62192,node,0
1791444354,sys,162644,59,13112,1|1604|60476|47566
1791444355,proc,738,246816,Google Chrome,199648
1791444355,proc,780,368,visualintelligenced,368
1791444355,proc,787,4768,aned,4768
1791444355,proc,811,1120,translationd,1120
1791444355,proc,851,1056,generativeexperiencesd,1056
1791444355,proc,852,3904,intelligenceflowd,3904
1791444355,proc,858,12512,intelligencecontextd,12480
1791444355,proc,1078,192,aneuserd,192
1791444355,proc,1257,20880,Ollama,20848
1791444355,proc,1284,27584,ollama,27584
1791444355,proc,1299,336,GenerativeExperiencesSafetyInferenceProvider,336
1791444355,proc,1359,9376,IntelligencePlatformComputeService,9488
1791444355,proc,4746,643584,Claude Helper (Renderer),533568
1791444355,proc,10533,336,intelligencetasksd,336
1791444355,proc,11900,352,ANECompilerService,352
1791444355,proc,27908,416,intelligenceplatformd,416
1791444355,proc,38371,482816,Google Chrome Helper (Renderer),272624
1791444355,proc,65626,3312496,Python,3424896
1791444355,proc,65685,62192,node,0
1791444355,sys,162644,59,13771,1|1604|60476|47566
1791444356,proc,738,246816,Google Chrome,199648
1791444356,proc,780,368,visualintelligenced,368
1791444356,proc,787,4768,aned,4768
1791444356,proc,811,1120,translationd,1120
1791444356,proc,851,1056,generativeexperiencesd,1056
1791444356,proc,852,3904,intelligenceflowd,3904
1791444356,proc,858,12512,intelligencecontextd,12480
1791444356,proc,1078,192,aneuserd,192
1791444356,proc,1257,20880,Ollama,20848
1791444356,proc,1284,27584,ollama,27584
1791444356,proc,1299,336,GenerativeExperiencesSafetyInferenceProvider,336
1791444356,proc,1359,9376,IntelligencePlatformComputeService,9488
1791444356,proc,4746,643600,Claude Helper (Renderer),533568
1791444356,proc,10533,336,intelligencetasksd,336
1791444356,proc,11900,352,ANECompilerService,352
1791444356,proc,27908,416,intelligenceplatformd,416
1791444356,proc,38371,482816,Google Chrome Helper (Renderer),272624
1791444356,proc,65626,3313008,Python,3424896
1791444356,proc,65685,62192,node,0
1791444356,sys,162644,59,15410,1|1604|60476|47559
1791444357,proc,738,246816,Google Chrome,199648
1791444357,proc,780,368,visualintelligenced,368
1791444357,proc,787,4768,aned,4768
1791444357,proc,811,1120,translationd,1120
1791444357,proc,851,1056,generativeexperiencesd,1056
1791444357,proc,852,3904,intelligenceflowd,3904
1791444357,proc,858,12512,intelligencecontextd,12480
1791444357,proc,1078,192,aneuserd,192
1791444357,proc,1257,20880,Ollama,20848
1791444357,proc,1284,27584,ollama,27584
1791444357,proc,1299,336,GenerativeExperiencesSafetyInferenceProvider,336
1791444357,proc,1359,9376,IntelligencePlatformComputeService,9488
1791444357,proc,4746,643760,Claude Helper (Renderer),533568
1791444357,proc,10533,336,intelligencetasksd,336
1791444357,proc,11900,352,ANECompilerService,352
1791444357,proc,27908,416,intelligenceplatformd,416
1791444357,proc,38371,482816,Google Chrome Helper (Renderer),272624
1791444357,proc,65626,3312992,Python,3424896
1791444357,proc,65685,62192,node,0
1791444357,sys,162644,59,13601,1|1604|60476|47558
1791444358,proc,738,246816,Google Chrome,199648
1791444358,proc,780,368,visualintelligenced,368
1791444358,proc,787,4768,aned,4768
1791444358,proc,811,1120,translationd,1120
1791444358,proc,851,1056,generativeexperiencesd,1056
1791444358,proc,852,4000,intelligenceflowd,3904
1791444358,proc,858,12512,intelligencecontextd,12480
1791444358,proc,1078,192,aneuserd,192
1791444358,proc,1257,20880,Ollama,20848
1791444358,proc,1284,27584,ollama,27584
1791444358,proc,1299,336,GenerativeExperiencesSafetyInferenceProvider,336
1791444358,proc,1359,9376,IntelligencePlatformComputeService,9488
1791444358,proc,4746,643760,Claude Helper (Renderer),533568
1791444358,proc,10533,336,intelligencetasksd,336
1791444358,proc,11900,352,ANECompilerService,352
1791444358,proc,27908,416,intelligenceplatformd,416
1791444358,proc,38371,482816,Google Chrome Helper (Renderer),272624
1791444358,proc,65626,3312992,Python,3424896
1791444358,proc,65685,62192,node,0
1791444358,sys,162644,61,13158,1|1596|60504|47532
1791444360,proc,738,246816,Google Chrome,199648
1791444360,proc,780,368,visualintelligenced,368
1791444360,proc,787,4768,aned,4768
1791444360,proc,811,1120,translationd,1120
1791444360,proc,851,1056,generativeexperiencesd,1056
1791444360,proc,852,4000,intelligenceflowd,3904
1791444360,proc,858,12512,intelligencecontextd,12480
1791444360,proc,1078,192,aneuserd,192
1791444360,proc,1257,20880,Ollama,20848
1791444360,proc,1284,27584,ollama,27584
1791444360,proc,1299,336,GenerativeExperiencesSafetyInferenceProvider,336
1791444360,proc,1359,9376,IntelligencePlatformComputeService,9488
1791444360,proc,4746,643760,Claude Helper (Renderer),533568
1791444360,proc,10533,336,intelligencetasksd,336
1791444360,proc,11900,352,ANECompilerService,352
1791444360,proc,27908,416,intelligenceplatformd,416
1791444360,proc,38371,482816,Google Chrome Helper (Renderer),272624
1791444360,proc,65626,3312992,Python,3424896
1791444360,proc,65685,62192,node,0
1791444360,sys,162644,61,13167,1|1596|60504|47532
1791444361,proc,738,246816,Google Chrome,199648
1791444361,proc,780,368,visualintelligenced,368
1791444361,proc,787,4768,aned,4768
1791444361,proc,811,1120,translationd,1120
1791444361,proc,851,1056,generativeexperiencesd,1056
1791444361,proc,852,4000,intelligenceflowd,3904
1791444361,proc,858,12512,intelligencecontextd,12480
1791444361,proc,1078,192,aneuserd,192
1791444361,proc,1257,20880,Ollama,20848
1791444361,proc,1284,27584,ollama,27584
1791444361,proc,1299,336,GenerativeExperiencesSafetyInferenceProvider,336
1791444361,proc,1359,9376,IntelligencePlatformComputeService,9488
1791444361,proc,4746,643760,Claude Helper (Renderer),533568
1791444361,proc,10533,336,intelligencetasksd,336
1791444361,proc,11900,352,ANECompilerService,352
1791444361,proc,27908,416,intelligenceplatformd,416
1791444361,proc,38371,482816,Google Chrome Helper (Renderer),272624
1791444361,proc,65626,3312992,Python,3424896
1791444361,proc,65685,62192,node,0
1791444361,sys,162644,61,12818,1|1596|60504|47532
1791444362,proc,738,246816,Google Chrome,199648
1791444362,proc,780,368,visualintelligenced,368
1791444362,proc,787,4768,aned,4768
1791444362,proc,811,1120,translationd,1120
1791444362,proc,851,1056,generativeexperiencesd,1056
1791444362,proc,852,4000,intelligenceflowd,3904
1791444362,proc,858,12512,intelligencecontextd,12480
1791444362,proc,1078,192,aneuserd,192
1791444362,proc,1257,20880,Ollama,20848
1791444362,proc,1284,27584,ollama,27584
1791444362,proc,1299,336,GenerativeExperiencesSafetyInferenceProvider,336
1791444362,proc,1359,9376,IntelligencePlatformComputeService,9488
1791444362,proc,4746,643760,Claude Helper (Renderer),533568
1791444362,proc,10533,336,intelligencetasksd,336
1791444362,proc,11900,352,ANECompilerService,352
1791444362,proc,27908,416,intelligenceplatformd,416
1791444362,proc,38371,482816,Google Chrome Helper (Renderer),272624
1791444362,proc,65626,3312992,Python,3424896
1791444362,proc,65685,62192,node,0
1791444362,sys,162644,61,12841,1|1596|60504|47532
1791444363,proc,738,246816,Google Chrome,199648
1791444363,proc,780,368,visualintelligenced,368
1791444363,proc,787,4768,aned,4768
1791444363,proc,811,1120,translationd,1120
1791444363,proc,851,1056,generativeexperiencesd,1056
1791444363,proc,852,4000,intelligenceflowd,3904
1791444363,proc,858,12512,intelligencecontextd,12480
1791444363,proc,1078,192,aneuserd,192
1791444363,proc,1257,20880,Ollama,20848
1791444363,proc,1284,27584,ollama,27584
1791444363,proc,1299,336,GenerativeExperiencesSafetyInferenceProvider,336
1791444363,proc,1359,9376,IntelligencePlatformComputeService,9488
1791444363,proc,4746,643792,Claude Helper (Renderer),533568
1791444363,proc,10533,336,intelligencetasksd,336
1791444363,proc,11900,352,ANECompilerService,352
1791444363,proc,27908,416,intelligenceplatformd,416
1791444363,proc,38371,482816,Google Chrome Helper (Renderer),272624
1791444363,proc,65626,3312480,Python,3424896
1791444363,proc,65685,62256,node,0
1791444363,sys,162644,61,12746,1|1596|60504|47497
1791444364,proc,738,246816,Google Chrome,199648
1791444364,proc,780,368,visualintelligenced,368
1791444364,proc,787,4768,aned,4768
1791444364,proc,811,1120,translationd,1120
1791444364,proc,851,1056,generativeexperiencesd,1056
1791444364,proc,852,3984,intelligenceflowd,3904
1791444364,proc,858,12512,intelligencecontextd,12480
1791444364,proc,1078,192,aneuserd,192
1791444364,proc,1257,20880,Ollama,20848
1791444364,proc,1284,27584,ollama,27584
1791444364,proc,1299,336,GenerativeExperiencesSafetyInferenceProvider,336
1791444364,proc,1359,9376,IntelligencePlatformComputeService,9488
1791444364,proc,4746,643792,Claude Helper (Renderer),533568
1791444364,proc,10533,336,intelligencetasksd,336
1791444364,proc,11900,352,ANECompilerService,352
1791444364,proc,27908,416,intelligenceplatformd,416
1791444364,proc,38371,482816,Google Chrome Helper (Renderer),272624
1791444364,proc,65626,3312480,Python,3424896
1791444364,proc,65685,62256,node,0
1791444364,sys,162644,61,12398,1|1596|60504|47487
1791444365,proc,738,246816,Google Chrome,199648
1791444365,proc,780,368,visualintelligenced,368
1791444365,proc,787,4768,aned,4768
1791444365,proc,811,1120,translationd,1120
1791444365,proc,851,1056,generativeexperiencesd,1056
1791444365,proc,852,3984,intelligenceflowd,3904
1791444365,proc,858,12512,intelligencecontextd,12480
1791444365,proc,1078,192,aneuserd,192
1791444365,proc,1257,20880,Ollama,20848
1791444365,proc,1284,27584,ollama,27584
1791444365,proc,1299,336,GenerativeExperiencesSafetyInferenceProvider,336
1791444365,proc,1359,9376,IntelligencePlatformComputeService,9488
1791444365,proc,4746,643792,Claude Helper (Renderer),533568
1791444365,proc,10533,336,intelligencetasksd,336
1791444365,proc,11900,352,ANECompilerService,352
1791444365,proc,27908,416,intelligenceplatformd,416
1791444365,proc,38371,482816,Google Chrome Helper (Renderer),272624
1791444365,proc,65626,3312480,Python,3424896
1791444365,proc,65685,62256,node,0
1791444365,sys,162644,61,13267,1|1596|60504|47487
1791444366,proc,738,246816,Google Chrome,199648
1791444366,proc,780,368,visualintelligenced,368
1791444366,proc,787,4768,aned,4768
1791444366,proc,811,1120,translationd,1120
1791444366,proc,851,1056,generativeexperiencesd,1056
1791444366,proc,852,3984,intelligenceflowd,3904
1791444366,proc,858,12512,intelligencecontextd,12480
1791444366,proc,1078,192,aneuserd,192
1791444366,proc,1257,20880,Ollama,20848
1791444366,proc,1284,27584,ollama,27584
1791444366,proc,1299,336,GenerativeExperiencesSafetyInferenceProvider,336
1791444366,proc,1359,9376,IntelligencePlatformComputeService,9488
1791444366,proc,4746,643792,Claude Helper (Renderer),533568
1791444366,proc,10533,336,intelligencetasksd,336
1791444366,proc,11900,352,ANECompilerService,352
1791444366,proc,27908,416,intelligenceplatformd,416
1791444366,proc,38371,482816,Google Chrome Helper (Renderer),272624
1791444366,proc,65626,3312720,Python,3424896
1791444366,proc,65685,62256,node,0
1791444366,sys,162644,61,12764,1|1596|60504|47487
1791444367,proc,738,246816,Google Chrome,199648
1791444367,proc,780,368,visualintelligenced,368
1791444367,proc,787,4768,aned,4768
1791444367,proc,811,1120,translationd,1120
1791444367,proc,851,1056,generativeexperiencesd,1056
1791444367,proc,852,3984,intelligenceflowd,3904
1791444367,proc,858,12512,intelligencecontextd,12480
1791444367,proc,1078,192,aneuserd,192
1791444367,proc,1257,20880,Ollama,20848
1791444367,proc,1284,27584,ollama,27584
1791444367,proc,1299,336,GenerativeExperiencesSafetyInferenceProvider,336
1791444367,proc,1359,9376,IntelligencePlatformComputeService,9488
1791444367,proc,4746,643792,Claude Helper (Renderer),533568
1791444367,proc,10533,336,intelligencetasksd,336
1791444367,proc,11900,352,ANECompilerService,352
1791444367,proc,27908,416,intelligenceplatformd,416
1791444367,proc,38371,482816,Google Chrome Helper (Renderer),272624
1791444367,proc,65626,3312720,Python,3424896
1791444367,proc,65685,62256,node,0
1791444367,sys,162644,61,12840,1|1596|60504|47487
1791444368,proc,738,246816,Google Chrome,199648
1791444368,proc,780,368,visualintelligenced,368
1791444368,proc,787,4768,aned,4768
1791444368,proc,811,1120,translationd,1120
1791444368,proc,851,1056,generativeexperiencesd,1056
1791444368,proc,852,3984,intelligenceflowd,3904
1791444368,proc,858,12512,intelligencecontextd,12480
1791444368,proc,1078,192,aneuserd,192
1791444368,proc,1257,20880,Ollama,20848
1791444368,proc,1284,27584,ollama,27584
1791444368,proc,1299,336,GenerativeExperiencesSafetyInferenceProvider,336
1791444368,proc,1359,9376,IntelligencePlatformComputeService,9488
1791444368,proc,4746,643792,Claude Helper (Renderer),533568
1791444368,proc,10533,336,intelligencetasksd,336
1791444368,proc,11900,352,ANECompilerService,352
1791444368,proc,27908,416,intelligenceplatformd,416
1791444368,proc,38371,482464,Google Chrome Helper (Renderer),272624
1791444368,proc,65626,3312720,Python,3424896
1791444368,proc,65685,62256,node,0
1791444368,sys,162644,61,13826,1|1596|60504|47487
1791444369,proc,738,246816,Google Chrome,199648
1791444369,proc,780,368,visualintelligenced,368
1791444369,proc,787,4768,aned,4768
1791444369,proc,811,1120,translationd,1120
1791444369,proc,851,1056,generativeexperiencesd,1056
1791444369,proc,852,3984,intelligenceflowd,3904
1791444369,proc,858,12512,intelligencecontextd,12480
1791444369,proc,1078,192,aneuserd,192
1791444369,proc,1257,20880,Ollama,20848
1791444369,proc,1284,27584,ollama,27584
1791444369,proc,1299,336,GenerativeExperiencesSafetyInferenceProvider,336
1791444369,proc,1359,9376,IntelligencePlatformComputeService,9488
1791444369,proc,4746,643792,Claude Helper (Renderer),533568
1791444369,proc,10533,336,intelligencetasksd,336
1791444369,proc,11900,352,ANECompilerService,352
1791444369,proc,27908,416,intelligenceplatformd,416
1791444369,proc,38371,482480,Google Chrome Helper (Renderer),272624
1791444369,proc,65626,3312720,Python,3424896
1791444369,proc,65685,62256,node,0
1791444369,sys,162644,61,13492,1|1596|60504|47487
1791444370,proc,738,246816,Google Chrome,199648
1791444370,proc,780,368,visualintelligenced,368
1791444370,proc,787,4768,aned,4768
1791444370,proc,811,1120,translationd,1120
1791444370,proc,851,1056,generativeexperiencesd,1056
1791444370,proc,852,3984,intelligenceflowd,3904
1791444370,proc,858,12512,intelligencecontextd,12480
1791444370,proc,1078,192,aneuserd,192
1791444370,proc,1257,20880,Ollama,20848
1791444370,proc,1284,27584,ollama,27584
1791444370,proc,1299,336,GenerativeExperiencesSafetyInferenceProvider,336
1791444370,proc,1359,9376,IntelligencePlatformComputeService,9488
1791444370,proc,4746,643808,Claude Helper (Renderer),533568
1791444370,proc,10533,336,intelligencetasksd,336
1791444370,proc,11900,352,ANECompilerService,352
1791444370,proc,27908,416,intelligenceplatformd,416
1791444370,proc,38371,482480,Google Chrome Helper (Renderer),272624
1791444370,proc,65626,3312720,Python,3424896
1791444370,proc,65685,62256,node,0
1791444370,sys,162644,61,12063,1|1596|60504|47487
1791444371,proc,738,246816,Google Chrome,199648
1791444371,proc,780,368,visualintelligenced,368
1791444371,proc,787,4768,aned,4768
1791444371,proc,811,1120,translationd,1120
1791444371,proc,851,1056,generativeexperiencesd,1056
1791444371,proc,852,3984,intelligenceflowd,3904
1791444371,proc,858,12512,intelligencecontextd,12480
1791444371,proc,1078,192,aneuserd,192
1791444371,proc,1257,20880,Ollama,20848
1791444371,proc,1284,27584,ollama,27584
1791444371,proc,1299,336,GenerativeExperiencesSafetyInferenceProvider,336
1791444371,proc,1359,9376,IntelligencePlatformComputeService,9488
1791444371,proc,4746,643824,Claude Helper (Renderer),533568
1791444371,proc,10533,336,intelligencetasksd,336
1791444371,proc,11900,352,ANECompilerService,352
1791444371,proc,27908,416,intelligenceplatformd,416
1791444371,proc,38371,482480,Google Chrome Helper (Renderer),272624
1791444371,proc,65626,3312720,Python,3424896
1791444371,proc,65685,62256,node,0
1791444371,sys,162644,61,12398,1|1596|60504|47486
1791444372,proc,738,246816,Google Chrome,199648
1791444372,proc,780,368,visualintelligenced,368
1791444372,proc,787,4768,aned,4768
1791444372,proc,811,1120,translationd,1120
1791444372,proc,851,1056,generativeexperiencesd,1056
1791444372,proc,852,3984,intelligenceflowd,3904
1791444372,proc,858,12512,intelligencecontextd,12480
1791444372,proc,1078,192,aneuserd,192
1791444372,proc,1257,20880,Ollama,20848
1791444372,proc,1284,27584,ollama,27584
1791444372,proc,1299,336,GenerativeExperiencesSafetyInferenceProvider,336
1791444372,proc,1359,9376,IntelligencePlatformComputeService,9488
1791444372,proc,4746,643824,Claude Helper (Renderer),533568
1791444372,proc,10533,336,intelligencetasksd,336
1791444372,proc,11900,352,ANECompilerService,352
1791444372,proc,27908,416,intelligenceplatformd,416
1791444372,proc,38371,482480,Google Chrome Helper (Renderer),272624
1791444372,proc,65626,3312496,Python,3424896
1791444372,proc,65685,62320,node,0
1791444372,sys,162644,61,12600,1|1596|60504|47477
1791444373,proc,738,246816,Google Chrome,199648
1791444373,proc,780,368,visualintelligenced,368
1791444373,proc,787,4768,aned,4768
1791444373,proc,811,1120,translationd,1120
1791444373,proc,851,1056,generativeexperiencesd,1056
1791444373,proc,852,3984,intelligenceflowd,3904
1791444373,proc,858,12512,intelligencecontextd,12480
1791444373,proc,1078,192,aneuserd,192
1791444373,proc,1257,20880,Ollama,20848
1791444373,proc,1284,27584,ollama,27584
1791444373,proc,1299,336,GenerativeExperiencesSafetyInferenceProvider,336
1791444373,proc,1359,9376,IntelligencePlatformComputeService,9488
1791444373,proc,4746,643824,Claude Helper (Renderer),533568
1791444373,proc,10533,336,intelligencetasksd,336
1791444373,proc,11900,352,ANECompilerService,352
1791444373,proc,27908,416,intelligenceplatformd,416
1791444373,proc,38371,482480,Google Chrome Helper (Renderer),272624
1791444373,proc,65626,3312496,Python,3424896
1791444373,proc,65685,62320,node,0
1791444373,sys,162644,61,12309,1|1596|60504|47477
1791444374,proc,738,246816,Google Chrome,199648
1791444374,proc,780,368,visualintelligenced,368
1791444374,proc,787,4768,aned,4768
1791444374,proc,811,1120,translationd,1120
1791444374,proc,851,1056,generativeexperiencesd,1056
1791444374,proc,852,3984,intelligenceflowd,3904
1791444374,proc,858,12512,intelligencecontextd,12480
1791444374,proc,1078,192,aneuserd,192
1791444374,proc,1257,20880,Ollama,20848
1791444374,proc,1284,27584,ollama,27584
1791444374,proc,1299,336,GenerativeExperiencesSafetyInferenceProvider,336
1791444374,proc,1359,9376,IntelligencePlatformComputeService,9488
1791444374,proc,4746,643824,Claude Helper (Renderer),533568
1791444374,proc,10533,336,intelligencetasksd,336
1791444374,proc,11900,352,ANECompilerService,352
1791444374,proc,27908,416,intelligenceplatformd,416
1791444374,proc,38371,482480,Google Chrome Helper (Renderer),272624
1791444374,proc,65626,3312944,Python,3424896
1791444374,proc,65685,62320,node,0
1791444374,sys,162644,61,13590,1|1596|60504|47477
1791444376,proc,738,246816,Google Chrome,199648
1791444376,proc,780,368,visualintelligenced,368
1791444376,proc,787,4768,aned,4768
1791444376,proc,811,1120,translationd,1120
1791444376,proc,851,1056,generativeexperiencesd,1056
1791444376,proc,852,3984,intelligenceflowd,3904
1791444376,proc,858,12512,intelligencecontextd,12480
1791444376,proc,1078,192,aneuserd,192
1791444376,proc,1257,20880,Ollama,20848
1791444376,proc,1284,27584,ollama,27584
1791444376,proc,1299,336,GenerativeExperiencesSafetyInferenceProvider,336
1791444376,proc,1359,9376,IntelligencePlatformComputeService,9488
1791444376,proc,4746,643904,Claude Helper (Renderer),533568
1791444376,proc,10533,336,intelligencetasksd,336
1791444376,proc,11900,352,ANECompilerService,352
1791444376,proc,27908,416,intelligenceplatformd,416
1791444376,proc,38371,482480,Google Chrome Helper (Renderer),272624
1791444376,proc,65626,3312944,Python,3424896
1791444376,proc,65685,62320,node,0
1791444376,sys,162644,61,12979,1|1596|60504|47476
1791444377,proc,738,246816,Google Chrome,199648
1791444377,proc,780,368,visualintelligenced,368
1791444377,proc,787,4768,aned,4768
1791444377,proc,811,1120,translationd,1120
1791444377,proc,851,1056,generativeexperiencesd,1056
1791444377,proc,852,3984,intelligenceflowd,3904
1791444377,proc,858,12512,intelligencecontextd,12480
1791444377,proc,1078,192,aneuserd,192
1791444377,proc,1257,20880,Ollama,20848
1791444377,proc,1284,27584,ollama,27584
1791444377,proc,1299,336,GenerativeExperiencesSafetyInferenceProvider,336
1791444377,proc,1359,9376,IntelligencePlatformComputeService,9488
1791444377,proc,4746,643904,Claude Helper (Renderer),533568
1791444377,proc,10533,336,intelligencetasksd,336
1791444377,proc,11900,352,ANECompilerService,352
1791444377,proc,27908,416,intelligenceplatformd,416
1791444377,proc,38371,482480,Google Chrome Helper (Renderer),272624
1791444377,proc,65626,3312944,Python,3424896
1791444377,proc,65685,62320,node,0
1791444377,sys,162644,61,12239,1|1596|60504|47476
1791444378,proc,738,246816,Google Chrome,199648
1791444378,proc,780,368,visualintelligenced,368
1791444378,proc,787,4768,aned,4768
1791444378,proc,811,1120,translationd,1120
1791444378,proc,851,1056,generativeexperiencesd,1056
1791444378,proc,852,3984,intelligenceflowd,3904
1791444378,proc,858,12512,intelligencecontextd,12480
1791444378,proc,1078,192,aneuserd,192
1791444378,proc,1257,20880,Ollama,20848
1791444378,proc,1284,27584,ollama,27584
1791444378,proc,1299,336,GenerativeExperiencesSafetyInferenceProvider,336
1791444378,proc,1359,9376,IntelligencePlatformComputeService,9488
1791444378,proc,4746,643904,Claude Helper (Renderer),533568
1791444378,proc,10533,336,intelligencetasksd,336
1791444378,proc,11900,352,ANECompilerService,352
1791444378,proc,27908,416,intelligenceplatformd,416
1791444378,proc,38371,482480,Google Chrome Helper (Renderer),272624
1791444378,proc,65626,3312944,Python,3424896
1791444378,proc,65685,62320,node,0
1791444378,sys,162644,61,12568,1|1596|60504|47476
1791444379,proc,738,246816,Google Chrome,199648
1791444379,proc,780,368,visualintelligenced,368
1791444379,proc,787,4768,aned,4768
1791444379,proc,811,1120,translationd,1120
1791444379,proc,851,1056,generativeexperiencesd,1056
1791444379,proc,852,3984,intelligenceflowd,3904
1791444379,proc,858,12512,intelligencecontextd,12480
1791444379,proc,1078,192,aneuserd,192
1791444379,proc,1257,20880,Ollama,20848
1791444379,proc,1284,27584,ollama,27584
1791444379,proc,1299,336,GenerativeExperiencesSafetyInferenceProvider,336
1791444379,proc,1359,9376,IntelligencePlatformComputeService,9488
1791444379,proc,4746,643936,Claude Helper (Renderer),533568
1791444379,proc,10533,336,intelligencetasksd,336
1791444379,proc,11900,352,ANECompilerService,352
1791444379,proc,27908,416,intelligenceplatformd,416
1791444379,proc,38371,482480,Google Chrome Helper (Renderer),272624
1791444379,proc,65626,3312944,Python,3424896
1791444379,proc,65685,62320,node,0
1791444379,sys,162644,61,12012,1|1596|60520|47469
1791444380,proc,738,246800,Google Chrome,199648
1791444380,proc,780,368,visualintelligenced,368
1791444380,proc,787,4768,aned,4768
1791444380,proc,811,1120,translationd,1120
1791444380,proc,851,1056,generativeexperiencesd,1056
1791444380,proc,852,3984,intelligenceflowd,3904
1791444380,proc,858,12512,intelligencecontextd,12480
1791444380,proc,1078,192,aneuserd,192
1791444380,proc,1257,20880,Ollama,20848
1791444380,proc,1284,27584,ollama,27584
1791444380,proc,1299,336,GenerativeExperiencesSafetyInferenceProvider,336
1791444380,proc,1359,9376,IntelligencePlatformComputeService,9488
1791444380,proc,4746,644016,Claude Helper (Renderer),533568
1791444380,proc,10533,336,intelligencetasksd,336
1791444380,proc,11900,352,ANECompilerService,352
1791444380,proc,27908,416,intelligenceplatformd,416
1791444380,proc,38371,482480,Google Chrome Helper (Renderer),272624
1791444380,proc,65626,3312944,Python,3424896
1791444380,proc,65685,62320,node,0
1791444380,sys,162644,61,12033,1|1596|60528|47468
1791444381,proc,738,246800,Google Chrome,199648
1791444381,proc,780,368,visualintelligenced,368
1791444381,proc,787,4768,aned,4768
1791444381,proc,811,1120,translationd,1120
1791444381,proc,851,1056,generativeexperiencesd,1056
1791444381,proc,852,3984,intelligenceflowd,3904
1791444381,proc,858,12512,intelligencecontextd,12480
1791444381,proc,1078,192,aneuserd,192
1791444381,proc,1257,20880,Ollama,20848
1791444381,proc,1284,27584,ollama,27584
1791444381,proc,1299,336,GenerativeExperiencesSafetyInferenceProvider,336
1791444381,proc,1359,9376,IntelligencePlatformComputeService,9488
1791444381,proc,4746,644432,Claude Helper (Renderer),533568
1791444381,proc,10533,336,intelligencetasksd,336
1791444381,proc,11900,352,ANECompilerService,352
1791444381,proc,27908,416,intelligenceplatformd,416
1791444381,proc,38371,482480,Google Chrome Helper (Renderer),272624
1791444381,proc,65626,3312384,Python,3424896
1791444381,proc,65685,62384,node,0
1791444381,sys,162644,61,13874,1|1596|60568|47485
1791444382,proc,738,246800,Google Chrome,199648
1791444382,proc,780,368,visualintelligenced,368
1791444382,proc,787,4768,aned,4768
1791444382,proc,811,1120,translationd,1120
1791444382,proc,851,1056,generativeexperiencesd,1056
1791444382,proc,852,3984,intelligenceflowd,3904
1791444382,proc,858,12512,intelligencecontextd,12480
1791444382,proc,1078,192,aneuserd,192
1791444382,proc,1257,20880,Ollama,20848
1791444382,proc,1284,27584,ollama,27584
1791444382,proc,1299,336,GenerativeExperiencesSafetyInferenceProvider,336
1791444382,proc,1359,9376,IntelligencePlatformComputeService,9488
1791444382,proc,4746,644448,Claude Helper (Renderer),533568
1791444382,proc,10533,336,intelligencetasksd,336
1791444382,proc,11900,352,ANECompilerService,352
1791444382,proc,27908,416,intelligenceplatformd,416
1791444382,proc,38371,482592,Google Chrome Helper (Renderer),272624
1791444382,proc,65626,3312384,Python,3424896
1791444382,proc,65685,62384,node,0
1791444382,sys,162644,61,13525,1|1596|60568|47477
1791444383,proc,738,246800,Google Chrome,199648
1791444383,proc,780,368,visualintelligenced,368
1791444383,proc,787,4768,aned,4768
1791444383,proc,811,1120,translationd,1120
1791444383,proc,851,1056,generativeexperiencesd,1056
1791444383,proc,852,3984,intelligenceflowd,3904
1791444383,proc,858,12512,intelligencecontextd,12480
1791444383,proc,1078,192,aneuserd,192
1791444383,proc,1257,20880,Ollama,20848
1791444383,proc,1284,27584,ollama,27584
1791444383,proc,1299,336,GenerativeExperiencesSafetyInferenceProvider,336
1791444383,proc,1359,9376,IntelligencePlatformComputeService,9488
1791444383,proc,4746,649088,Claude Helper (Renderer),533568
1791444383,proc,10533,336,intelligencetasksd,336
1791444383,proc,11900,352,ANECompilerService,352
1791444383,proc,27908,416,intelligenceplatformd,416
1791444383,proc,38371,482592,Google Chrome Helper (Renderer),272624
1791444383,proc,65626,3312384,Python,3424896
1791444383,proc,65685,62384,node,0
1791444383,sys,162644,61,10236,1|1596|60600|47479
1791444384,proc,738,246800,Google Chrome,199648
1791444384,proc,780,368,visualintelligenced,368
1791444384,proc,787,4768,aned,4768
1791444384,proc,811,1120,translationd,1120
1791444384,proc,851,1056,generativeexperiencesd,1056
1791444384,proc,852,3984,intelligenceflowd,3904
1791444384,proc,858,12512,intelligencecontextd,12480
1791444384,proc,1078,192,aneuserd,192
1791444384,proc,1257,20880,Ollama,20848
1791444384,proc,1284,27584,ollama,27584
1791444384,proc,1299,336,GenerativeExperiencesSafetyInferenceProvider,336
1791444384,proc,1359,9376,IntelligencePlatformComputeService,9488
1791444384,proc,4746,648976,Claude Helper (Renderer),533568
1791444384,proc,10533,336,intelligencetasksd,336
1791444384,proc,11900,352,ANECompilerService,352
1791444384,proc,27908,416,intelligenceplatformd,416
1791444384,proc,38371,482592,Google Chrome Helper (Renderer),272624
1791444384,proc,65626,3313008,Python,3424896
1791444384,proc,65685,62384,node,0
1791444384,sys,162644,61,10688,1|1596|60612|47480
1791444385,proc,738,246800,Google Chrome,199648
1791444385,proc,780,368,visualintelligenced,368
1791444385,proc,787,4768,aned,4768
1791444385,proc,811,1120,translationd,1120
1791444385,proc,851,1056,generativeexperiencesd,1056
1791444385,proc,852,3984,intelligenceflowd,3904
1791444385,proc,858,12512,intelligencecontextd,12480
1791444385,proc,1078,192,aneuserd,192
1791444385,proc,1257,20880,Ollama,20848
1791444385,proc,1284,27584,ollama,27584
1791444385,proc,1299,336,GenerativeExperiencesSafetyInferenceProvider,336
1791444385,proc,1359,9376,IntelligencePlatformComputeService,9488
1791444385,proc,4746,650176,Claude Helper (Renderer),533568
1791444385,proc,10533,336,intelligencetasksd,336
1791444385,proc,11900,352,ANECompilerService,352
1791444385,proc,27908,416,intelligenceplatformd,416
1791444385,proc,38371,482608,Google Chrome Helper (Renderer),272624
1791444385,proc,65626,3313008,Python,3424896
1791444385,proc,65685,62384,node,0
1791444385,sys,162644,60,9800,1|1596|60624|47492
1791444386,proc,738,246800,Google Chrome,199648
1791444386,proc,780,368,visualintelligenced,368
1791444386,proc,787,4768,aned,4768
1791444386,proc,811,1120,translationd,1120
1791444386,proc,851,1056,generativeexperiencesd,1056
1791444386,proc,852,3984,intelligenceflowd,3904
1791444386,proc,858,12512,intelligencecontextd,12480
1791444386,proc,1078,192,aneuserd,192
1791444386,proc,1257,20880,Ollama,20848
1791444386,proc,1284,27584,ollama,27584
1791444386,proc,1299,336,GenerativeExperiencesSafetyInferenceProvider,336
1791444386,proc,1359,9376,IntelligencePlatformComputeService,9488
1791444386,proc,4746,650384,Claude Helper (Renderer),533568
1791444386,proc,10533,336,intelligencetasksd,336
1791444386,proc,11900,352,ANECompilerService,352
1791444386,proc,27908,416,intelligenceplatformd,416
1791444386,proc,38371,482608,Google Chrome Helper (Renderer),272624
1791444386,proc,65626,3313008,Python,3424896
1791444386,proc,65685,62384,node,0
1791444386,sys,162644,60,9779,1|1596|60624|47492
1791444387,proc,738,246800,Google Chrome,199648
1791444387,proc,780,368,visualintelligenced,368
1791444387,proc,787,4768,aned,4768
1791444387,proc,811,1120,translationd,1120
1791444387,proc,851,1056,generativeexperiencesd,1056
1791444387,proc,852,3984,intelligenceflowd,3904
1791444387,proc,858,12512,intelligencecontextd,12480
1791444387,proc,1078,192,aneuserd,192
1791444387,proc,1257,20880,Ollama,20848
1791444387,proc,1284,27584,ollama,27584
1791444387,proc,1299,336,GenerativeExperiencesSafetyInferenceProvider,336
1791444387,proc,1359,9376,IntelligencePlatformComputeService,9488
1791444387,proc,4746,650320,Claude Helper (Renderer),533568
1791444387,proc,10533,336,intelligencetasksd,336
1791444387,proc,11900,352,ANECompilerService,352
1791444387,proc,27908,416,intelligenceplatformd,416
1791444387,proc,38371,482608,Google Chrome Helper (Renderer),272624
1791444387,proc,65626,3313008,Python,3424896
1791444387,proc,65685,62384,node,0
1791444387,sys,162644,60,11154,1|1596|60624|47492
1791444388,proc,738,246800,Google Chrome,199648
1791444388,proc,780,368,visualintelligenced,368
1791444388,proc,787,4768,aned,4768
1791444388,proc,811,1120,translationd,1120
1791444388,proc,851,1056,generativeexperiencesd,1056
1791444388,proc,852,3984,intelligenceflowd,3904
1791444388,proc,858,12512,intelligencecontextd,12480
1791444388,proc,1078,192,aneuserd,192
1791444388,proc,1257,20880,Ollama,20848
1791444388,proc,1284,27584,ollama,27584
1791444388,proc,1299,336,GenerativeExperiencesSafetyInferenceProvider,336
1791444388,proc,1359,9376,IntelligencePlatformComputeService,9488
1791444388,proc,4746,650400,Claude Helper (Renderer),533568
1791444388,proc,10533,336,intelligencetasksd,336
1791444388,proc,11900,352,ANECompilerService,352
1791444388,proc,27908,416,intelligenceplatformd,416
1791444388,proc,38371,482608,Google Chrome Helper (Renderer),272624
1791444388,proc,65626,3312384,Python,3424896
1791444388,proc,65685,62480,node,0
1791444388,sys,162644,60,12438,1|1596|60624|47492
1791444389,proc,738,246816,Google Chrome,199648
1791444389,proc,780,368,visualintelligenced,368
1791444389,proc,787,4768,aned,4768
1791444389,proc,811,1120,translationd,1120
1791444389,proc,851,1056,generativeexperiencesd,1056
1791444389,proc,852,3984,intelligenceflowd,3904
1791444389,proc,858,12512,intelligencecontextd,12480
1791444389,proc,1078,192,aneuserd,192
1791444389,proc,1257,20880,Ollama,20848
1791444389,proc,1284,27584,ollama,27584
1791444389,proc,1299,336,GenerativeExperiencesSafetyInferenceProvider,336
1791444389,proc,1359,9376,IntelligencePlatformComputeService,9488
1791444389,proc,4746,651296,Claude Helper (Renderer),533568
1791444389,proc,10533,336,intelligencetasksd,336
1791444389,proc,11900,352,ANECompilerService,352
1791444389,proc,27908,416,intelligenceplatformd,416
1791444389,proc,38371,482608,Google Chrome Helper (Renderer),272624
1791444389,proc,65626,3312384,Python,3424896
1791444389,proc,65685,62480,node,0
1791444389,sys,162644,60,13119,1|1596|60624|47490
1791444390,proc,738,246816,Google Chrome,199648
1791444390,proc,780,368,visualintelligenced,368
1791444390,proc,787,4768,aned,4768
1791444390,proc,811,1120,translationd,1120
1791444390,proc,851,1056,generativeexperiencesd,1056
1791444390,proc,852,3984,intelligenceflowd,3904
1791444390,proc,858,12512,intelligencecontextd,12480
1791444390,proc,1078,192,aneuserd,192
1791444390,proc,1257,20880,Ollama,20848
1791444390,proc,1284,27584,ollama,27584
1791444390,proc,1299,336,GenerativeExperiencesSafetyInferenceProvider,336
1791444390,proc,1359,9376,IntelligencePlatformComputeService,9488
1791444390,proc,4746,651664,Claude Helper (Renderer),533568
1791444390,proc,10533,336,intelligencetasksd,336
1791444390,proc,11900,352,ANECompilerService,352
1791444390,proc,27908,416,intelligenceplatformd,416
1791444390,proc,38371,482608,Google Chrome Helper (Renderer),272624
1791444390,proc,65626,3312384,Python,3424896
1791444390,proc,65685,62480,node,0
1791444390,sys,162644,60,13830,1|1596|60624|47482
1791444392,proc,738,246816,Google Chrome,199648
1791444392,proc,780,368,visualintelligenced,368
1791444392,proc,787,4768,aned,4768
1791444392,proc,811,1120,translationd,1120
1791444392,proc,851,1056,generativeexperiencesd,1056
1791444392,proc,852,3984,intelligenceflowd,3904
1791444392,proc,858,12512,intelligencecontextd,12480
1791444392,proc,1078,192,aneuserd,192
1791444392,proc,1257,20880,Ollama,20848
1791444392,proc,1284,27584,ollama,27584
1791444392,proc,1299,336,GenerativeExperiencesSafetyInferenceProvider,336
1791444392,proc,1359,9376,IntelligencePlatformComputeService,9488
1791444392,proc,4746,652336,Claude Helper (Renderer),533568
1791444392,proc,10533,336,intelligencetasksd,336
1791444392,proc,11900,352,ANECompilerService,352
1791444392,proc,27908,416,intelligenceplatformd,416
1791444392,proc,38371,482608,Google Chrome Helper (Renderer),272624
1791444392,proc,65626,3312400,Python,3424896
1791444392,proc,65685,62480,node,0
1791444392,sys,162644,60,13729,1|1596|60624|47474
1791444393,proc,738,246816,Google Chrome,199648
1791444393,proc,780,368,visualintelligenced,368
1791444393,proc,787,4768,aned,4768
1791444393,proc,811,1120,translationd,1120
1791444393,proc,851,1056,generativeexperiencesd,1056
1791444393,proc,852,3984,intelligenceflowd,3904
1791444393,proc,858,12512,intelligencecontextd,12480
1791444393,proc,1078,192,aneuserd,192
1791444393,proc,1257,20880,Ollama,20848
1791444393,proc,1284,27584,ollama,27584
1791444393,proc,1299,336,GenerativeExperiencesSafetyInferenceProvider,336
1791444393,proc,1359,9376,IntelligencePlatformComputeService,9488
1791444393,proc,4746,652720,Claude Helper (Renderer),533568
1791444393,proc,10533,336,intelligencetasksd,336
1791444393,proc,11900,352,ANECompilerService,352
1791444393,proc,27908,416,intelligenceplatformd,416
1791444393,proc,38371,482608,Google Chrome Helper (Renderer),272624
1791444393,proc,65626,3312896,Python,3424896
1791444393,proc,65685,62480,node,0
1791444393,sys,162644,60,14375,1|1596|60624|47474
1791444394,proc,738,246816,Google Chrome,199648
1791444394,proc,780,368,visualintelligenced,368
1791444394,proc,787,4768,aned,4768
1791444394,proc,811,1120,translationd,1120
1791444394,proc,851,1056,generativeexperiencesd,1056
1791444394,proc,852,3984,intelligenceflowd,3904
1791444394,proc,858,12512,intelligencecontextd,12480
1791444394,proc,1078,192,aneuserd,192
1791444394,proc,1257,20880,Ollama,20848
1791444394,proc,1284,27584,ollama,27584
1791444394,proc,1299,336,GenerativeExperiencesSafetyInferenceProvider,336
1791444394,proc,1359,9376,IntelligencePlatformComputeService,9488
1791444394,proc,4746,653104,Claude Helper (Renderer),533568
1791444394,proc,10533,336,intelligencetasksd,336
1791444394,proc,11900,352,ANECompilerService,352
1791444394,proc,27908,416,intelligenceplatformd,416
1791444394,proc,38371,482688,Google Chrome Helper (Renderer),272624
1791444394,proc,65626,3313184,Python,3424896
1791444394,proc,65685,62480,node,0
1791444394,sys,162644,60,13966,1|1596|60624|47456
1791444395,proc,738,246800,Google Chrome,199648
1791444395,proc,780,368,visualintelligenced,368
1791444395,proc,787,4768,aned,4768
1791444395,proc,811,1120,translationd,1120
1791444395,proc,851,1056,generativeexperiencesd,1056
1791444395,proc,852,3984,intelligenceflowd,3904
1791444395,proc,858,12512,intelligencecontextd,12480
1791444395,proc,1078,192,aneuserd,192
1791444395,proc,1257,20880,Ollama,20848
1791444395,proc,1284,27584,ollama,27584
1791444395,proc,1299,336,GenerativeExperiencesSafetyInferenceProvider,336
1791444395,proc,1359,9376,IntelligencePlatformComputeService,9488
1791444395,proc,4746,653824,Claude Helper (Renderer),533568
1791444395,proc,10533,336,intelligencetasksd,336
1791444395,proc,11900,352,ANECompilerService,352
1791444395,proc,27908,416,intelligenceplatformd,416
1791444395,proc,38371,482688,Google Chrome Helper (Renderer),272624
1791444395,proc,65626,3313184,Python,3424896
1791444395,proc,65685,62480,node,0
1791444395,sys,162644,60,13918,1|1596|60624|47455
1791444396,proc,738,246800,Google Chrome,199648
1791444396,proc,780,368,visualintelligenced,368
1791444396,proc,787,4768,aned,4768
1791444396,proc,811,1120,translationd,1120
1791444396,proc,851,1056,generativeexperiencesd,1056
1791444396,proc,852,3984,intelligenceflowd,3904
1791444396,proc,858,12512,intelligencecontextd,12480
1791444396,proc,1078,192,aneuserd,192
1791444396,proc,1257,20880,Ollama,20848
1791444396,proc,1284,27584,ollama,27584
1791444396,proc,1299,336,GenerativeExperiencesSafetyInferenceProvider,336
1791444396,proc,1359,9376,IntelligencePlatformComputeService,9488
1791444396,proc,4746,655232,Claude Helper (Renderer),533568
1791444396,proc,10533,336,intelligencetasksd,336
1791444396,proc,11900,352,ANECompilerService,352
1791444396,proc,27908,416,intelligenceplatformd,416
1791444396,proc,38371,482688,Google Chrome Helper (Renderer),272624
1791444396,proc,65626,3313184,Python,3424896
1791444396,proc,65685,62480,node,0
1791444396,sys,162644,60,13837,1|1596|60624|47455
1791444397,proc,738,246800,Google Chrome,199648
1791444397,proc,780,368,visualintelligenced,368
1791444397,proc,787,4768,aned,4768
1791444397,proc,811,1120,translationd,1120
1791444397,proc,851,1056,generativeexperiencesd,1056
1791444397,proc,852,3984,intelligenceflowd,3904
1791444397,proc,858,12512,intelligencecontextd,12480
1791444397,proc,1078,192,aneuserd,192
1791444397,proc,1257,20880,Ollama,20848
1791444397,proc,1284,27584,ollama,27584
1791444397,proc,1299,336,GenerativeExperiencesSafetyInferenceProvider,336
1791444397,proc,1359,9376,IntelligencePlatformComputeService,9488
1791444397,proc,4746,657184,Claude Helper (Renderer),533568
1791444397,proc,10533,336,intelligencetasksd,336
1791444397,proc,11900,352,ANECompilerService,352
1791444397,proc,27908,416,intelligenceplatformd,416
1791444397,proc,38371,482688,Google Chrome Helper (Renderer),272624
1791444397,proc,65626,3313200,Python,3424896
1791444397,proc,65685,62480,node,0
1791444397,sys,162644,60,13730,1|1596|60624|47455
1791444398,proc,738,246800,Google Chrome,199648
1791444398,proc,780,368,visualintelligenced,368
1791444398,proc,787,4768,aned,4768
1791444398,proc,811,1120,translationd,1120
1791444398,proc,851,1056,generativeexperiencesd,1056
1791444398,proc,852,3984,intelligenceflowd,3904
1791444398,proc,858,12512,intelligencecontextd,12480
1791444398,proc,1078,192,aneuserd,192
1791444398,proc,1257,20880,Ollama,20848
1791444398,proc,1284,27584,ollama,27584
1791444398,proc,1299,336,GenerativeExperiencesSafetyInferenceProvider,336
1791444398,proc,1359,9376,IntelligencePlatformComputeService,9488
1791444398,proc,4746,642448,Claude Helper (Renderer),533568
1791444398,proc,10533,336,intelligencetasksd,336
1791444398,proc,11900,352,ANECompilerService,352
1791444398,proc,27908,416,intelligenceplatformd,416
1791444398,proc,38371,482688,Google Chrome Helper (Renderer),272624
1791444398,proc,65626,3312464,Python,3424896
1791444398,proc,65685,62608,node,0
1791444398,sys,162644,60,13577,1|1596|60624|47454
1791444399,proc,738,246800,Google Chrome,199648
1791444399,proc,780,368,visualintelligenced,368
1791444399,proc,787,4768,aned,4768
1791444399,proc,811,1120,translationd,1120
1791444399,proc,851,1056,generativeexperiencesd,1056
1791444399,proc,852,3984,intelligenceflowd,3904
1791444399,proc,858,12512,intelligencecontextd,12480
1791444399,proc,1078,192,aneuserd,192
1791444399,proc,1257,20880,Ollama,20848
1791444399,proc,1284,27584,ollama,27584
1791444399,proc,1299,336,GenerativeExperiencesSafetyInferenceProvider,336
1791444399,proc,1359,9376,IntelligencePlatformComputeService,9488
1791444399,proc,4746,642512,Claude Helper (Renderer),533568
1791444399,proc,10533,336,intelligencetasksd,336
1791444399,proc,11900,352,ANECompilerService,352
1791444399,proc,27908,416,intelligenceplatformd,416
1791444399,proc,38371,482688,Google Chrome Helper (Renderer),272624
1791444399,proc,65626,3312464,Python,3424896
1791444399,proc,65685,62608,node,0
1791444399,sys,162644,60,13377,1|1596|60624|47428
1791444400,proc,738,246800,Google Chrome,199648
1791444400,proc,780,368,visualintelligenced,368
1791444400,proc,787,4768,aned,4768
1791444400,proc,811,1120,translationd,1120
1791444400,proc,851,1056,generativeexperiencesd,1056
1791444400,proc,852,3984,intelligenceflowd,3904
1791444400,proc,858,12512,intelligencecontextd,12480
1791444400,proc,1078,192,aneuserd,192
1791444400,proc,1257,20880,Ollama,20848
1791444400,proc,1284,27584,ollama,27584
1791444400,proc,1299,336,GenerativeExperiencesSafetyInferenceProvider,336
1791444400,proc,1359,9376,IntelligencePlatformComputeService,9488
1791444400,proc,4746,642672,Claude Helper (Renderer),533568
1791444400,proc,10533,336,intelligencetasksd,336
1791444400,proc,11900,352,ANECompilerService,352
1791444400,proc,27908,416,intelligenceplatformd,416
1791444400,proc,38371,482688,Google Chrome Helper (Renderer),272624
1791444400,proc,65626,3312464,Python,3424896
1791444400,proc,65685,62608,node,0
1791444400,sys,162644,60,13402,1|1596|60624|47428
1791444401,proc,738,246800,Google Chrome,199648
1791444401,proc,780,368,visualintelligenced,368
1791444401,proc,787,4768,aned,4768
1791444401,proc,811,1120,translationd,1120
1791444401,proc,851,1056,generativeexperiencesd,1056
1791444401,proc,852,3984,intelligenceflowd,3904
1791444401,proc,858,12512,intelligencecontextd,12480
1791444401,proc,1078,192,aneuserd,192
1791444401,proc,1257,20880,Ollama,20848
1791444401,proc,1284,27584,ollama,27584
1791444401,proc,1299,336,GenerativeExperiencesSafetyInferenceProvider,336
1791444401,proc,1359,9376,IntelligencePlatformComputeService,9488
1791444401,proc,4746,642736,Claude Helper (Renderer),533568
1791444401,proc,10533,336,intelligencetasksd,336
1791444401,proc,11900,352,ANECompilerService,352
1791444401,proc,27908,416,intelligenceplatformd,416
1791444401,proc,38371,482688,Google Chrome Helper (Renderer),272624
1791444401,proc,65626,3312464,Python,3424896
1791444401,proc,65685,62608,node,0
1791444401,sys,162644,61,13355,1|1596|60628|47428
1791444402,proc,738,246800,Google Chrome,199648
1791444402,proc,780,368,visualintelligenced,368
1791444402,proc,787,4768,aned,4768
1791444402,proc,811,1120,translationd,1120
1791444402,proc,851,1056,generativeexperiencesd,1056
1791444402,proc,852,3984,intelligenceflowd,3904
1791444402,proc,858,12512,intelligencecontextd,12480
1791444402,proc,1078,192,aneuserd,192
1791444402,proc,1257,20880,Ollama,20848
1791444402,proc,1284,27584,ollama,27584
1791444402,proc,1299,336,GenerativeExperiencesSafetyInferenceProvider,336
1791444402,proc,1359,9376,IntelligencePlatformComputeService,9488
1791444402,proc,4746,643056,Claude Helper (Renderer),533568
1791444402,proc,10533,336,intelligencetasksd,336
1791444402,proc,11900,352,ANECompilerService,352
1791444402,proc,27908,416,intelligenceplatformd,416
1791444402,proc,38371,482688,Google Chrome Helper (Renderer),272624
1791444402,proc,65626,3312640,Python,3424896
1791444402,proc,65685,62608,node,0
1791444402,sys,162644,61,12968,1|1596|60628|47421
1791444403,proc,738,246800,Google Chrome,199648
1791444403,proc,780,368,visualintelligenced,368
1791444403,proc,787,4768,aned,4768
1791444403,proc,811,1120,translationd,1120
1791444403,proc,851,1056,generativeexperiencesd,1056
1791444403,proc,852,3984,intelligenceflowd,3904
1791444403,proc,858,12512,intelligencecontextd,12480
1791444403,proc,1078,192,aneuserd,192
1791444403,proc,1257,20880,Ollama,20848
1791444403,proc,1284,27584,ollama,27584
1791444403,proc,1299,336,GenerativeExperiencesSafetyInferenceProvider,336
1791444403,proc,1359,9376,IntelligencePlatformComputeService,9488
1791444403,proc,4746,644400,Claude Helper (Renderer),533568
1791444403,proc,10533,336,intelligencetasksd,336
1791444403,proc,11900,352,ANECompilerService,352
1791444403,proc,27908,416,intelligenceplatformd,416
1791444403,proc,38371,482688,Google Chrome Helper (Renderer),272624
1791444403,proc,65626,3313136,Python,3424896
1791444403,proc,65685,62608,node,0
1791444403,sys,162644,61,12849,1|1596|60648|47420
1791444404,proc,738,246800,Google Chrome,199648
1791444404,proc,780,368,visualintelligenced,368
1791444404,proc,787,4768,aned,4768
1791444404,proc,811,1120,translationd,1120
1791444404,proc,851,1056,generativeexperiencesd,1056
1791444404,proc,852,3984,intelligenceflowd,3904
1791444404,proc,858,12512,intelligencecontextd,12480
1791444404,proc,1078,192,aneuserd,192
1791444404,proc,1257,20880,Ollama,20848
1791444404,proc,1284,27584,ollama,27584
1791444404,proc,1299,336,GenerativeExperiencesSafetyInferenceProvider,336
1791444404,proc,1359,9376,IntelligencePlatformComputeService,9488
1791444404,proc,4746,644192,Claude Helper (Renderer),533568
1791444404,proc,10533,336,intelligencetasksd,336
1791444404,proc,11900,352,ANECompilerService,352
1791444404,proc,27908,416,intelligenceplatformd,416
1791444404,proc,38371,482688,Google Chrome Helper (Renderer),272624
1791444404,proc,65626,3313136,Python,3424896
1791444404,proc,65685,62608,node,0
1791444404,sys,162644,61,12861,1|1596|60652|47423
1791444405,proc,738,246800,Google Chrome,199648
1791444405,proc,780,368,visualintelligenced,368
1791444405,proc,787,4768,aned,4768
1791444405,proc,811,1120,translationd,1120
1791444405,proc,851,1056,generativeexperiencesd,1056
1791444405,proc,852,3984,intelligenceflowd,3904
1791444405,proc,858,12512,intelligencecontextd,12480
1791444405,proc,1078,192,aneuserd,192
1791444405,proc,1257,20880,Ollama,20848
1791444405,proc,1284,27584,ollama,27584
1791444405,proc,1299,336,GenerativeExperiencesSafetyInferenceProvider,336
1791444405,proc,1359,9376,IntelligencePlatformComputeService,9488
1791444405,proc,4746,644592,Claude Helper (Renderer),533568
1791444405,proc,10533,336,intelligencetasksd,336
1791444405,proc,11900,352,ANECompilerService,352
1791444405,proc,27908,416,intelligenceplatformd,416
1791444405,proc,38371,482688,Google Chrome Helper (Renderer),272624
1791444405,proc,65626,3313136,Python,3424896
1791444405,proc,65685,62608,node,0
1791444405,sys,162644,61,12849,1|1596|60652|47422
1791444406,proc,738,246800,Google Chrome,199648
1791444406,proc,780,368,visualintelligenced,368
1791444406,proc,787,4768,aned,4768
1791444406,proc,811,1120,translationd,1120
1791444406,proc,851,1056,generativeexperiencesd,1056
1791444406,proc,852,3984,intelligenceflowd,3904
1791444406,proc,858,12512,intelligencecontextd,12480
1791444406,proc,1078,192,aneuserd,192
1791444406,proc,1257,20880,Ollama,20848
1791444406,proc,1284,27584,ollama,27584
1791444406,proc,1299,336,GenerativeExperiencesSafetyInferenceProvider,336
1791444406,proc,1359,9376,IntelligencePlatformComputeService,9488
1791444406,proc,4746,644720,Claude Helper (Renderer),533568
1791444406,proc,10533,336,intelligencetasksd,336
1791444406,proc,11900,352,ANECompilerService,352
1791444406,proc,27908,416,intelligenceplatformd,416
1791444406,proc,38371,482864,Google Chrome Helper (Renderer),272624
1791444406,proc,65626,3312576,Python,3424896
1791444406,proc,65685,62688,node,0
1791444406,sys,162644,59,13038,1|1596|60652|47422
1791444408,proc,738,246800,Google Chrome,199648
1791444408,proc,780,368,visualintelligenced,368
1791444408,proc,787,4768,aned,4768
1791444408,proc,811,1120,translationd,1120
1791444408,proc,851,1056,generativeexperiencesd,1056
1791444408,proc,852,3984,intelligenceflowd,3904
1791444408,proc,858,12512,intelligencecontextd,12480
1791444408,proc,1078,192,aneuserd,192
1791444408,proc,1257,20880,Ollama,20848
1791444408,proc,1284,27584,ollama,27584
1791444408,proc,1299,336,GenerativeExperiencesSafetyInferenceProvider,336
1791444408,proc,1359,9376,IntelligencePlatformComputeService,9488
1791444408,proc,4746,644928,Claude Helper (Renderer),533568
1791444408,proc,10533,336,intelligencetasksd,336
1791444408,proc,11900,352,ANECompilerService,352
1791444408,proc,27908,416,intelligenceplatformd,416
1791444408,proc,38371,482864,Google Chrome Helper (Renderer),272624
1791444408,proc,65626,3312576,Python,3424896
1791444408,proc,65685,62688,node,0
1791444408,sys,162644,59,13018,1|1596|60652|47419
1791444409,proc,738,246800,Google Chrome,199648
1791444409,proc,780,368,visualintelligenced,368
1791444409,proc,787,4768,aned,4768
1791444409,proc,811,1120,translationd,1120
1791444409,proc,851,1056,generativeexperiencesd,1056
1791444409,proc,852,3984,intelligenceflowd,3904
1791444409,proc,858,12512,intelligencecontextd,12480
1791444409,proc,1078,192,aneuserd,192
1791444409,proc,1257,20880,Ollama,20848
1791444409,proc,1284,27584,ollama,27584
1791444409,proc,1299,336,GenerativeExperiencesSafetyInferenceProvider,336
1791444409,proc,1359,9376,IntelligencePlatformComputeService,9488
1791444409,proc,4746,644784,Claude Helper (Renderer),533568
1791444409,proc,10533,336,intelligencetasksd,336
1791444409,proc,11900,352,ANECompilerService,352
1791444409,proc,27908,416,intelligenceplatformd,416
1791444409,proc,38371,482880,Google Chrome Helper (Renderer),272624
1791444409,proc,65626,3312576,Python,3424896
1791444409,proc,65685,62688,node,0
1791444409,sys,162644,59,13032,1|1596|60652|47419
1791444410,proc,738,246800,Google Chrome,199648
1791444410,proc,780,368,visualintelligenced,368
1791444410,proc,787,4768,aned,4768
1791444410,proc,811,1120,translationd,1120
1791444410,proc,851,1056,generativeexperiencesd,1056
1791444410,proc,852,3984,intelligenceflowd,3904
1791444410,proc,858,12512,intelligencecontextd,12480
1791444410,proc,1078,192,aneuserd,192
1791444410,proc,1257,20880,Ollama,20848
1791444410,proc,1284,27584,ollama,27584
1791444410,proc,1299,336,GenerativeExperiencesSafetyInferenceProvider,336
1791444410,proc,1359,9376,IntelligencePlatformComputeService,9488
1791444410,proc,4746,644816,Claude Helper (Renderer),533568
1791444410,proc,10533,336,intelligencetasksd,336
1791444410,proc,11900,352,ANECompilerService,352
1791444410,proc,27908,416,intelligenceplatformd,416
1791444410,proc,38371,482928,Google Chrome Helper (Renderer),272624
1791444410,proc,65626,3312576,Python,3424896
1791444410,proc,65685,62688,node,0
1791444410,sys,162644,59,12977,1|1596|60652|47419
1791444411,proc,738,246800,Google Chrome,199648
1791444411,proc,780,368,visualintelligenced,368
1791444411,proc,787,4768,aned,4768
1791444411,proc,811,1120,translationd,1120
1791444411,proc,851,1056,generativeexperiencesd,1056
1791444411,proc,852,3984,intelligenceflowd,3904
1791444411,proc,858,12512,intelligencecontextd,12480
1791444411,proc,1078,192,aneuserd,192
1791444411,proc,1257,20880,Ollama,20848
1791444411,proc,1284,27584,ollama,27584
1791444411,proc,1299,336,GenerativeExperiencesSafetyInferenceProvider,336
1791444411,proc,1359,9376,IntelligencePlatformComputeService,9488
1791444411,proc,4746,645616,Claude Helper (Renderer),533568
1791444411,proc,10533,336,intelligencetasksd,336
1791444411,proc,11900,352,ANECompilerService,352
1791444411,proc,27908,416,intelligenceplatformd,416
1791444411,proc,38371,482976,Google Chrome Helper (Renderer),272624
1791444411,proc,65626,3312576,Python,3424896
1791444411,proc,65685,62688,node,0
1791444411,sys,162644,59,12191,1|1596|60668|47433
1791444412,proc,738,246800,Google Chrome,199648
1791444412,proc,780,368,visualintelligenced,368
1791444412,proc,787,4768,aned,4768
1791444412,proc,811,1120,translationd,1120
1791444412,proc,851,1056,generativeexperiencesd,1056
1791444412,proc,852,4032,intelligenceflowd,3904
1791444412,proc,858,12512,intelligencecontextd,12480
1791444412,proc,1078,192,aneuserd,192
1791444412,proc,1257,20880,Ollama,20848
1791444412,proc,1284,27584,ollama,27584
1791444412,proc,1299,336,GenerativeExperiencesSafetyInferenceProvider,336
1791444412,proc,1359,9376,IntelligencePlatformComputeService,9488
1791444412,proc,4746,645136,Claude Helper (Renderer),533568
1791444412,proc,10533,336,intelligencetasksd,336
1791444412,proc,11900,352,ANECompilerService,352
1791444412,proc,27908,416,intelligenceplatformd,416
1791444412,proc,38371,483024,Google Chrome Helper (Renderer),272624
1791444412,proc,65626,3312576,Python,3424896
1791444412,proc,65685,62688,node,0
1791444412,sys,162644,60,13322,1|1596|60668|47423
1791444413,proc,738,246800,Google Chrome,199648
1791444413,proc,780,368,visualintelligenced,368
1791444413,proc,787,4768,aned,4768
1791444413,proc,811,1120,translationd,1120
1791444413,proc,851,1056,generativeexperiencesd,1056
1791444413,proc,852,4032,intelligenceflowd,3904
1791444413,proc,858,12512,intelligencecontextd,12480
1791444413,proc,1078,192,aneuserd,192
1791444413,proc,1257,20880,Ollama,20848
1791444413,proc,1284,27584,ollama,27584
1791444413,proc,1299,336,GenerativeExperiencesSafetyInferenceProvider,336
1791444413,proc,1359,9376,IntelligencePlatformComputeService,9488
1791444413,proc,4746,647104,Claude Helper (Renderer),533568
1791444413,proc,10533,336,intelligencetasksd,336
1791444413,proc,11900,352,ANECompilerService,352
1791444413,proc,27908,416,intelligenceplatformd,416
1791444413,proc,38371,483072,Google Chrome Helper (Renderer),272624
1791444413,proc,65626,3312592,Python,3424896
1791444413,proc,65685,62736,node,0
1791444413,sys,162644,60,11172,1|1596|60683|47418
1791444414,proc,738,246800,Google Chrome,199648
1791444414,proc,780,368,visualintelligenced,368
1791444414,proc,787,4768,aned,4768
1791444414,proc,811,1120,translationd,1120
1791444414,proc,851,1056,generativeexperiencesd,1056
1791444414,proc,852,4032,intelligenceflowd,3904
1791444414,proc,858,12512,intelligencecontextd,12480
1791444414,proc,1078,192,aneuserd,192
1791444414,proc,1257,20880,Ollama,20848
1791444414,proc,1284,27584,ollama,27584
1791444414,proc,1299,336,GenerativeExperiencesSafetyInferenceProvider,336
1791444414,proc,1359,9376,IntelligencePlatformComputeService,9488
1791444414,proc,4746,647168,Claude Helper (Renderer),533568
1791444414,proc,10533,336,intelligencetasksd,336
1791444414,proc,11900,352,ANECompilerService,352
1791444414,proc,27908,416,intelligenceplatformd,416
1791444414,proc,38371,483120,Google Chrome Helper (Renderer),272624
1791444414,proc,65626,3312592,Python,3424896
1791444414,proc,65685,62736,node,0
1791444414,sys,162644,60,11264,1|1596|60683|47418
1791444415,proc,738,246800,Google Chrome,199648
1791444415,proc,780,368,visualintelligenced,368
1791444415,proc,787,4768,aned,4768
1791444415,proc,811,1120,translationd,1120
1791444415,proc,851,1056,generativeexperiencesd,1056
1791444415,proc,852,4032,intelligenceflowd,3904
1791444415,proc,858,12512,intelligencecontextd,12480
1791444415,proc,1078,192,aneuserd,192
1791444415,proc,1257,20880,Ollama,20848
1791444415,proc,1284,27584,ollama,27584
1791444415,proc,1299,336,GenerativeExperiencesSafetyInferenceProvider,336
1791444415,proc,1359,9376,IntelligencePlatformComputeService,9488
1791444415,proc,4746,646800,Claude Helper (Renderer),533568
1791444415,proc,10533,336,intelligencetasksd,336
1791444415,proc,11900,352,ANECompilerService,352
1791444415,proc,27908,416,intelligenceplatformd,416
1791444415,proc,38371,483184,Google Chrome Helper (Renderer),272624
1791444415,proc,65626,3312592,Python,3424896
1791444415,proc,65685,62736,node,0
1791444415,sys,162644,60,11146,1|1596|60687|47422
1791444416,proc,738,246800,Google Chrome,199648
1791444416,proc,780,368,visualintelligenced,368
1791444416,proc,787,4768,aned,4768
1791444416,proc,811,1120,translationd,1120
1791444416,proc,851,1056,generativeexperiencesd,1056
1791444416,proc,852,4032,intelligenceflowd,3904
1791444416,proc,858,12512,intelligencecontextd,12480
1791444416,proc,1078,192,aneuserd,192
1791444416,proc,1257,20880,Ollama,20848
1791444416,proc,1284,27584,ollama,27584
1791444416,proc,1299,336,GenerativeExperiencesSafetyInferenceProvider,336
1791444416,proc,1359,9376,IntelligencePlatformComputeService,9488
1791444416,proc,4746,646816,Claude Helper (Renderer),533568
1791444416,proc,10533,336,intelligencetasksd,336
1791444416,proc,11900,352,ANECompilerService,352
1791444416,proc,27908,416,intelligenceplatformd,416
1791444416,proc,38371,483232,Google Chrome Helper (Renderer),272624
1791444416,proc,65626,3312592,Python,3424896
1791444416,proc,65685,62736,node,0
1791444416,sys,162644,60,11257,1|1596|60687|47421
1791444417,proc,738,246800,Google Chrome,199648
1791444417,proc,780,368,visualintelligenced,368
1791444417,proc,787,4768,aned,4768
1791444417,proc,811,1120,translationd,1120
1791444417,proc,851,1056,generativeexperiencesd,1056
1791444417,proc,852,3984,intelligenceflowd,3904
1791444417,proc,858,12512,intelligencecontextd,12480
1791444417,proc,1078,192,aneuserd,192
1791444417,proc,1257,20880,Ollama,20848
1791444417,proc,1284,27584,ollama,27584
1791444417,proc,1299,336,GenerativeExperiencesSafetyInferenceProvider,336
1791444417,proc,1359,9376,IntelligencePlatformComputeService,9488
1791444417,proc,4746,646816,Claude Helper (Renderer),533568
1791444417,proc,10533,336,intelligencetasksd,336
1791444417,proc,11900,352,ANECompilerService,352
1791444417,proc,27908,416,intelligenceplatformd,416
1791444417,proc,38371,483280,Google Chrome Helper (Renderer),272624
1791444417,proc,65626,3312592,Python,3424896
1791444417,proc,65685,62736,node,0
1791444417,sys,162644,63,10925,1|1596|60687|47421
1791444418,proc,738,246800,Google Chrome,199648
1791444418,proc,780,368,visualintelligenced,368
1791444418,proc,787,4768,aned,4768
1791444418,proc,811,1120,translationd,1120
1791444418,proc,851,1056,generativeexperiencesd,1056
1791444418,proc,852,3984,intelligenceflowd,3904
1791444418,proc,858,12512,intelligencecontextd,12480
1791444418,proc,1078,192,aneuserd,192
1791444418,proc,1257,20880,Ollama,20848
1791444418,proc,1284,27584,ollama,27584
1791444418,proc,1299,336,GenerativeExperiencesSafetyInferenceProvider,336
1791444418,proc,1359,9376,IntelligencePlatformComputeService,9488
1791444418,proc,4746,646816,Claude Helper (Renderer),533568
1791444418,proc,10533,336,intelligencetasksd,336
1791444418,proc,11900,352,ANECompilerService,352
1791444418,proc,27908,416,intelligenceplatformd,416
1791444418,proc,38371,483328,Google Chrome Helper (Renderer),272624
1791444418,proc,65626,3312592,Python,3424896
1791444418,proc,65685,62736,node,0
1791444418,sys,162644,63,12221,1|1596|60687|47421
1791444419,proc,738,246800,Google Chrome,199648
1791444419,proc,780,368,visualintelligenced,368
1791444419,proc,787,4768,aned,4768
1791444419,proc,811,1120,translationd,1120
1791444419,proc,851,1056,generativeexperiencesd,1056
1791444419,proc,852,3984,intelligenceflowd,3904
1791444419,proc,858,12512,intelligencecontextd,12480
1791444419,proc,1078,192,aneuserd,192
1791444419,proc,1257,20880,Ollama,20848
1791444419,proc,1284,27584,ollama,27584
1791444419,proc,1299,336,GenerativeExperiencesSafetyInferenceProvider,336
1791444419,proc,1359,9376,IntelligencePlatformComputeService,9488
1791444419,proc,4746,646816,Claude Helper (Renderer),533568
1791444419,proc,10533,336,intelligencetasksd,336
1791444419,proc,11900,352,ANECompilerService,352
1791444419,proc,27908,416,intelligenceplatformd,416
1791444419,proc,38371,483376,Google Chrome Helper (Renderer),272624
1791444419,proc,65626,3312592,Python,3424896
1791444419,proc,65685,62736,node,0
1791444419,sys,162644,63,12216,1|1596|60687|47421
1791444420,proc,738,246800,Google Chrome,199648
1791444420,proc,780,368,visualintelligenced,368
1791444420,proc,787,4768,aned,4768
1791444420,proc,811,1120,translationd,1120
1791444420,proc,851,1056,generativeexperiencesd,1056
1791444420,proc,852,3984,intelligenceflowd,3904
1791444420,proc,858,12512,intelligencecontextd,12480
1791444420,proc,1078,192,aneuserd,192
1791444420,proc,1257,20880,Ollama,20848
1791444420,proc,1284,27584,ollama,27584
1791444420,proc,1299,336,GenerativeExperiencesSafetyInferenceProvider,336
1791444420,proc,1359,9376,IntelligencePlatformComputeService,9488
1791444420,proc,4746,647024,Claude Helper (Renderer),533568
1791444420,proc,10533,336,intelligencetasksd,336
1791444420,proc,11900,352,ANECompilerService,352
1791444420,proc,27908,416,intelligenceplatformd,416
1791444420,proc,38371,483440,Google Chrome Helper (Renderer),272624
1791444420,proc,65626,3312672,Python,3424896
1791444420,proc,65685,62800,node,0
1791444420,sys,162644,63,14043,1|1596|60687|47419
1791444421,proc,738,246800,Google Chrome,199648
1791444421,proc,780,368,visualintelligenced,368
1791444421,proc,787,4768,aned,4768
1791444421,proc,811,1120,translationd,1120
1791444421,proc,851,1056,generativeexperiencesd,1056
1791444421,proc,852,3984,intelligenceflowd,3904
1791444421,proc,858,12512,intelligencecontextd,12480
1791444421,proc,1078,192,aneuserd,192
1791444421,proc,1257,20880,Ollama,20848
1791444421,proc,1284,27584,ollama,27584
1791444421,proc,1299,336,GenerativeExperiencesSafetyInferenceProvider,336
1791444421,proc,1359,9376,IntelligencePlatformComputeService,9488
1791444421,proc,4746,647024,Claude Helper (Renderer),533568
1791444421,proc,10533,336,intelligencetasksd,336
1791444421,proc,11900,352,ANECompilerService,352
1791444421,proc,27908,416,intelligenceplatformd,416
1791444421,proc,38371,483552,Google Chrome Helper (Renderer),272624
1791444421,proc,65626,3313008,Python,3424896
1791444421,proc,65685,62800,node,0
1791444421,sys,162644,63,14798,1|1596|60687|47419
1791444422,proc,738,246800,Google Chrome,199648
1791444422,proc,780,368,visualintelligenced,368
1791444422,proc,787,4768,aned,4768
1791444422,proc,811,1120,translationd,1120
1791444422,proc,851,1056,generativeexperiencesd,1056
1791444422,proc,852,3984,intelligenceflowd,3904
1791444422,proc,858,12512,intelligencecontextd,12480
1791444422,proc,1078,192,aneuserd,192
1791444422,proc,1257,20880,Ollama,20848
1791444422,proc,1284,27584,ollama,27584
1791444422,proc,1299,336,GenerativeExperiencesSafetyInferenceProvider,336
1791444422,proc,1359,9376,IntelligencePlatformComputeService,9488
1791444422,proc,4746,647024,Claude Helper (Renderer),533568
1791444422,proc,10533,336,intelligencetasksd,336
1791444422,proc,11900,352,ANECompilerService,352
1791444422,proc,27908,416,intelligenceplatformd,416
1791444422,proc,38371,483552,Google Chrome Helper (Renderer),272624
1791444422,proc,65626,3313024,Python,3424896
1791444422,proc,65685,62800,node,0
1791444422,sys,162644,63,14771,1|1596|60687|47419
1791444424,proc,738,246800,Google Chrome,199648
1791444424,proc,780,368,visualintelligenced,368
1791444424,proc,787,4768,aned,4768
1791444424,proc,811,1120,translationd,1120
1791444424,proc,851,1056,generativeexperiencesd,1056
1791444424,proc,852,3984,intelligenceflowd,3904
1791444424,proc,858,12512,intelligencecontextd,12480
1791444424,proc,1078,192,aneuserd,192
1791444424,proc,1257,20880,Ollama,20848
1791444424,proc,1284,27584,ollama,27584
1791444424,proc,1299,336,GenerativeExperiencesSafetyInferenceProvider,336
1791444424,proc,1359,9376,IntelligencePlatformComputeService,9488
1791444424,proc,4746,647024,Claude Helper (Renderer),533568
1791444424,proc,10533,336,intelligencetasksd,336
1791444424,proc,11900,352,ANECompilerService,352
1791444424,proc,27908,416,intelligenceplatformd,416
1791444424,proc,38371,483552,Google Chrome Helper (Renderer),272624
1791444424,proc,65626,3313120,Python,3424896
1791444424,proc,65685,62800,node,0
1791444424,sys,162644,63,15749,1|1596|60687|47419
1791444425,proc,738,246800,Google Chrome,199648
1791444425,proc,780,368,visualintelligenced,368
1791444425,proc,787,4768,aned,4768
1791444425,proc,811,1120,translationd,1120
1791444425,proc,851,1056,generativeexperiencesd,1056
1791444425,proc,852,3984,intelligenceflowd,3904
1791444425,proc,858,12512,intelligencecontextd,12480
1791444425,proc,1078,192,aneuserd,192
1791444425,proc,1257,20880,Ollama,20848
1791444425,proc,1284,27584,ollama,27584
1791444425,proc,1299,336,GenerativeExperiencesSafetyInferenceProvider,336
1791444425,proc,1359,9376,IntelligencePlatformComputeService,9488
1791444425,proc,4746,647040,Claude Helper (Renderer),533568
1791444425,proc,10533,336,intelligencetasksd,336
1791444425,proc,11900,352,ANECompilerService,352
1791444425,proc,27908,416,intelligenceplatformd,416
1791444425,proc,38371,483584,Google Chrome Helper (Renderer),272624
1791444425,proc,65626,3313120,Python,3424896
1791444425,proc,65685,62800,node,0
1791444425,sys,162644,63,15574,1|1596|60687|47419
1791444426,proc,738,246800,Google Chrome,199648
1791444426,proc,780,368,visualintelligenced,368
1791444426,proc,787,4768,aned,4768
1791444426,proc,811,1120,translationd,1120
1791444426,proc,851,1056,generativeexperiencesd,1056
1791444426,proc,852,3984,intelligenceflowd,3904
1791444426,proc,858,12512,intelligencecontextd,12480
1791444426,proc,1078,192,aneuserd,192
1791444426,proc,1257,20880,Ollama,20848
1791444426,proc,1284,27584,ollama,27584
1791444426,proc,1299,336,GenerativeExperiencesSafetyInferenceProvider,336
1791444426,proc,1359,9376,IntelligencePlatformComputeService,9488
1791444426,proc,4746,647040,Claude Helper (Renderer),533568
1791444426,proc,10533,336,intelligencetasksd,336
1791444426,proc,11900,352,ANECompilerService,352
1791444426,proc,27908,416,intelligenceplatformd,416
1791444426,proc,38371,483984,Google Chrome Helper (Renderer),272624
1791444426,proc,65626,3313120,Python,3424896
1791444426,proc,65685,62800,node,0
1791444426,sys,162644,63,15546,1|1596|60687|47418
1791444427,proc,738,246800,Google Chrome,199648
1791444427,proc,780,368,visualintelligenced,368
1791444427,proc,787,4768,aned,4768
1791444427,proc,811,1120,translationd,1120
1791444427,proc,851,1056,generativeexperiencesd,1056
1791444427,proc,852,3984,intelligenceflowd,3904
1791444427,proc,858,12512,intelligencecontextd,12480
1791444427,proc,1078,192,aneuserd,192
1791444427,proc,1257,20880,Ollama,20848
1791444427,proc,1284,27584,ollama,27584
1791444427,proc,1299,336,GenerativeExperiencesSafetyInferenceProvider,336
1791444427,proc,1359,9376,IntelligencePlatformComputeService,9488
1791444427,proc,4746,647040,Claude Helper (Renderer),533568
1791444427,proc,10533,336,intelligencetasksd,336
1791444427,proc,11900,352,ANECompilerService,352
1791444427,proc,27908,416,intelligenceplatformd,416
1791444427,proc,38371,483984,Google Chrome Helper (Renderer),272624
1791444427,proc,65626,3313120,Python,3424896
1791444427,proc,65685,62800,node,0
1791444427,sys,162644,63,14937,1|1596|60687|47418
1791444428,mark,end,,,
1791444428,mark,stop,,,
