epoch,kind,f1,f2,f3,f4
1791363552,proc,1081,352,aned,352
1791363552,proc,1643,16128,Ollama,16128
1791363552,proc,1664,25232,ollama,25232
1791363552,proc,14165,1840,translationd,1840
1791363552,proc,22597,336,GenerativeExperiencesSafetyInferenceProvider,336
1791363552,proc,24758,6064,intelligenceflowd,6064
1791363552,proc,25611,656,generativeexperiencesd,656
1791363552,proc,31363,5904,IntelligencePlatformComputeService,5904
1791363552,sys,9335305,81,268709,
1791363553,proc,1081,352,aned,352
1791363553,proc,1643,16128,Ollama,16128
1791363553,proc,1664,27552,ollama,25232
1791363553,proc,14165,1840,translationd,1840
1791363553,proc,22597,336,GenerativeExperiencesSafetyInferenceProvider,336
1791363553,proc,24758,6064,intelligenceflowd,6064
1791363553,proc,25611,656,generativeexperiencesd,656
1791363553,proc,31363,5904,IntelligencePlatformComputeService,5904
1791363553,proc,43952,62720,node,0
1791363553,proc,43960,169392,llama-server,0
1791363553,sys,9335305,81,253189,
1791363554,proc,1081,352,aned,352
1791363554,proc,1643,16128,Ollama,16128
1791363554,proc,1664,27568,ollama,25232
1791363554,proc,14165,1840,translationd,1840
1791363554,proc,22597,336,GenerativeExperiencesSafetyInferenceProvider,336
1791363554,proc,24758,6064,intelligenceflowd,6064
1791363554,proc,25611,656,generativeexperiencesd,656
1791363554,proc,31363,5904,IntelligencePlatformComputeService,5904
1791363554,proc,43952,62720,node,0
1791363554,proc,43960,2219568,llama-server,0
1791363554,sys,9335305,81,118984,
1791363555,proc,1081,352,aned,352
1791363555,proc,1643,16128,Ollama,16128
1791363555,proc,1664,27568,ollama,25232
1791363555,proc,14165,1840,translationd,1840
1791363555,proc,22597,336,GenerativeExperiencesSafetyInferenceProvider,336
1791363555,proc,24758,6064,intelligenceflowd,6064
1791363555,proc,25611,656,generativeexperiencesd,656
1791363555,proc,31363,5904,IntelligencePlatformComputeService,5904
1791363555,proc,43952,62752,node,0
1791363555,proc,43960,3542144,llama-server,0
1791363555,proc,43981,23200,mdworker_shared,0
1791363555,sys,9335305,81,4530,
1791363556,proc,1081,352,aned,352
1791363556,proc,1643,16128,Ollama,16128
1791363556,proc,1664,27728,ollama,25232
1791363556,proc,14165,1840,translationd,1840
1791363556,proc,22597,336,GenerativeExperiencesSafetyInferenceProvider,336
1791363556,proc,24758,6064,intelligenceflowd,6064
1791363556,proc,25611,656,generativeexperiencesd,656
1791363556,proc,31363,5904,IntelligencePlatformComputeService,5904
1791363556,proc,43952,62768,node,0
1791363556,proc,43960,3607408,llama-server,0
1791363556,proc,43981,23200,mdworker_shared,0
1791363556,sys,9335305,81,6297,
1791363558,proc,1081,352,aned,352
1791363558,proc,1643,16128,Ollama,16128
1791363558,proc,1664,27744,ollama,25232
1791363558,proc,14165,1840,translationd,1840
1791363558,proc,22597,336,GenerativeExperiencesSafetyInferenceProvider,336
1791363558,proc,24758,6064,intelligenceflowd,6064
1791363558,proc,25611,656,generativeexperiencesd,656
1791363558,proc,31363,5904,IntelligencePlatformComputeService,5904
1791363558,proc,43952,63824,node,0
1791363558,proc,43960,3640016,llama-server,0
1791363558,proc,43981,23200,mdworker_shared,0
1791363558,sys,9335305,56,4668,
1791363559,proc,1081,352,aned,352
1791363559,proc,1643,16128,Ollama,16128
1791363559,proc,1664,27744,ollama,25232
1791363559,proc,14165,1840,translationd,1840
1791363559,proc,22597,336,GenerativeExperiencesSafetyInferenceProvider,336
1791363559,proc,24758,6064,intelligenceflowd,6064
1791363559,proc,25611,656,generativeexperiencesd,656
1791363559,proc,31363,5904,IntelligencePlatformComputeService,5904
1791363559,proc,43952,63824,node,0
1791363559,proc,43960,3639920,llama-server,0
1791363559,proc,43981,23200,mdworker_shared,0
1791363559,sys,9335305,56,4684,
1791363560,proc,1081,352,aned,352
1791363560,proc,1643,16128,Ollama,16128
1791363560,proc,1664,27776,ollama,25232
1791363560,proc,14165,1840,translationd,1840
1791363560,proc,22597,336,GenerativeExperiencesSafetyInferenceProvider,336
1791363560,proc,24758,6064,intelligenceflowd,6064
1791363560,proc,25611,656,generativeexperiencesd,656
1791363560,proc,31363,5904,IntelligencePlatformComputeService,5904
1791363560,proc,43952,63952,node,0
1791363560,proc,43960,3674480,llama-server,0
1791363560,proc,43981,23200,mdworker_shared,0
1791363560,sys,9335305,56,4706,
1791363561,proc,1081,352,aned,352
1791363561,proc,1643,16128,Ollama,16128
1791363561,proc,1664,27776,ollama,25232
1791363561,proc,14165,1840,translationd,1840
1791363561,proc,22597,336,GenerativeExperiencesSafetyInferenceProvider,336
1791363561,proc,24758,6064,intelligenceflowd,6064
1791363561,proc,25611,656,generativeexperiencesd,656
1791363561,proc,31363,5904,IntelligencePlatformComputeService,5904
1791363561,proc,43952,63424,node,0
1791363561,proc,43960,3674496,llama-server,0
1791363561,proc,43981,23200,mdworker_shared,0
1791363561,sys,9335305,56,4880,
1791363562,proc,1081,352,aned,352
1791363562,proc,1643,16128,Ollama,16128
1791363562,proc,1664,27776,ollama,25232
1791363562,proc,14165,1840,translationd,1840
1791363562,proc,22597,336,GenerativeExperiencesSafetyInferenceProvider,336
1791363562,proc,24758,6064,intelligenceflowd,6064
1791363562,proc,25611,656,generativeexperiencesd,656
1791363562,proc,31363,5904,IntelligencePlatformComputeService,5904
1791363562,proc,43952,62688,node,0
1791363562,proc,43960,3708608,llama-server,0
1791363562,proc,43981,23200,mdworker_shared,0
1791363562,sys,9335305,56,5006,
1791363563,proc,1081,352,aned,352
1791363563,proc,1643,16128,Ollama,16128
1791363563,proc,1664,27776,ollama,25232
1791363563,proc,14165,1840,translationd,1840
1791363563,proc,22597,336,GenerativeExperiencesSafetyInferenceProvider,336
1791363563,proc,24758,6064,intelligenceflowd,6064
1791363563,proc,25611,656,generativeexperiencesd,656
1791363563,proc,31363,5904,IntelligencePlatformComputeService,5904
1791363563,proc,43952,62688,node,0
1791363563,proc,43960,3708608,llama-server,0
1791363563,proc,43981,23200,mdworker_shared,0
1791363563,sys,9335305,56,4729,
1791363564,proc,1081,352,aned,352
1791363564,proc,1643,16128,Ollama,16128
1791363564,proc,1664,27808,ollama,25232
1791363564,proc,14165,1840,translationd,1840
1791363564,proc,22597,336,GenerativeExperiencesSafetyInferenceProvider,336
1791363564,proc,24758,6064,intelligenceflowd,6064
1791363564,proc,25611,656,generativeexperiencesd,656
1791363564,proc,31363,5904,IntelligencePlatformComputeService,5904
1791363564,proc,43952,80592,node,0
1791363564,proc,43960,3744768,llama-server,0
1791363564,proc,43981,23200,mdworker_shared,0
1791363564,sys,9335305,56,4378,
1791363565,proc,1081,352,aned,352
1791363565,proc,1643,16128,Ollama,16128
1791363565,proc,1664,27808,ollama,25232
1791363565,proc,14165,1840,translationd,1840
1791363565,proc,22597,336,GenerativeExperiencesSafetyInferenceProvider,336
1791363565,proc,24758,6064,intelligenceflowd,6064
1791363565,proc,25611,656,generativeexperiencesd,656
1791363565,proc,31363,5904,IntelligencePlatformComputeService,5904
1791363565,proc,43952,80784,node,0
1791363565,proc,43960,3764960,llama-server,0
1791363565,proc,43981,23200,mdworker_shared,0
1791363565,sys,9335305,56,4701,
1791363566,proc,1081,352,aned,352
1791363566,proc,1643,16128,Ollama,16128
1791363566,proc,1664,27808,ollama,25232
1791363566,proc,14165,1840,translationd,1840
1791363566,proc,22597,336,GenerativeExperiencesSafetyInferenceProvider,336
1791363566,proc,24758,6064,intelligenceflowd,6064
1791363566,proc,25611,656,generativeexperiencesd,656
1791363566,proc,31363,5904,IntelligencePlatformComputeService,5904
1791363566,proc,43952,80784,node,0
1791363566,proc,43960,3764960,llama-server,0
1791363566,proc,43981,23200,mdworker_shared,0
1791363566,sys,9335305,56,4667,
1791363567,proc,1081,352,aned,352
1791363567,proc,1643,16128,Ollama,16128
1791363567,proc,1664,27808,ollama,25232
1791363567,proc,14165,1840,translationd,1840
1791363567,proc,22597,336,GenerativeExperiencesSafetyInferenceProvider,336
1791363567,proc,24758,6064,intelligenceflowd,6064
1791363567,proc,25611,656,generativeexperiencesd,656
1791363567,proc,31363,5904,IntelligencePlatformComputeService,5904
1791363567,proc,43952,80944,node,0
1791363567,proc,43960,3797520,llama-server,0
1791363567,proc,43981,23200,mdworker_shared,0
1791363567,sys,9335305,56,4457,
1791363568,proc,1081,352,aned,352
1791363568,proc,1643,16128,Ollama,16128
1791363568,proc,1664,27808,ollama,25232
1791363568,proc,14165,1840,translationd,1840
1791363568,proc,22597,336,GenerativeExperiencesSafetyInferenceProvider,336
1791363568,proc,24758,6064,intelligenceflowd,6064
1791363568,proc,25611,656,generativeexperiencesd,656
1791363568,proc,31363,5904,IntelligencePlatformComputeService,5904
1791363568,proc,43952,80944,node,0
1791363568,proc,43960,3797520,llama-server,0
1791363568,proc,43981,23200,mdworker_shared,0
1791363568,sys,9335305,56,4326,
1791363569,proc,1081,352,aned,352
1791363569,proc,1643,16128,Ollama,16128
1791363569,proc,1664,27808,ollama,25232
1791363569,proc,14165,1952,translationd,1840
1791363569,proc,22597,336,GenerativeExperiencesSafetyInferenceProvider,336
1791363569,proc,24758,6128,intelligenceflowd,6064
1791363569,proc,25611,656,generativeexperiencesd,656
1791363569,proc,31363,5904,IntelligencePlatformComputeService,5904
1791363569,proc,43952,81072,node,0
1791363569,proc,43960,3845968,llama-server,0
1791363569,proc,43981,23200,mdworker_shared,0
1791363569,sys,9335305,56,4465,
1791363570,proc,1081,352,aned,352
1791363570,proc,1643,16128,Ollama,16128
1791363570,proc,1664,27808,ollama,25232
1791363570,proc,14165,1952,translationd,1840
1791363570,proc,22597,336,GenerativeExperiencesSafetyInferenceProvider,336
1791363570,proc,24758,6128,intelligenceflowd,6064
1791363570,proc,25611,656,generativeexperiencesd,656
1791363570,proc,31363,5904,IntelligencePlatformComputeService,5904
1791363570,proc,43952,81072,node,0
1791363570,proc,43960,3845968,llama-server,0
1791363570,proc,43981,23200,mdworker_shared,0
1791363570,sys,9335305,56,4706,
1791363571,proc,1081,352,aned,352
1791363571,proc,1643,16128,Ollama,16128
1791363571,proc,1664,27808,ollama,25232
1791363571,proc,14165,1952,translationd,1840
1791363571,proc,22597,336,GenerativeExperiencesSafetyInferenceProvider,336
1791363571,proc,24758,6128,intelligenceflowd,6064
1791363571,proc,25611,656,generativeexperiencesd,656
1791363571,proc,31363,5904,IntelligencePlatformComputeService,5904
1791363571,proc,43952,81344,node,0
1791363571,proc,43960,3883248,llama-server,0
1791363571,proc,43981,23200,mdworker_shared,0
1791363571,sys,9335305,56,5735,
1791363572,proc,1081,352,aned,352
1791363572,proc,1643,16128,Ollama,16128
1791363572,proc,1664,27808,ollama,25232
1791363572,proc,14165,1952,translationd,1840
1791363572,proc,22597,336,GenerativeExperiencesSafetyInferenceProvider,336
1791363572,proc,24758,6128,intelligenceflowd,6064
1791363572,proc,25611,656,generativeexperiencesd,656
1791363572,proc,31363,5904,IntelligencePlatformComputeService,5904
1791363572,proc,43952,81344,node,0
1791363572,proc,43960,3883248,llama-server,0
1791363572,proc,43981,23200,mdworker_shared,0
1791363572,sys,9335305,56,4637,
1791363573,proc,1081,352,aned,352
1791363573,proc,1643,16128,Ollama,16128
1791363573,proc,1664,27808,ollama,25232
1791363573,proc,14165,1952,translationd,1840
1791363573,proc,22597,336,GenerativeExperiencesSafetyInferenceProvider,336
1791363573,proc,24758,6128,intelligenceflowd,6064
1791363573,proc,25611,656,generativeexperiencesd,656
1791363573,proc,31363,5904,IntelligencePlatformComputeService,5904
1791363573,proc,43952,81616,node,0
1791363573,proc,43960,3904096,llama-server,0
1791363573,proc,43981,23200,mdworker_shared,0
1791363573,sys,9335305,57,4580,
1791363575,proc,1081,352,aned,352
1791363575,proc,1643,16128,Ollama,16128
1791363575,proc,1664,27808,ollama,25232
1791363575,proc,14165,1952,translationd,1840
1791363575,proc,22597,336,GenerativeExperiencesSafetyInferenceProvider,336
1791363575,proc,24758,6128,intelligenceflowd,6064
1791363575,proc,25611,656,generativeexperiencesd,656
1791363575,proc,31363,5904,IntelligencePlatformComputeService,5904
1791363575,proc,43952,81616,node,0
1791363575,proc,43960,3904112,llama-server,0
1791363575,proc,43981,23200,mdworker_shared,0
1791363575,sys,9335305,57,4610,
1791363576,proc,1081,352,aned,352
1791363576,proc,1643,16128,Ollama,16128
1791363576,proc,1664,27840,ollama,25232
1791363576,proc,14165,1952,translationd,1840
1791363576,proc,22597,336,GenerativeExperiencesSafetyInferenceProvider,336
1791363576,proc,24758,6128,intelligenceflowd,6064
1791363576,proc,25611,656,generativeexperiencesd,656
1791363576,proc,31363,5904,IntelligencePlatformComputeService,5904
1791363576,proc,43952,82048,node,0
1791363576,proc,43960,3924288,llama-server,0
1791363576,proc,43981,23200,mdworker_shared,0
1791363576,sys,9335305,57,4753,
1791363577,proc,1081,352,aned,352
1791363577,proc,1643,16128,Ollama,16128
1791363577,proc,1664,27840,ollama,25232
1791363577,proc,14165,1952,translationd,1840
1791363577,proc,22597,336,GenerativeExperiencesSafetyInferenceProvider,336
1791363577,proc,24758,6128,intelligenceflowd,6064
1791363577,proc,25611,656,generativeexperiencesd,656
1791363577,proc,31363,5904,IntelligencePlatformComputeService,5904
1791363577,proc,43952,82128,node,0
1791363577,proc,43960,3956176,llama-server,0
1791363577,proc,43981,23200,mdworker_shared,0
1791363577,sys,9335305,57,4621,
1791363578,proc,1081,352,aned,352
1791363578,proc,1643,16128,Ollama,16128
1791363578,proc,1664,27840,ollama,25232
1791363578,proc,14165,1952,translationd,1840
1791363578,proc,22597,336,GenerativeExperiencesSafetyInferenceProvider,336
1791363578,proc,24758,6128,intelligenceflowd,6064
1791363578,proc,25611,1600,generativeexperiencesd,656
1791363578,proc,31363,5904,IntelligencePlatformComputeService,5904
1791363578,proc,43952,82128,node,0
1791363578,proc,43960,3956176,llama-server,0
1791363578,proc,43981,23200,mdworker_shared,0
1791363578,sys,9335305,57,4547,
1791363579,proc,1081,352,aned,352
1791363579,proc,1643,16128,Ollama,16128
1791363579,proc,1664,27840,ollama,25232
1791363579,proc,14165,1952,translationd,1840
1791363579,proc,22597,336,GenerativeExperiencesSafetyInferenceProvider,336
1791363579,proc,24758,6144,intelligenceflowd,6064
1791363579,proc,25611,1600,generativeexperiencesd,656
1791363579,proc,31363,5904,IntelligencePlatformComputeService,5904
1791363579,proc,43952,82240,node,0
1791363579,proc,43960,3989936,llama-server,0
1791363579,proc,43981,23200,mdworker_shared,0
1791363579,sys,9335305,57,4244,
1791363580,proc,1081,352,aned,352
1791363580,proc,1643,16128,Ollama,16128
1791363580,proc,1664,27840,ollama,25232
1791363580,proc,14165,1952,translationd,1840
1791363580,proc,22597,336,GenerativeExperiencesSafetyInferenceProvider,336
1791363580,proc,24758,6144,intelligenceflowd,6064
1791363580,proc,25611,1600,generativeexperiencesd,656
1791363580,proc,31363,5904,IntelligencePlatformComputeService,5904
1791363580,proc,43952,82240,node,0
1791363580,proc,43960,3989952,llama-server,0
1791363580,proc,43981,23200,mdworker_shared,0
1791363580,sys,9335305,57,4411,
1791363581,proc,1081,352,aned,352
1791363581,proc,1643,16128,Ollama,16128
1791363581,proc,1664,27840,ollama,25232
1791363581,proc,14165,1952,translationd,1840
1791363581,proc,22597,336,GenerativeExperiencesSafetyInferenceProvider,336
1791363581,proc,24758,6144,intelligenceflowd,6064
1791363581,proc,25611,1600,generativeexperiencesd,656
1791363581,proc,31363,5904,IntelligencePlatformComputeService,5904
1791363581,proc,43952,82320,node,0
1791363581,proc,43960,4021632,llama-server,0
1791363581,proc,43981,23200,mdworker_shared,0
1791363581,sys,9335305,57,4331,
1791363582,proc,1081,352,aned,352
1791363582,proc,1643,16128,Ollama,16128
1791363582,proc,1664,27840,ollama,25232
1791363582,proc,14165,1952,translationd,1840
1791363582,proc,22597,336,GenerativeExperiencesSafetyInferenceProvider,336
1791363582,proc,24758,6144,intelligenceflowd,6064
1791363582,proc,25611,1600,generativeexperiencesd,656
1791363582,proc,31363,5904,IntelligencePlatformComputeService,5904
1791363582,proc,43952,82432,node,0
1791363582,proc,43960,4065616,llama-server,0
1791363582,proc,43981,23200,mdworker_shared,0
1791363582,sys,9335305,57,4438,
1791363583,proc,1081,352,aned,352
1791363583,proc,1643,16128,Ollama,16128
1791363583,proc,1664,27840,ollama,25232
1791363583,proc,14165,1952,translationd,1840
1791363583,proc,22597,336,GenerativeExperiencesSafetyInferenceProvider,336
1791363583,proc,24758,6144,intelligenceflowd,6064
1791363583,proc,25611,1600,generativeexperiencesd,656
1791363583,proc,31363,5904,IntelligencePlatformComputeService,5904
1791363583,proc,43952,82448,node,0
1791363583,proc,43960,4065616,llama-server,0
1791363583,proc,43981,23200,mdworker_shared,0
1791363583,sys,9335305,57,4628,
1791363584,proc,1081,352,aned,352
1791363584,proc,1643,16128,Ollama,16128
1791363584,proc,1664,27840,ollama,25232
1791363584,proc,14165,1952,translationd,1840
1791363584,proc,22597,336,GenerativeExperiencesSafetyInferenceProvider,336
1791363584,proc,24758,6128,intelligenceflowd,6064
1791363584,proc,25611,1600,generativeexperiencesd,656
1791363584,proc,31363,5904,IntelligencePlatformComputeService,5904
1791363584,proc,43952,82544,node,0
1791363584,proc,43960,4099824,llama-server,0
1791363584,proc,43981,23200,mdworker_shared,0
1791363584,sys,9335305,56,4282,
1791363585,proc,1081,352,aned,352
1791363585,proc,1643,16128,Ollama,16128
1791363585,proc,1664,27840,ollama,25232
1791363585,proc,14165,1952,translationd,1840
1791363585,proc,22597,336,GenerativeExperiencesSafetyInferenceProvider,336
1791363585,proc,24758,6128,intelligenceflowd,6064
1791363585,proc,25611,1600,generativeexperiencesd,656
1791363585,proc,31363,5904,IntelligencePlatformComputeService,5904
1791363585,proc,43952,82544,node,0
1791363585,proc,43960,4099840,llama-server,0
1791363585,proc,43981,23248,mdworker_shared,0
1791363585,sys,9335305,56,4568,
1791363586,proc,1081,352,aned,352
1791363586,proc,1643,16176,Ollama,16128
1791363586,proc,1664,27840,ollama,25232
1791363586,proc,14165,1952,translationd,1840
1791363586,proc,22597,336,GenerativeExperiencesSafetyInferenceProvider,336
1791363586,proc,24758,6128,intelligenceflowd,6064
1791363586,proc,25611,1600,generativeexperiencesd,656
1791363586,proc,31363,5904,IntelligencePlatformComputeService,5904
1791363586,proc,43952,82624,node,0
1791363586,proc,43960,4119584,llama-server,0
1791363586,proc,43981,23248,mdworker_shared,0
1791363586,sys,9335305,56,6142,
1791363587,proc,1081,352,aned,352
1791363587,proc,1643,16176,Ollama,16128
1791363587,proc,1664,27840,ollama,25232
1791363587,proc,14165,1952,translationd,1840
1791363587,proc,22597,336,GenerativeExperiencesSafetyInferenceProvider,336
1791363587,proc,24758,6128,intelligenceflowd,6064
1791363587,proc,25611,1600,generativeexperiencesd,656
1791363587,proc,31363,5904,IntelligencePlatformComputeService,5904
1791363587,proc,43952,82624,node,0
1791363587,proc,43960,4119584,llama-server,0
1791363587,proc,43981,23248,mdworker_shared,0
1791363587,sys,9335305,56,4046,
1791363588,proc,1081,352,aned,352
1791363588,proc,1643,16176,Ollama,16128
1791363588,proc,1664,27888,ollama,25232
1791363588,proc,14165,1952,translationd,1840
1791363588,proc,22597,336,GenerativeExperiencesSafetyInferenceProvider,336
1791363588,proc,24758,6128,intelligenceflowd,6064
1791363588,proc,25611,1600,generativeexperiencesd,656
1791363588,proc,31363,5904,IntelligencePlatformComputeService,5904
1791363588,proc,43952,82624,node,0
1791363588,proc,43960,4151344,llama-server,0
1791363588,proc,43981,23248,mdworker_shared,0
1791363588,sys,9335305,56,4374,
1791363589,proc,1081,352,aned,352
1791363589,proc,1643,16176,Ollama,16128
1791363589,proc,1664,27888,ollama,25232
1791363589,proc,14165,1952,translationd,1840
1791363589,proc,22597,336,GenerativeExperiencesSafetyInferenceProvider,336
1791363589,proc,24758,6128,intelligenceflowd,6064
1791363589,proc,25611,1600,generativeexperiencesd,656
1791363589,proc,31363,5904,IntelligencePlatformComputeService,5904
1791363589,proc,43952,82624,node,0
1791363589,proc,43960,4184576,llama-server,0
1791363589,proc,43981,23248,mdworker_shared,0
1791363589,sys,9335305,56,4111,
1791363590,proc,1081,352,aned,352
1791363590,proc,1643,16176,Ollama,16128
1791363590,proc,1664,27888,ollama,25232
1791363590,proc,14165,1952,translationd,1840
1791363590,proc,22597,336,GenerativeExperiencesSafetyInferenceProvider,336
1791363590,proc,24758,6128,intelligenceflowd,6064
1791363590,proc,25611,1600,generativeexperiencesd,656
1791363590,proc,31363,5904,IntelligencePlatformComputeService,5904
1791363590,proc,43952,82640,node,0
1791363590,proc,43960,4184576,llama-server,0
1791363590,proc,43981,23248,mdworker_shared,0
1791363590,sys,9335305,56,4729,
1791363592,proc,1081,352,aned,352
1791363592,proc,1643,16176,Ollama,16128
1791363592,proc,1664,27888,ollama,25232
1791363592,proc,14165,1952,translationd,1840
1791363592,proc,22597,336,GenerativeExperiencesSafetyInferenceProvider,336
1791363592,proc,24758,6128,intelligenceflowd,6064
1791363592,proc,25611,1600,generativeexperiencesd,656
1791363592,proc,31363,5904,IntelligencePlatformComputeService,5904
1791363592,proc,43952,82656,node,0
1791363592,proc,43960,4184592,llama-server,0
1791363592,proc,43981,23248,mdworker_shared,0
1791363592,sys,9335305,56,4678,
1791363593,proc,1081,352,aned,352
1791363593,proc,1643,16176,Ollama,16128
1791363593,proc,1664,27888,ollama,25232
1791363593,proc,14165,1952,translationd,1840
1791363593,proc,22597,336,GenerativeExperiencesSafetyInferenceProvider,336
1791363593,proc,24758,6128,intelligenceflowd,6064
1791363593,proc,25611,1600,generativeexperiencesd,656
1791363593,proc,31363,5904,IntelligencePlatformComputeService,5904
1791363593,proc,43952,82848,node,0
1791363593,proc,43960,4184608,llama-server,0
1791363593,proc,43981,23248,mdworker_shared,0
1791363593,sys,9335305,56,4734,
1791363594,proc,1081,352,aned,352
1791363594,proc,1643,16176,Ollama,16128
1791363594,proc,1664,27888,ollama,25232
1791363594,proc,14165,1952,translationd,1840
1791363594,proc,22597,336,GenerativeExperiencesSafetyInferenceProvider,336
1791363594,proc,24758,6128,intelligenceflowd,6064
1791363594,proc,25611,1600,generativeexperiencesd,656
1791363594,proc,31363,5904,IntelligencePlatformComputeService,5904
1791363594,proc,43952,82896,node,0
1791363594,proc,43960,4184608,llama-server,0
1791363594,proc,43981,23248,mdworker_shared,0
1791363594,sys,9335305,56,4506,
1791363595,proc,1081,352,aned,352
1791363595,proc,1643,16176,Ollama,16128
1791363595,proc,1664,27888,ollama,25232
1791363595,proc,14165,1952,translationd,1840
1791363595,proc,22597,336,GenerativeExperiencesSafetyInferenceProvider,336
1791363595,proc,24758,6128,intelligenceflowd,6064
1791363595,proc,25611,1600,generativeexperiencesd,656
1791363595,proc,31363,5904,IntelligencePlatformComputeService,5904
1791363595,proc,43952,82896,node,0
1791363595,proc,43960,4184608,llama-server,0
1791363595,proc,43981,23248,mdworker_shared,0
1791363595,sys,9335305,57,4492,
1791363596,proc,1081,352,aned,352
1791363596,proc,1643,16176,Ollama,16128
1791363596,proc,1664,27888,ollama,25232
1791363596,proc,14165,1952,translationd,1840
1791363596,proc,22597,336,GenerativeExperiencesSafetyInferenceProvider,336
1791363596,proc,24758,6128,intelligenceflowd,6064
1791363596,proc,25611,1600,generativeexperiencesd,656
1791363596,proc,31363,5904,IntelligencePlatformComputeService,5904
1791363596,proc,43952,82896,node,0
1791363596,proc,43960,4184608,llama-server,0
1791363596,proc,43981,23248,mdworker_shared,0
1791363596,sys,9335305,57,4888,
1791363597,proc,1081,352,aned,352
1791363597,proc,1643,16176,Ollama,16128
1791363597,proc,1664,27888,ollama,25232
1791363597,proc,14165,1952,translationd,1840
1791363597,proc,22597,336,GenerativeExperiencesSafetyInferenceProvider,336
1791363597,proc,24758,6128,intelligenceflowd,6064
1791363597,proc,25611,1600,generativeexperiencesd,656
1791363597,proc,31363,5904,IntelligencePlatformComputeService,5904
1791363597,proc,43952,82896,node,0
1791363597,proc,43960,4184624,llama-server,0
1791363597,proc,43981,23248,mdworker_shared,0
1791363597,sys,9335305,57,5505,
1791363598,proc,1081,352,aned,352
1791363598,proc,1643,16176,Ollama,16128
1791363598,proc,1664,27888,ollama,25232
1791363598,proc,14165,1952,translationd,1840
1791363598,proc,22597,336,GenerativeExperiencesSafetyInferenceProvider,336
1791363598,proc,24758,6128,intelligenceflowd,6064
1791363598,proc,25611,1600,generativeexperiencesd,656
1791363598,proc,31363,5904,IntelligencePlatformComputeService,5904
1791363598,proc,43952,82896,node,0
1791363598,proc,43960,4184624,llama-server,0
1791363598,proc,43981,23248,mdworker_shared,0
1791363598,sys,9335305,57,6061,
1791363599,proc,1081,352,aned,352
1791363599,proc,1643,16176,Ollama,16128
1791363599,proc,1664,27888,ollama,25232
1791363599,proc,14165,1952,translationd,1840
1791363599,proc,22597,336,GenerativeExperiencesSafetyInferenceProvider,336
1791363599,proc,24758,6128,intelligenceflowd,6064
1791363599,proc,25611,1600,generativeexperiencesd,656
1791363599,proc,31363,5904,IntelligencePlatformComputeService,5904
1791363599,proc,43952,82976,node,0
1791363599,proc,43960,4184624,llama-server,0
1791363599,proc,43981,23248,mdworker_shared,0
1791363599,sys,9335305,57,5431,
1791363600,proc,1081,352,aned,352
1791363600,proc,1643,16176,Ollama,16128
1791363600,proc,1664,27888,ollama,25232
1791363600,proc,14165,1952,translationd,1840
1791363600,proc,22597,336,GenerativeExperiencesSafetyInferenceProvider,336
1791363600,proc,24758,6128,intelligenceflowd,6064
1791363600,proc,25611,1600,generativeexperiencesd,656
1791363600,proc,31363,5904,IntelligencePlatformComputeService,5904
1791363600,proc,43952,82976,node,0
1791363600,proc,43960,4184640,llama-server,0
1791363600,proc,43981,23248,mdworker_shared,0
1791363600,sys,9335305,57,5239,
1791363601,proc,1081,352,aned,352
1791363601,proc,1114,40352,NotificationCenter,15568
1791363601,proc,1643,16176,Ollama,16128
1791363601,proc,1664,27888,ollama,25232
1791363601,proc,14165,1952,translationd,1840
1791363601,proc,22597,336,GenerativeExperiencesSafetyInferenceProvider,336
1791363601,proc,24758,6128,intelligenceflowd,6064
1791363601,proc,25611,1600,generativeexperiencesd,656
1791363601,proc,31363,5904,IntelligencePlatformComputeService,5904
1791363601,proc,43960,4214288,llama-server,0
1791363601,proc,43981,23248,mdworker_shared,0
1791363601,proc,44904,63040,node,0
1791363601,sys,9335305,57,4822,
1791363602,proc,1081,352,aned,352
1791363602,proc,1114,41840,NotificationCenter,15568
1791363602,proc,1643,16176,Ollama,16128
1791363602,proc,1664,27888,ollama,25232
1791363602,proc,14165,1952,translationd,1840
1791363602,proc,22597,336,GenerativeExperiencesSafetyInferenceProvider,336
1791363602,proc,24758,6128,intelligenceflowd,6064
1791363602,proc,25611,1600,generativeexperiencesd,656
1791363602,proc,31363,5904,IntelligencePlatformComputeService,5904
1791363602,proc,43960,4258544,llama-server,0
1791363602,proc,43981,23456,mdworker_shared,0
1791363602,proc,44904,64112,node,0
1791363602,sys,9335305,57,4263,
1791363603,proc,1081,352,aned,352
1791363603,proc,1114,41840,NotificationCenter,15568
1791363603,proc,1643,16176,Ollama,16128
1791363603,proc,1664,27888,ollama,25232
1791363603,proc,14165,1952,translationd,1840
1791363603,proc,22597,336,GenerativeExperiencesSafetyInferenceProvider,336
1791363603,proc,24758,6128,intelligenceflowd,6064
1791363603,proc,25611,1600,generativeexperiencesd,656
1791363603,proc,31363,5904,IntelligencePlatformComputeService,5904
1791363603,proc,43960,4258544,llama-server,0
1791363603,proc,43981,23456,mdworker_shared,0
1791363603,proc,44904,64112,node,0
1791363603,sys,9335305,57,4615,
1791363604,proc,1081,352,aned,352
1791363604,proc,1114,41840,NotificationCenter,15568
1791363604,proc,1643,16176,Ollama,16128
1791363604,proc,1664,27888,ollama,25232
1791363604,proc,14165,1952,translationd,1840
1791363604,proc,22597,336,GenerativeExperiencesSafetyInferenceProvider,336
1791363604,proc,24758,6128,intelligenceflowd,6064
1791363604,proc,25611,1600,generativeexperiencesd,656
1791363604,proc,31363,5904,IntelligencePlatformComputeService,5904
1791363604,proc,43960,4292320,llama-server,0
1791363604,proc,43981,23456,mdworker_shared,0
1791363604,proc,44904,64240,node,0
1791363604,sys,9335305,57,6106,
1791363605,proc,1081,352,aned,352
1791363605,proc,1114,41840,NotificationCenter,15568
1791363605,proc,1643,16176,Ollama,16128
1791363605,proc,1664,27888,ollama,25232
1791363605,proc,14165,1952,translationd,1840
1791363605,proc,22597,336,GenerativeExperiencesSafetyInferenceProvider,336
1791363605,proc,24758,6128,intelligenceflowd,6064
1791363605,proc,25611,1600,generativeexperiencesd,656
1791363605,proc,31363,5904,IntelligencePlatformComputeService,5904
1791363605,proc,43960,4324992,llama-server,0
1791363605,proc,43981,23456,mdworker_shared,0
1791363605,proc,44904,64304,node,0
1791363605,sys,9335305,56,4212,
1791363606,proc,1081,352,aned,352
1791363606,proc,1114,41840,NotificationCenter,15568
1791363606,proc,1643,16176,Ollama,16128
1791363606,proc,1664,27888,ollama,25232
1791363606,proc,14165,1952,translationd,1840
1791363606,proc,22597,336,GenerativeExperiencesSafetyInferenceProvider,336
1791363606,proc,24758,6128,intelligenceflowd,6064
1791363606,proc,25611,1600,generativeexperiencesd,656
1791363606,proc,31363,5904,IntelligencePlatformComputeService,5904
1791363606,proc,43960,4324992,llama-server,0
1791363606,proc,43981,23456,mdworker_shared,0
1791363606,proc,44904,64272,node,0
1791363606,sys,9335305,56,4477,
1791363607,proc,1081,352,aned,352
1791363607,proc,1114,41712,NotificationCenter,15568
1791363607,proc,1643,16176,Ollama,16128
1791363607,proc,1664,27888,ollama,25232
1791363607,proc,14165,1952,translationd,1840
1791363607,proc,22597,336,GenerativeExperiencesSafetyInferenceProvider,336
1791363607,proc,24758,6128,intelligenceflowd,6064
1791363607,proc,25611,1600,generativeexperiencesd,656
1791363607,proc,31363,5904,IntelligencePlatformComputeService,5904
1791363607,proc,43960,4324992,llama-server,0
1791363607,proc,43981,23456,mdworker_shared,0
1791363607,proc,44904,64272,node,0
1791363607,sys,9335305,56,4329,
1791363609,proc,1081,352,aned,352
1791363609,proc,1114,41712,NotificationCenter,15568
1791363609,proc,1643,16176,Ollama,16128
1791363609,proc,1664,27888,ollama,25232
1791363609,proc,14165,1952,translationd,1840
1791363609,proc,22597,336,GenerativeExperiencesSafetyInferenceProvider,336
1791363609,proc,24758,6128,intelligenceflowd,6064
1791363609,proc,25611,1600,generativeexperiencesd,656
1791363609,proc,31363,5904,IntelligencePlatformComputeService,5904
1791363609,proc,43960,4373840,llama-server,0
1791363609,proc,43981,23456,mdworker_shared,0
1791363609,proc,44904,80736,node,0
1791363609,sys,9335305,56,5292,
1791363610,proc,1081,352,aned,352
1791363610,proc,1114,41712,NotificationCenter,15568
1791363610,proc,1643,16176,Ollama,16128
1791363610,proc,1664,27888,ollama,25232
1791363610,proc,14165,1952,translationd,1840
1791363610,proc,22597,336,GenerativeExperiencesSafetyInferenceProvider,336
1791363610,proc,24758,6128,intelligenceflowd,6064
1791363610,proc,25611,1600,generativeexperiencesd,656
1791363610,proc,31363,5904,IntelligencePlatformComputeService,5904
1791363610,proc,43960,4408800,llama-server,0
1791363610,proc,43981,23456,mdworker_shared,0
1791363610,proc,44904,80032,node,0
1791363610,sys,9335305,56,4207,
1791363611,proc,1081,352,aned,352
1791363611,proc,1114,41712,NotificationCenter,15568
1791363611,proc,1643,16176,Ollama,16128
1791363611,proc,1664,27888,ollama,25232
1791363611,proc,14165,1952,translationd,1840
1791363611,proc,22597,336,GenerativeExperiencesSafetyInferenceProvider,336
1791363611,proc,24758,6128,intelligenceflowd,6064
1791363611,proc,25611,1600,generativeexperiencesd,656
1791363611,proc,31363,5904,IntelligencePlatformComputeService,5904
1791363611,proc,43960,4408800,llama-server,0
1791363611,proc,43981,23456,mdworker_shared,0
1791363611,proc,44904,80032,node,0
1791363611,sys,9335305,56,4593,
1791363612,proc,1081,352,aned,352
1791363612,proc,1114,41728,NotificationCenter,15568
1791363612,proc,1643,16176,Ollama,16128
1791363612,proc,1664,27888,ollama,25232
1791363612,proc,14165,1952,translationd,1840
1791363612,proc,22597,336,GenerativeExperiencesSafetyInferenceProvider,336
1791363612,proc,24758,6128,intelligenceflowd,6064
1791363612,proc,25611,1600,generativeexperiencesd,656
1791363612,proc,31363,5904,IntelligencePlatformComputeService,5904
1791363612,proc,43960,4429648,llama-server,0
1791363612,proc,43981,23456,mdworker_shared,0
1791363612,proc,44904,80192,node,0
1791363612,sys,9335305,56,4579,
1791363613,proc,1081,352,aned,352
1791363613,proc,1114,40784,NotificationCenter,15568
1791363613,proc,1643,16176,Ollama,16128
1791363613,proc,1664,27888,ollama,25232
1791363613,proc,14165,1952,translationd,1840
1791363613,proc,22597,336,GenerativeExperiencesSafetyInferenceProvider,336
1791363613,proc,24758,6128,intelligenceflowd,6064
1791363613,proc,25611,1600,generativeexperiencesd,656
1791363613,proc,31363,5904,IntelligencePlatformComputeService,5904
1791363613,proc,43960,4429760,llama-server,0
1791363613,proc,43981,23456,mdworker_shared,0
1791363613,proc,44904,80192,node,0
1791363613,sys,9335305,56,7565,
1791363614,proc,1081,352,aned,352
1791363614,proc,1114,40784,NotificationCenter,15568
1791363614,proc,1643,16176,Ollama,16128
1791363614,proc,1664,27888,ollama,25232
1791363614,proc,14165,1952,translationd,1840
1791363614,proc,22597,336,GenerativeExperiencesSafetyInferenceProvider,336
1791363614,proc,24758,6128,intelligenceflowd,6064
1791363614,proc,25611,1600,generativeexperiencesd,656
1791363614,proc,31363,5904,IntelligencePlatformComputeService,5904
1791363614,proc,43960,4463296,llama-server,0
1791363614,proc,43981,23456,mdworker_shared,0
1791363614,proc,44904,80336,node,0
1791363614,sys,9335305,56,4758,
1791363615,proc,1081,352,aned,352
1791363615,proc,1114,40784,NotificationCenter,15568
1791363615,proc,1643,16176,Ollama,16128
1791363615,proc,1664,27888,ollama,25232
1791363615,proc,14165,1952,translationd,1840
1791363615,proc,22597,336,GenerativeExperiencesSafetyInferenceProvider,336
1791363615,proc,24758,6128,intelligenceflowd,6064
1791363615,proc,25611,1600,generativeexperiencesd,656
1791363615,proc,31363,5904,IntelligencePlatformComputeService,5904
1791363615,proc,43960,4463296,llama-server,0
1791363615,proc,43981,23456,mdworker_shared,0
1791363615,proc,44904,80336,node,0
1791363615,sys,9335305,56,4761,
1791363616,proc,1081,352,aned,352
1791363616,proc,1114,40784,NotificationCenter,15568
1791363616,proc,1643,16176,Ollama,16128
1791363616,proc,1664,27904,ollama,25232
1791363616,proc,14165,1952,translationd,1840
1791363616,proc,22597,336,GenerativeExperiencesSafetyInferenceProvider,336
1791363616,proc,24758,6128,intelligenceflowd,6064
1791363616,proc,25611,1600,generativeexperiencesd,656
1791363616,proc,31363,5648,IntelligencePlatformComputeService,5904
1791363616,proc,43960,4515376,llama-server,0
1791363616,proc,43981,23456,mdworker_shared,0
1791363616,proc,44904,80608,node,0
1791363616,sys,9335305,57,5061,
1791363617,proc,1081,352,aned,352
1791363617,proc,1114,40784,NotificationCenter,15568
1791363617,proc,1643,16176,Ollama,16128
1791363617,proc,1664,27904,ollama,25232
1791363617,proc,14165,1952,translationd,1840
1791363617,proc,22597,336,GenerativeExperiencesSafetyInferenceProvider,336
1791363617,proc,24758,6128,intelligenceflowd,6064
1791363617,proc,25611,1600,generativeexperiencesd,656
1791363617,proc,31363,5648,IntelligencePlatformComputeService,5904
1791363617,proc,43960,4515376,llama-server,0
1791363617,proc,43981,23456,mdworker_shared,0
1791363617,proc,44904,80608,node,0
1791363617,sys,9335305,57,4312,
1791363618,proc,1081,352,aned,352
1791363618,proc,1114,40784,NotificationCenter,15568
1791363618,proc,1643,16176,Ollama,16128
1791363618,proc,1664,27904,ollama,25232
1791363618,proc,14165,1952,translationd,1840
1791363618,proc,22597,336,GenerativeExperiencesSafetyInferenceProvider,336
1791363618,proc,24758,6128,intelligenceflowd,6064
1791363618,proc,25611,1600,generativeexperiencesd,656
1791363618,proc,31363,5648,IntelligencePlatformComputeService,5904
1791363618,proc,43960,4553696,llama-server,0
1791363618,proc,43981,23456,mdworker_shared,0
1791363618,proc,44904,80896,node,0
1791363618,sys,9335305,57,4294,
1791363619,proc,1081,352,aned,352
1791363619,proc,1114,40784,NotificationCenter,15568
1791363619,proc,1643,16176,Ollama,16128
1791363619,proc,1664,27904,ollama,25232
1791363619,proc,14165,1952,translationd,1840
1791363619,proc,22597,336,GenerativeExperiencesSafetyInferenceProvider,336
1791363619,proc,24758,6128,intelligenceflowd,6064
1791363619,proc,25611,1600,generativeexperiencesd,656
1791363619,proc,31363,5648,IntelligencePlatformComputeService,5904
1791363619,proc,43960,4574528,llama-server,0
1791363619,proc,43981,23456,mdworker_shared,0
1791363619,proc,44904,81024,node,0
1791363619,sys,9335305,57,4356,
1791363620,proc,1081,352,aned,352
1791363620,proc,1114,40784,NotificationCenter,15568
1791363620,proc,1643,16176,Ollama,16128
1791363620,proc,1664,27904,ollama,25232
1791363620,proc,14165,1952,translationd,1840
1791363620,proc,22597,336,GenerativeExperiencesSafetyInferenceProvider,336
1791363620,proc,24758,6128,intelligenceflowd,6064
1791363620,proc,25611,1600,generativeexperiencesd,656
1791363620,proc,31363,5648,IntelligencePlatformComputeService,5904
1791363620,proc,43960,4574528,llama-server,0
1791363620,proc,43981,23456,mdworker_shared,0
1791363620,proc,44904,81024,node,0
1791363620,sys,9335305,57,4232,
1791363621,proc,1081,352,aned,352
1791363621,proc,1114,40784,NotificationCenter,15568
1791363621,proc,1643,16176,Ollama,16128
1791363621,proc,1664,27904,ollama,25232
1791363621,proc,14165,1952,translationd,1840
1791363621,proc,22597,336,GenerativeExperiencesSafetyInferenceProvider,336
1791363621,proc,24758,6128,intelligenceflowd,6064
1791363621,proc,25611,1600,generativeexperiencesd,656
1791363621,proc,31363,5648,IntelligencePlatformComputeService,5904
1791363621,proc,43960,4608816,llama-server,0
1791363621,proc,43981,23456,mdworker_shared,0
1791363621,proc,44904,81120,node,0
1791363621,sys,9335305,57,4534,
1791363622,proc,1081,352,aned,352
1791363622,proc,1114,40784,NotificationCenter,15568
1791363622,proc,1643,16176,Ollama,16128
1791363622,proc,1664,27904,ollama,25232
1791363622,proc,14165,1952,translationd,1840
1791363622,proc,22597,336,GenerativeExperiencesSafetyInferenceProvider,336
1791363622,proc,24758,6128,intelligenceflowd,6064
1791363622,proc,25611,1600,generativeexperiencesd,656
1791363622,proc,31363,5648,IntelligencePlatformComputeService,5904
1791363622,proc,43960,4641248,llama-server,0
1791363622,proc,43981,23456,mdworker_shared,0
1791363622,proc,44904,81504,node,0
1791363622,sys,9335305,57,5021,
1791363623,proc,1081,352,aned,352
1791363623,proc,1114,40784,NotificationCenter,15568
1791363623,proc,1643,16176,Ollama,16128
1791363623,proc,1664,27904,ollama,25232
1791363623,proc,14165,1952,translationd,1840
1791363623,proc,22597,336,GenerativeExperiencesSafetyInferenceProvider,336
1791363623,proc,24758,6128,intelligenceflowd,6064
1791363623,proc,25611,1600,generativeexperiencesd,656
1791363623,proc,31363,5648,IntelligencePlatformComputeService,5904
1791363623,proc,43960,4641248,llama-server,0
1791363623,proc,43981,23456,mdworker_shared,0
1791363623,proc,44904,81504,node,0
1791363623,sys,9335305,57,4471,
1791363624,proc,1081,352,aned,352
1791363624,proc,1114,40784,NotificationCenter,15568
1791363624,proc,1643,16176,Ollama,16128
1791363624,proc,1664,27904,ollama,25232
1791363624,proc,14165,1952,translationd,1840
1791363624,proc,22597,336,GenerativeExperiencesSafetyInferenceProvider,336
1791363624,proc,24758,6128,intelligenceflowd,6064
1791363624,proc,25611,1600,generativeexperiencesd,656
1791363624,proc,31363,5648,IntelligencePlatformComputeService,5904
1791363624,proc,43960,4676496,llama-server,0
1791363624,proc,43981,23456,mdworker_shared,0
1791363624,proc,44904,81616,node,0
1791363624,sys,9335305,57,4426,
1791363626,proc,1081,352,aned,352
1791363626,proc,1114,40784,NotificationCenter,15568
1791363626,proc,1643,16176,Ollama,16128
1791363626,proc,1664,27904,ollama,25232
1791363626,proc,14165,1952,translationd,1840
1791363626,proc,22597,336,GenerativeExperiencesSafetyInferenceProvider,336
1791363626,proc,24758,6128,intelligenceflowd,6064
1791363626,proc,25611,1600,generativeexperiencesd,656
1791363626,proc,31363,5648,IntelligencePlatformComputeService,5904
1791363626,proc,43960,4676496,llama-server,0
1791363626,proc,43981,23456,mdworker_shared,0
1791363626,proc,44904,81616,node,0
1791363626,sys,9335305,57,4422,
1791363627,proc,1081,352,aned,352
1791363627,proc,1114,40784,NotificationCenter,15568
1791363627,proc,1643,16176,Ollama,16128
1791363627,proc,1664,27904,ollama,25232
1791363627,proc,14165,1952,translationd,1840
1791363627,proc,22597,336,GenerativeExperiencesSafetyInferenceProvider,336
1791363627,proc,24758,6128,intelligenceflowd,6064
1791363627,proc,25611,1600,generativeexperiencesd,656
1791363627,proc,31363,5648,IntelligencePlatformComputeService,5904
1791363627,proc,43960,4709408,llama-server,0
1791363627,proc,43981,23456,mdworker_shared,0
1791363627,proc,44904,81712,node,0
1791363627,sys,9335305,56,4419,
1791363628,proc,1081,352,aned,352
1791363628,proc,1114,40784,NotificationCenter,15568
1791363628,proc,1643,16176,Ollama,16128
1791363628,proc,1664,27904,ollama,25232
1791363628,proc,14165,1952,translationd,1840
1791363628,proc,22597,336,GenerativeExperiencesSafetyInferenceProvider,336
1791363628,proc,24758,6128,intelligenceflowd,6064
1791363628,proc,25611,1600,generativeexperiencesd,656
1791363628,proc,31363,5648,IntelligencePlatformComputeService,5904
1791363628,proc,43960,4709408,llama-server,0
1791363628,proc,43981,23456,mdworker_shared,0
1791363628,proc,44904,81712,node,0
1791363628,sys,9335305,56,4468,
1791363629,proc,1081,352,aned,352
1791363629,proc,1114,40784,NotificationCenter,15568
1791363629,proc,1643,16176,Ollama,16128
1791363629,proc,1664,27904,ollama,25232
1791363629,proc,14165,1952,translationd,1840
1791363629,proc,22597,336,GenerativeExperiencesSafetyInferenceProvider,336
1791363629,proc,24758,6128,intelligenceflowd,6064
1791363629,proc,25611,1600,generativeexperiencesd,656
1791363629,proc,31363,5648,IntelligencePlatformComputeService,5904
1791363629,proc,43960,4742288,llama-server,0
1791363629,proc,43981,23456,mdworker_shared,0
1791363629,proc,44904,81856,node,0
1791363629,sys,9335305,56,4508,
1791363630,proc,1081,352,aned,352
1791363630,proc,1114,40784,NotificationCenter,15568
1791363630,proc,1643,16176,Ollama,16128
1791363630,proc,1664,27904,ollama,25232
1791363630,proc,14165,1952,translationd,1840
1791363630,proc,22597,336,GenerativeExperiencesSafetyInferenceProvider,336
1791363630,proc,24758,6128,intelligenceflowd,6064
1791363630,proc,25611,1600,generativeexperiencesd,656
1791363630,proc,31363,5648,IntelligencePlatformComputeService,5904
1791363630,proc,43960,4762592,llama-server,0
1791363630,proc,43981,23456,mdworker_shared,0
1791363630,proc,44904,81952,node,0
1791363630,sys,9335305,56,4406,
1791363631,proc,1081,352,aned,352
1791363631,proc,1114,40784,NotificationCenter,15568
1791363631,proc,1643,16176,Ollama,16128
1791363631,proc,1664,27904,ollama,25232
1791363631,proc,14165,1952,translationd,1840
1791363631,proc,22597,336,GenerativeExperiencesSafetyInferenceProvider,336
1791363631,proc,24758,6128,intelligenceflowd,6064
1791363631,proc,25611,1600,generativeexperiencesd,656
1791363631,proc,31363,5648,IntelligencePlatformComputeService,5904
1791363631,proc,43960,4762592,llama-server,0
1791363631,proc,43981,23456,mdworker_shared,0
1791363631,proc,44904,81952,node,0
1791363631,sys,9335305,56,6079,
1791363632,proc,1081,352,aned,352
1791363632,proc,1114,40784,NotificationCenter,15568
1791363632,proc,1643,16176,Ollama,16128
1791363632,proc,1664,27904,ollama,25232
1791363632,proc,14165,1952,translationd,1840
1791363632,proc,22597,336,GenerativeExperiencesSafetyInferenceProvider,336
1791363632,proc,24758,6128,intelligenceflowd,6064
1791363632,proc,25611,1600,generativeexperiencesd,656
1791363632,proc,31363,5648,IntelligencePlatformComputeService,5904
1791363632,proc,43960,4793456,llama-server,0
1791363632,proc,43981,23456,mdworker_shared,0
1791363632,proc,44904,82048,node,0
1791363632,sys,9335305,56,4523,
1791363633,proc,1081,352,aned,352
1791363633,proc,1114,40784,NotificationCenter,15568
1791363633,proc,1643,16176,Ollama,16128
1791363633,proc,1664,27904,ollama,25232
1791363633,proc,14165,1952,translationd,1840
1791363633,proc,22597,336,GenerativeExperiencesSafetyInferenceProvider,336
1791363633,proc,24758,6128,intelligenceflowd,6064
1791363633,proc,25611,1600,generativeexperiencesd,656
1791363633,proc,31363,5648,IntelligencePlatformComputeService,5904
1791363633,proc,43960,4793456,llama-server,0
1791363633,proc,43981,23456,mdworker_shared,0
1791363633,proc,44904,82048,node,0
1791363633,sys,9335305,56,4815,
1791363634,proc,1081,352,aned,352
1791363634,proc,1114,40784,NotificationCenter,15568
1791363634,proc,1643,16176,Ollama,16128
1791363634,proc,1664,27904,ollama,25232
1791363634,proc,14165,1952,translationd,1840
1791363634,proc,22597,336,GenerativeExperiencesSafetyInferenceProvider,336
1791363634,proc,24758,6128,intelligenceflowd,6064
1791363634,proc,25611,1600,generativeexperiencesd,656
1791363634,proc,31363,5648,IntelligencePlatformComputeService,5904
1791363634,proc,43960,4838000,llama-server,0
1791363634,proc,43981,23456,mdworker_shared,0
1791363634,proc,44904,82144,node,0
1791363634,sys,9335305,56,4266,
1791363635,proc,1081,352,aned,352
1791363635,proc,1114,40784,NotificationCenter,15568
1791363635,proc,1643,16176,Ollama,16128
1791363635,proc,1664,27904,ollama,25232
1791363635,proc,14165,1952,translationd,1840
1791363635,proc,22597,336,GenerativeExperiencesSafetyInferenceProvider,336
1791363635,proc,24758,6128,intelligenceflowd,6064
1791363635,proc,25611,1600,generativeexperiencesd,656
1791363635,proc,31363,5648,IntelligencePlatformComputeService,5904
1791363635,proc,43960,4871536,llama-server,0
1791363635,proc,43981,23456,mdworker_shared,0
1791363635,proc,44904,82144,node,0
1791363635,sys,9335305,56,4475,
1791363636,proc,1081,352,aned,352
1791363636,proc,1114,40784,NotificationCenter,15568
1791363636,proc,1643,16176,Ollama,16128
1791363636,proc,1664,27904,ollama,25232
1791363636,proc,14165,1952,translationd,1840
1791363636,proc,22597,336,GenerativeExperiencesSafetyInferenceProvider,336
1791363636,proc,24758,6128,intelligenceflowd,6064
1791363636,proc,25611,1600,generativeexperiencesd,656
1791363636,proc,31363,5648,IntelligencePlatformComputeService,5904
1791363636,proc,43960,4871536,llama-server,0
1791363636,proc,43981,23456,mdworker_shared,0
1791363636,proc,44904,82144,node,0
1791363636,sys,9335305,56,4680,
1791363637,proc,1081,352,aned,352
1791363637,proc,1114,40784,NotificationCenter,15568
1791363637,proc,1643,16176,Ollama,16128
1791363637,proc,1664,27904,ollama,25232
1791363637,proc,14165,1952,translationd,1840
1791363637,proc,22597,336,GenerativeExperiencesSafetyInferenceProvider,336
1791363637,proc,24758,6128,intelligenceflowd,6064
1791363637,proc,25611,1600,generativeexperiencesd,656
1791363637,proc,31363,5648,IntelligencePlatformComputeService,5904
1791363637,proc,43960,4871536,llama-server,0
1791363637,proc,43981,23456,mdworker_shared,0
1791363637,proc,44904,82144,node,0
1791363637,sys,9335305,56,5414,
1791363638,proc,1081,352,aned,352
1791363638,proc,1114,40784,NotificationCenter,15568
1791363638,proc,1643,16176,Ollama,16128
1791363638,proc,1664,27904,ollama,25232
1791363638,proc,14165,1952,translationd,1840
1791363638,proc,22597,336,GenerativeExperiencesSafetyInferenceProvider,336
1791363638,proc,24758,6128,intelligenceflowd,6064
1791363638,proc,25611,1600,generativeexperiencesd,656
1791363638,proc,31363,5648,IntelligencePlatformComputeService,5904
1791363638,proc,43960,4871536,llama-server,0
1791363638,proc,43981,23456,mdworker_shared,0
1791363638,proc,44904,82304,node,0
1791363638,sys,9335305,56,4527,
1791363639,proc,1081,352,aned,352
1791363639,proc,1114,40784,NotificationCenter,15568
1791363639,proc,1643,16176,Ollama,16128
1791363639,proc,1664,27904,ollama,25232
1791363639,proc,14165,1952,translationd,1840
1791363639,proc,22597,336,GenerativeExperiencesSafetyInferenceProvider,336
1791363639,proc,24758,6128,intelligenceflowd,6064
1791363639,proc,25611,1600,generativeexperiencesd,656
1791363639,proc,31363,5648,IntelligencePlatformComputeService,5904
1791363639,proc,43960,4871552,llama-server,0
1791363639,proc,43981,23456,mdworker_shared,0
1791363639,proc,44904,82384,node,0
1791363639,sys,9335305,56,4816,
1791363640,proc,1081,352,aned,352
1791363640,proc,1114,40784,NotificationCenter,15568
1791363640,proc,1643,16176,Ollama,16128
1791363640,proc,1664,27952,ollama,25232
1791363640,proc,14165,1952,translationd,1840
1791363640,proc,22597,336,GenerativeExperiencesSafetyInferenceProvider,336
1791363640,proc,24758,6128,intelligenceflowd,6064
1791363640,proc,25611,1600,generativeexperiencesd,656
1791363640,proc,31363,5648,IntelligencePlatformComputeService,5904
1791363640,proc,43960,4871552,llama-server,0
1791363640,proc,43981,23456,mdworker_shared,0
1791363640,proc,44904,82384,node,0
1791363640,sys,9335305,56,5888,
1791363641,proc,1081,352,aned,352
1791363641,proc,1114,40784,NotificationCenter,15568
1791363641,proc,1643,16176,Ollama,16128
1791363641,proc,1664,27952,ollama,25232
1791363641,proc,14165,1952,translationd,1840
1791363641,proc,22597,336,GenerativeExperiencesSafetyInferenceProvider,336
1791363641,proc,24758,6144,intelligenceflowd,6064
1791363641,proc,25611,1600,generativeexperiencesd,656
1791363641,proc,31363,5648,IntelligencePlatformComputeService,5904
1791363641,proc,43960,4871552,llama-server,0
1791363641,proc,43981,23456,mdworker_shared,0
1791363641,proc,44904,82464,node,0
1791363641,sys,9335305,56,4796,
1791363643,proc,1081,352,aned,352
1791363643,proc,1114,40784,NotificationCenter,15568
1791363643,proc,1643,16176,Ollama,16128
1791363643,proc,1664,27952,ollama,25232
1791363643,proc,14165,1952,translationd,1840
1791363643,proc,22597,336,GenerativeExperiencesSafetyInferenceProvider,336
1791363643,proc,24758,6144,intelligenceflowd,6064
1791363643,proc,25611,1600,generativeexperiencesd,656
1791363643,proc,31363,5648,IntelligencePlatformComputeService,5904
1791363643,proc,43960,4871552,llama-server,0
1791363643,proc,43981,23456,mdworker_shared,0
1791363643,proc,44904,82464,node,0
1791363643,sys,9335305,57,4772,
1791363644,proc,1081,352,aned,352
1791363644,proc,1114,40784,NotificationCenter,15568
1791363644,proc,1643,16176,Ollama,16128
1791363644,proc,1664,27952,ollama,25232
1791363644,proc,14165,1952,translationd,1840
1791363644,proc,22597,336,GenerativeExperiencesSafetyInferenceProvider,336
1791363644,proc,24758,6144,intelligenceflowd,6064
1791363644,proc,25611,1600,generativeexperiencesd,656
1791363644,proc,31363,5648,IntelligencePlatformComputeService,5904
1791363644,proc,43960,4871552,llama-server,0
1791363644,proc,43981,23456,mdworker_shared,0
1791363644,proc,44904,82464,node,0
1791363644,sys,9335305,57,4570,
1791363645,proc,1081,352,aned,352
1791363645,proc,1114,40784,NotificationCenter,15568
1791363645,proc,1643,16176,Ollama,16128
1791363645,proc,1664,27952,ollama,25232
1791363645,proc,14165,1952,translationd,1840
1791363645,proc,22597,336,GenerativeExperiencesSafetyInferenceProvider,336
1791363645,proc,24758,6144,intelligenceflowd,6064
1791363645,proc,25611,1600,generativeexperiencesd,656
1791363645,proc,31363,5648,IntelligencePlatformComputeService,5904
1791363645,proc,43960,4871552,llama-server,0
1791363645,proc,44904,82464,node,0
1791363645,sys,9335305,57,5509,
1791363646,proc,1081,352,aned,352
1791363646,proc,1114,40784,NotificationCenter,15568
1791363646,proc,1643,16176,Ollama,16128
1791363646,proc,1664,27952,ollama,25232
1791363646,proc,14165,1952,translationd,1840
1791363646,proc,22597,336,GenerativeExperiencesSafetyInferenceProvider,336
1791363646,proc,24758,6144,intelligenceflowd,6064
1791363646,proc,25611,1600,generativeexperiencesd,656
1791363646,proc,31363,5648,IntelligencePlatformComputeService,5904
1791363646,proc,43960,4903920,llama-server,0
1791363646,proc,44904,82464,node,0
1791363646,sys,9335305,57,5060,
1791363647,proc,1081,352,aned,352
1791363647,proc,1114,40784,NotificationCenter,15568
1791363647,proc,1643,16176,Ollama,16128
1791363647,proc,1664,27952,ollama,25232
1791363647,proc,14165,1952,translationd,1840
1791363647,proc,22597,336,GenerativeExperiencesSafetyInferenceProvider,336
1791363647,proc,24758,6128,intelligenceflowd,6064
1791363647,proc,25611,1600,generativeexperiencesd,656
1791363647,proc,31363,5648,IntelligencePlatformComputeService,5904
1791363647,proc,43960,4935488,llama-server,0
1791363647,proc,45811,63104,node,0
1791363647,sys,9335305,57,4269,
1791363648,proc,1081,352,aned,352
1791363648,proc,1114,40784,NotificationCenter,15568
1791363648,proc,1643,16176,Ollama,16128
1791363648,proc,1664,27952,ollama,25232
1791363648,proc,14165,1952,translationd,1840
1791363648,proc,22597,336,GenerativeExperiencesSafetyInferenceProvider,336
1791363648,proc,24758,6128,intelligenceflowd,6064
1791363648,proc,25611,1600,generativeexperiencesd,656
1791363648,proc,31363,5648,IntelligencePlatformComputeService,5904
1791363648,proc,43960,4935488,llama-server,0
1791363648,proc,45811,63104,node,0
1791363648,sys,9335305,57,4478,
1791363649,proc,1081,352,aned,352
1791363649,proc,1114,40784,NotificationCenter,15568
1791363649,proc,1643,16176,Ollama,16128
1791363649,proc,1664,27968,ollama,25232
1791363649,proc,14165,1952,translationd,1840
1791363649,proc,22597,336,GenerativeExperiencesSafetyInferenceProvider,336
1791363649,proc,24758,6128,intelligenceflowd,6064
1791363649,proc,25611,1600,generativeexperiencesd,656
1791363649,proc,31363,5648,IntelligencePlatformComputeService,5904
1791363649,proc,43960,4968496,llama-server,0
1791363649,proc,45811,64176,node,0
1791363649,proc,45844,22176,mdworker_shared,0
1791363649,sys,9335305,57,4902,
1791363650,proc,1081,352,aned,352
1791363650,proc,1114,40784,NotificationCenter,15568
1791363650,proc,1643,16176,Ollama,16128
1791363650,proc,1664,27968,ollama,25232
1791363650,proc,14165,1952,translationd,1840
1791363650,proc,22597,336,GenerativeExperiencesSafetyInferenceProvider,336
1791363650,proc,24758,6128,intelligenceflowd,6064
1791363650,proc,25611,1600,generativeexperiencesd,656
1791363650,proc,31363,5648,IntelligencePlatformComputeService,5904
1791363650,proc,43960,4968496,llama-server,0
1791363650,proc,45811,64176,node,0
1791363650,proc,45844,22176,mdworker_shared,0
1791363650,sys,9335305,57,4326,
1791363651,proc,1081,352,aned,352
1791363651,proc,1114,40784,NotificationCenter,15568
1791363651,proc,1643,16176,Ollama,16128
1791363651,proc,1664,27968,ollama,25232
1791363651,proc,14165,1952,translationd,1840
1791363651,proc,22597,336,GenerativeExperiencesSafetyInferenceProvider,336
1791363651,proc,24758,6128,intelligenceflowd,6064
1791363651,proc,25611,1600,generativeexperiencesd,656
1791363651,proc,31363,5648,IntelligencePlatformComputeService,5904
1791363651,proc,43960,5002160,llama-server,0
1791363651,proc,45811,64288,node,0
1791363651,proc,45844,22176,mdworker_shared,0
1791363651,sys,9335305,57,4303,
1791363652,proc,1081,352,aned,352
1791363652,proc,1114,40784,NotificationCenter,15568
1791363652,proc,1643,16176,Ollama,16128
1791363652,proc,1664,27968,ollama,25232
1791363652,proc,14165,1952,translationd,1840
1791363652,proc,22597,336,GenerativeExperiencesSafetyInferenceProvider,336
1791363652,proc,24758,6128,intelligenceflowd,6064
1791363652,proc,25611,1600,generativeexperiencesd,656
1791363652,proc,31363,5648,IntelligencePlatformComputeService,5904
1791363652,proc,43960,5022320,llama-server,0
1791363652,proc,45811,64384,node,0
1791363652,proc,45844,22176,mdworker_shared,0
1791363652,sys,9335305,57,4461,
1791363653,proc,1081,352,aned,352
1791363653,proc,1114,40784,NotificationCenter,15568
1791363653,proc,1643,16176,Ollama,16128
1791363653,proc,1664,27968,ollama,25232
1791363653,proc,14165,1952,translationd,1840
1791363653,proc,22597,336,GenerativeExperiencesSafetyInferenceProvider,336
1791363653,proc,24758,6128,intelligenceflowd,6064
1791363653,proc,25611,1600,generativeexperiencesd,656
1791363653,proc,31363,5648,IntelligencePlatformComputeService,5904
1791363653,proc,43960,5022320,llama-server,0
1791363653,proc,45811,64384,node,0
1791363653,proc,45844,22176,mdworker_shared,0
1791363653,sys,9335305,56,4638,
1791363654,proc,1081,352,aned,352
1791363654,proc,1114,40784,NotificationCenter,15568
1791363654,proc,1643,16176,Ollama,16128
1791363654,proc,1664,27968,ollama,25232
1791363654,proc,14165,1952,translationd,1840
1791363654,proc,22597,336,GenerativeExperiencesSafetyInferenceProvider,336
1791363654,proc,24758,6128,intelligenceflowd,6064
1791363654,proc,25611,1600,generativeexperiencesd,656
1791363654,proc,31363,5648,IntelligencePlatformComputeService,5904
1791363654,proc,43960,5069008,llama-server,0
1791363654,proc,45811,82192,node,0
1791363654,proc,45844,22144,mdworker_shared,0
1791363654,sys,9335305,56,4134,
1791363655,proc,1081,352,aned,352
1791363655,proc,1114,40784,NotificationCenter,15568
1791363655,proc,1643,16176,Ollama,16128
1791363655,proc,1664,27968,ollama,25232
1791363655,proc,14165,1952,translationd,1840
1791363655,proc,22597,336,GenerativeExperiencesSafetyInferenceProvider,336
1791363655,proc,24758,6128,intelligenceflowd,6064
1791363655,proc,25611,1600,generativeexperiencesd,656
1791363655,proc,31363,5648,IntelligencePlatformComputeService,5904
1791363655,proc,43960,5069008,llama-server,0
1791363655,proc,45811,80608,node,0
1791363655,proc,45844,22144,mdworker_shared,0
1791363655,sys,9335305,56,4710,
1791363656,proc,1081,352,aned,352
1791363656,proc,1114,40784,NotificationCenter,15568
1791363656,proc,1643,16176,Ollama,16128
1791363656,proc,1664,27968,ollama,25232
1791363656,proc,14165,1952,translationd,1840
1791363656,proc,22597,336,GenerativeExperiencesSafetyInferenceProvider,336
1791363656,proc,24758,6128,intelligenceflowd,6064
1791363656,proc,25611,1600,generativeexperiencesd,656
1791363656,proc,31363,5648,IntelligencePlatformComputeService,5904
1791363656,proc,43960,5103712,llama-server,0
1791363656,proc,45811,80848,node,0
1791363656,proc,45844,22144,mdworker_shared,0
1791363656,sys,9335305,56,4479,
1791363657,proc,1081,352,aned,352
1791363657,proc,1114,40784,NotificationCenter,15568
1791363657,proc,1643,16176,Ollama,16128
1791363657,proc,1664,27968,ollama,25232
1791363657,proc,14165,1952,translationd,1840
1791363657,proc,22597,336,GenerativeExperiencesSafetyInferenceProvider,336
1791363657,proc,24758,6128,intelligenceflowd,6064
1791363657,proc,25611,1600,generativeexperiencesd,656
1791363657,proc,31363,5648,IntelligencePlatformComputeService,5904
1791363657,proc,43960,5103712,llama-server,0
1791363657,proc,45811,80832,node,0
1791363657,proc,45844,22144,mdworker_shared,0
1791363657,sys,9335305,56,4397,
1791363658,proc,1081,352,aned,352
1791363658,proc,1114,40784,NotificationCenter,15568
1791363658,proc,1643,16176,Ollama,16128
1791363658,proc,1664,27968,ollama,25232
1791363658,proc,14165,1952,translationd,1840
1791363658,proc,22597,336,GenerativeExperiencesSafetyInferenceProvider,336
1791363658,proc,24758,6128,intelligenceflowd,6064
1791363658,proc,25611,1600,generativeexperiencesd,656
1791363658,proc,31363,5648,IntelligencePlatformComputeService,5904
1791363658,proc,43960,5123616,llama-server,0
1791363658,proc,45811,81024,node,0
1791363658,proc,45844,22144,mdworker_shared,0
1791363658,sys,9335305,56,4725,
1791363660,proc,1081,352,aned,352
1791363660,proc,1114,40832,NotificationCenter,15568
1791363660,proc,1643,16176,Ollama,16128
1791363660,proc,1664,27968,ollama,25232
1791363660,proc,14165,1952,translationd,1840
1791363660,proc,22597,336,GenerativeExperiencesSafetyInferenceProvider,336
1791363660,proc,24758,6128,intelligenceflowd,6064
1791363660,proc,25611,1600,generativeexperiencesd,656
1791363660,proc,31363,5648,IntelligencePlatformComputeService,5904
1791363660,proc,43960,5169120,llama-server,0
1791363660,proc,45811,81168,node,0
1791363660,proc,45844,22144,mdworker_shared,0
1791363660,sys,9335305,56,4585,
1791363661,proc,1081,352,aned,352
1791363661,proc,1114,40832,NotificationCenter,15568
1791363661,proc,1643,16176,Ollama,16128
1791363661,proc,1664,27968,ollama,25232
1791363661,proc,14165,1952,translationd,1840
1791363661,proc,22597,336,GenerativeExperiencesSafetyInferenceProvider,336
1791363661,proc,24758,6128,intelligenceflowd,6064
1791363661,proc,25611,1600,generativeexperiencesd,656
1791363661,proc,31363,5648,IntelligencePlatformComputeService,5904
1791363661,proc,43960,5169120,llama-server,0
1791363661,proc,45811,81168,node,0
1791363661,proc,45844,22144,mdworker_shared,0
1791363661,sys,9335305,56,5599,
1791363662,proc,1081,352,aned,352
1791363662,proc,1114,40832,NotificationCenter,15568
1791363662,proc,1643,16176,Ollama,16128
1791363662,proc,1664,27968,ollama,25232
1791363662,proc,14165,1952,translationd,1840
1791363662,proc,22597,336,GenerativeExperiencesSafetyInferenceProvider,336
1791363662,proc,24758,6128,intelligenceflowd,6064
1791363662,proc,25611,1600,generativeexperiencesd,656
1791363662,proc,31363,5648,IntelligencePlatformComputeService,5904
1791363662,proc,43960,5169120,llama-server,0
1791363662,proc,45811,81168,node,0
1791363662,proc,45844,22144,mdworker_shared,0
1791363662,sys,9335305,56,4365,
1791363663,proc,1081,352,aned,352
1791363663,proc,1114,40832,NotificationCenter,15568
1791363663,proc,1643,16176,Ollama,16128
1791363663,proc,1664,27968,ollama,25232
1791363663,proc,14165,1952,translationd,1840
1791363663,proc,22597,336,GenerativeExperiencesSafetyInferenceProvider,336
1791363663,proc,24758,6128,intelligenceflowd,6064
1791363663,proc,25611,1600,generativeexperiencesd,656
1791363663,proc,31363,5648,IntelligencePlatformComputeService,5904
1791363663,proc,43960,5221104,llama-server,0
1791363663,proc,45811,81472,node,0
1791363663,proc,45844,22144,mdworker_shared,0
1791363663,sys,9335305,56,4489,
1791363664,proc,1081,352,aned,352
1791363664,proc,1114,40832,NotificationCenter,15568
1791363664,proc,1643,16176,Ollama,16128
1791363664,proc,1664,27968,ollama,25232
1791363664,proc,14165,1952,translationd,1840
1791363664,proc,22597,336,GenerativeExperiencesSafetyInferenceProvider,336
1791363664,proc,24758,6128,intelligenceflowd,6064
1791363664,proc,25611,1600,generativeexperiencesd,656
1791363664,proc,31363,5648,IntelligencePlatformComputeService,5904
1791363664,proc,43960,5221104,llama-server,0
1791363664,proc,45811,81472,node,0
1791363664,proc,45844,22144,mdworker_shared,0
1791363664,sys,9335305,57,4490,
1791363665,proc,1081,352,aned,352
1791363665,proc,1114,40784,NotificationCenter,15568
1791363665,proc,1643,16176,Ollama,16128
1791363665,proc,1664,27968,ollama,25232
1791363665,proc,14165,1952,translationd,1840
1791363665,proc,22597,336,GenerativeExperiencesSafetyInferenceProvider,336
1791363665,proc,24758,6128,intelligenceflowd,6064
1791363665,proc,25611,1600,generativeexperiencesd,656
1791363665,proc,31363,5648,IntelligencePlatformComputeService,5904
1791363665,proc,43960,5259072,llama-server,0
1791363665,proc,45811,81760,node,0
1791363665,proc,45844,22144,mdworker_shared,0
1791363665,sys,9335305,57,4707,
1791363666,proc,1081,352,aned,352
1791363666,proc,1114,40784,NotificationCenter,15568
1791363666,proc,1643,16176,Ollama,16128
1791363666,proc,1664,27968,ollama,25232
1791363666,proc,14165,1952,translationd,1840
1791363666,proc,22597,336,GenerativeExperiencesSafetyInferenceProvider,336
1791363666,proc,24758,6128,intelligenceflowd,6064
1791363666,proc,25611,1600,generativeexperiencesd,656
1791363666,proc,31363,5648,IntelligencePlatformComputeService,5904
1791363666,proc,43960,5279088,llama-server,0
1791363666,proc,45811,81872,node,0
1791363666,proc,45844,22144,mdworker_shared,0
1791363666,sys,9335305,57,4580,
1791363667,proc,1081,352,aned,352
1791363667,proc,1114,40784,NotificationCenter,15568
1791363667,proc,1643,16176,Ollama,16128
1791363667,proc,1664,27968,ollama,25232
1791363667,proc,14165,1952,translationd,1840
1791363667,proc,22597,336,GenerativeExperiencesSafetyInferenceProvider,336
1791363667,proc,24758,6128,intelligenceflowd,6064
1791363667,proc,25611,1600,generativeexperiencesd,656
1791363667,proc,31363,5648,IntelligencePlatformComputeService,5904
1791363667,proc,43960,5279088,llama-server,0
1791363667,proc,45811,81872,node,0
1791363667,proc,45844,22144,mdworker_shared,0
1791363667,sys,9335305,57,5193,
1791363668,proc,1081,352,aned,352
1791363668,proc,1114,40784,NotificationCenter,15568
1791363668,proc,1643,16176,Ollama,16128
1791363668,proc,1664,27968,ollama,25232
1791363668,proc,14165,1952,translationd,1840
1791363668,proc,22597,336,GenerativeExperiencesSafetyInferenceProvider,336
1791363668,proc,24758,6128,intelligenceflowd,6064
1791363668,proc,25611,1600,generativeexperiencesd,656
1791363668,proc,31363,5648,IntelligencePlatformComputeService,5904
1791363668,proc,43960,5313520,llama-server,0
1791363668,proc,45811,81968,node,0
1791363668,proc,45844,22144,mdworker_shared,0
1791363668,sys,9335305,57,4405,
1791363669,proc,1081,352,aned,352
1791363669,proc,1114,40784,NotificationCenter,15568
1791363669,proc,1643,16176,Ollama,16128
1791363669,proc,1664,27968,ollama,25232
1791363669,proc,14165,1952,translationd,1840
1791363669,proc,22597,336,GenerativeExperiencesSafetyInferenceProvider,336
1791363669,proc,24758,6128,intelligenceflowd,6064
1791363669,proc,25611,1600,generativeexperiencesd,656
1791363669,proc,31363,5648,IntelligencePlatformComputeService,5904
1791363669,proc,43960,5313568,llama-server,0
1791363669,proc,45811,82336,node,0
1791363669,proc,45844,22144,mdworker_shared,0
1791363669,sys,9335305,57,4635,
1791363670,proc,1081,352,aned,352
1791363670,proc,1114,40784,NotificationCenter,15568
1791363670,proc,1643,16176,Ollama,16128
1791363670,proc,1664,27968,ollama,25232
1791363670,proc,14165,1952,translationd,1840
1791363670,proc,22597,336,GenerativeExperiencesSafetyInferenceProvider,336
1791363670,proc,24758,6128,intelligenceflowd,6064
1791363670,proc,25611,1600,generativeexperiencesd,656
1791363670,proc,31363,5648,IntelligencePlatformComputeService,5904
1791363670,proc,43960,5313568,llama-server,0
1791363670,proc,45811,82336,node,0
1791363670,proc,45844,22144,mdworker_shared,0
1791363670,sys,9335305,57,4437,
1791363671,proc,1081,352,aned,352
1791363671,proc,1114,40784,NotificationCenter,15568
1791363671,proc,1643,16176,Ollama,16128
1791363671,proc,1664,27968,ollama,25232
1791363671,proc,14165,1952,translationd,1840
1791363671,proc,22597,336,GenerativeExperiencesSafetyInferenceProvider,336
1791363671,proc,24758,6128,intelligenceflowd,6064
1791363671,proc,25611,1600,generativeexperiencesd,656
1791363671,proc,31363,5648,IntelligencePlatformComputeService,5904
1791363671,proc,43960,5313568,llama-server,0
1791363671,proc,45811,82336,node,0
1791363671,proc,45844,22144,mdworker_shared,0
1791363671,sys,9335305,57,5073,
1791363672,proc,1081,352,aned,352
1791363672,proc,1114,40784,NotificationCenter,15568
1791363672,proc,1643,16176,Ollama,16128
1791363672,proc,1664,27968,ollama,25232
1791363672,proc,14165,1952,translationd,1840
1791363672,proc,22597,336,GenerativeExperiencesSafetyInferenceProvider,336
1791363672,proc,24758,6128,intelligenceflowd,6064
1791363672,proc,25611,1600,generativeexperiencesd,656
1791363672,proc,31363,5648,IntelligencePlatformComputeService,5904
1791363672,proc,43960,5349152,llama-server,0
1791363672,proc,45811,82448,node,0
1791363672,proc,45844,22144,mdworker_shared,0
1791363672,sys,9335305,57,4564,
1791363673,proc,1081,352,aned,352
1791363673,proc,1114,40784,NotificationCenter,15568
1791363673,proc,1643,16176,Ollama,16128
1791363673,proc,1664,27968,ollama,25232
1791363673,proc,14165,1952,translationd,1840
1791363673,proc,22597,336,GenerativeExperiencesSafetyInferenceProvider,336
1791363673,proc,24758,6128,intelligenceflowd,6064
1791363673,proc,25611,1600,generativeexperiencesd,656
1791363673,proc,31363,5648,IntelligencePlatformComputeService,5904
1791363673,proc,43960,5349152,llama-server,0
1791363673,proc,45811,82448,node,0
1791363673,proc,45844,22144,mdworker_shared,0
1791363673,sys,9335305,57,6087,
1791363674,proc,1081,352,aned,352
1791363674,proc,1114,40784,NotificationCenter,15568
1791363674,proc,1643,16176,Ollama,16128
1791363674,proc,1664,27968,ollama,25232
1791363674,proc,14165,1952,translationd,1840
1791363674,proc,22597,336,GenerativeExperiencesSafetyInferenceProvider,336
1791363674,proc,24758,6128,intelligenceflowd,6064
1791363674,proc,25611,1600,generativeexperiencesd,656
1791363674,proc,31363,5648,IntelligencePlatformComputeService,5904
1791363674,proc,43960,5384320,llama-server,0
1791363674,proc,45811,82544,node,0
1791363674,proc,45844,22480,mdworker_shared,0
1791363674,sys,9335305,56,4253,
1791363675,proc,1081,352,aned,352
1791363675,proc,1114,40784,NotificationCenter,15568
1791363675,proc,1643,16176,Ollama,16128
1791363675,proc,1664,27968,ollama,25232
1791363675,proc,14165,1952,translationd,1840
1791363675,proc,22597,336,GenerativeExperiencesSafetyInferenceProvider,336
1791363675,proc,24758,6128,intelligenceflowd,6064
1791363675,proc,25611,1600,generativeexperiencesd,656
1791363675,proc,31363,5648,IntelligencePlatformComputeService,5904
1791363675,proc,43960,5384320,llama-server,0
1791363675,proc,45811,82544,node,0
1791363675,proc,45844,22640,mdworker_shared,0
1791363675,proc,46354,20576,mdworker_shared,0
1791363675,sys,9335305,56,4158,
1791363677,proc,1081,352,aned,352
1791363677,proc,1114,40784,NotificationCenter,15568
1791363677,proc,1643,16176,Ollama,16128
1791363677,proc,1664,27968,ollama,25232
1791363677,proc,14165,1952,translationd,1840
1791363677,proc,22597,336,GenerativeExperiencesSafetyInferenceProvider,336
1791363677,proc,24758,6128,intelligenceflowd,6064
1791363677,proc,25611,1600,generativeexperiencesd,656
1791363677,proc,31363,5648,IntelligencePlatformComputeService,5904
1791363677,proc,43960,5419328,llama-server,0
1791363677,proc,45811,82656,node,0
1791363677,proc,45844,22640,mdworker_shared,0
1791363677,proc,46354,20576,mdworker_shared,0
1791363677,sys,9335305,56,4491,
1791363678,proc,1081,352,aned,352
1791363678,proc,1114,37328,NotificationCenter,15568
1791363678,proc,1643,16176,Ollama,16128
1791363678,proc,1664,27968,ollama,25232
1791363678,proc,14165,1952,translationd,1840
1791363678,proc,22597,336,GenerativeExperiencesSafetyInferenceProvider,336
1791363678,proc,24758,6128,intelligenceflowd,6064
1791363678,proc,25611,1600,generativeexperiencesd,656
1791363678,proc,31363,5648,IntelligencePlatformComputeService,5904
1791363678,proc,43960,5440032,llama-server,0
1791363678,proc,45811,82752,node,0
1791363678,proc,45844,22640,mdworker_shared,0
1791363678,proc,46354,20576,mdworker_shared,0
1791363678,sys,9335305,56,4296,
1791363679,proc,1081,352,aned,352
1791363679,proc,1114,37328,NotificationCenter,15568
1791363679,proc,1643,16176,Ollama,16128
1791363679,proc,1664,27968,ollama,25232
1791363679,proc,14165,1952,translationd,1840
1791363679,proc,22597,336,GenerativeExperiencesSafetyInferenceProvider,336
1791363679,proc,24758,6128,intelligenceflowd,6064
1791363679,proc,25611,1600,generativeexperiencesd,656
1791363679,proc,31363,5648,IntelligencePlatformComputeService,5904
1791363679,proc,43960,5440032,llama-server,0
1791363679,proc,45811,82752,node,0
1791363679,proc,45844,22640,mdworker_shared,0
1791363679,proc,46354,20576,mdworker_shared,0
1791363679,sys,9335305,56,4628,
1791363680,proc,1081,352,aned,352
1791363680,proc,1114,37328,NotificationCenter,15568
1791363680,proc,1643,16176,Ollama,16128
1791363680,proc,1664,27968,ollama,25232
1791363680,proc,14165,1952,translationd,1840
1791363680,proc,22597,336,GenerativeExperiencesSafetyInferenceProvider,336
1791363680,proc,24758,6128,intelligenceflowd,6064
1791363680,proc,25611,1600,generativeexperiencesd,656
1791363680,proc,31363,5648,IntelligencePlatformComputeService,5904
1791363680,proc,43960,5471936,llama-server,0
1791363680,proc,45811,82848,node,0
1791363680,proc,45844,22640,mdworker_shared,0
1791363680,proc,46354,20560,mdworker_shared,0
1791363680,sys,9335305,56,4822,
1791363681,proc,1081,352,aned,352
1791363681,proc,1114,37328,NotificationCenter,15568
1791363681,proc,1643,16176,Ollama,16128
1791363681,proc,1664,27968,ollama,25232
1791363681,proc,14165,1952,translationd,1840
1791363681,proc,22597,336,GenerativeExperiencesSafetyInferenceProvider,336
1791363681,proc,24758,6128,intelligenceflowd,6064
1791363681,proc,25611,1600,generativeexperiencesd,656
1791363681,proc,31363,5648,IntelligencePlatformComputeService,5904
1791363681,proc,43960,5471936,llama-server,0
1791363681,proc,45811,82848,node,0
1791363681,proc,45844,22640,mdworker_shared,0
1791363681,proc,46354,20560,mdworker_shared,0
1791363681,sys,9335305,56,5061,
1791363682,proc,1081,352,aned,352
1791363682,proc,1114,37328,NotificationCenter,15568
1791363682,proc,1643,16176,Ollama,16128
1791363682,proc,1664,27968,ollama,25232
1791363682,proc,14165,1952,translationd,1840
1791363682,proc,22597,336,GenerativeExperiencesSafetyInferenceProvider,336
1791363682,proc,24758,6128,intelligenceflowd,6064
1791363682,proc,25611,1600,generativeexperiencesd,656
1791363682,proc,31363,5648,IntelligencePlatformComputeService,5904
1791363682,proc,43960,5517168,llama-server,0
1791363682,proc,45811,82928,node,0
1791363682,proc,45844,22640,mdworker_shared,0
1791363682,proc,46354,20560,mdworker_shared,0
1791363682,sys,9335305,56,5893,
1791363683,proc,1081,352,aned,352
1791363683,proc,1114,37328,NotificationCenter,15568
1791363683,proc,1643,16176,Ollama,16128
1791363683,proc,1664,27984,ollama,25232
1791363683,proc,14165,1952,translationd,1840
1791363683,proc,22597,336,GenerativeExperiencesSafetyInferenceProvider,336
1791363683,proc,24758,6128,intelligenceflowd,6064
1791363683,proc,25611,1600,generativeexperiencesd,656
1791363683,proc,31363,5648,IntelligencePlatformComputeService,5904
1791363683,proc,43960,5517168,llama-server,0
1791363683,proc,45811,82928,node,0
1791363683,proc,45844,22640,mdworker_shared,0
1791363683,proc,46354,20560,mdworker_shared,0
1791363683,sys,9335305,56,4509,
1791363684,proc,1081,352,aned,352
1791363684,proc,1114,37328,NotificationCenter,15568
1791363684,proc,1643,16176,Ollama,16128
1791363684,proc,1664,27984,ollama,25232
1791363684,proc,14165,1952,translationd,1840
1791363684,proc,22597,336,GenerativeExperiencesSafetyInferenceProvider,336
1791363684,proc,24758,6128,intelligenceflowd,6064
1791363684,proc,25611,1600,generativeexperiencesd,656
1791363684,proc,31363,5648,IntelligencePlatformComputeService,5904
1791363684,proc,43960,5550176,llama-server,0
1791363684,proc,45811,82928,node,0
1791363684,proc,45844,22640,mdworker_shared,0
1791363684,proc,46354,20560,mdworker_shared,0
1791363684,sys,9335305,56,5323,
1791363685,proc,1081,352,aned,352
1791363685,proc,1114,37328,NotificationCenter,15568
1791363685,proc,1643,16176,Ollama,16128
1791363685,proc,1664,27984,ollama,25232
1791363685,proc,14165,1952,translationd,1840
1791363685,proc,22597,336,GenerativeExperiencesSafetyInferenceProvider,336
1791363685,proc,24758,6128,intelligenceflowd,6064
1791363685,proc,25611,1600,generativeexperiencesd,656
1791363685,proc,31363,5648,IntelligencePlatformComputeService,5904
1791363685,proc,43960,5550176,llama-server,0
1791363685,proc,45811,82928,node,0
1791363685,proc,45844,22640,mdworker_shared,0
1791363685,proc,46354,20560,mdworker_shared,0
1791363685,sys,9335305,57,5219,
1791363686,proc,1081,352,aned,352
1791363686,proc,1114,37328,NotificationCenter,15568
1791363686,proc,1643,16176,Ollama,16128
1791363686,proc,1664,27984,ollama,25232
1791363686,proc,14165,1952,translationd,1840
1791363686,proc,22597,336,GenerativeExperiencesSafetyInferenceProvider,336
1791363686,proc,24758,6128,intelligenceflowd,6064
1791363686,proc,25611,1600,generativeexperiencesd,656
1791363686,proc,31363,5648,IntelligencePlatformComputeService,5904
1791363686,proc,43960,5550176,llama-server,0
1791363686,proc,45811,82928,node,0
1791363686,proc,45844,22640,mdworker_shared,0
1791363686,proc,46354,20560,mdworker_shared,0
1791363686,sys,9335305,57,5105,
1791363687,proc,1081,352,aned,352
1791363687,proc,1114,37328,NotificationCenter,15568
1791363687,proc,1643,16176,Ollama,16128
1791363687,proc,1664,27984,ollama,25232
1791363687,proc,14165,1952,translationd,1840
1791363687,proc,22597,336,GenerativeExperiencesSafetyInferenceProvider,336
1791363687,proc,24758,6128,intelligenceflowd,6064
1791363687,proc,25611,1600,generativeexperiencesd,656
1791363687,proc,31363,5648,IntelligencePlatformComputeService,5904
1791363687,proc,43960,5550192,llama-server,0
1791363687,proc,45811,83296,node,0
1791363687,proc,45844,22640,mdworker_shared,0
1791363687,proc,46354,20560,mdworker_shared,0
1791363687,sys,9335305,57,5207,
1791363688,proc,1081,352,aned,352
1791363688,proc,1114,37328,NotificationCenter,15568
1791363688,proc,1643,16176,Ollama,16128
1791363688,proc,1664,27984,ollama,25232
1791363688,proc,14165,1952,translationd,1840
1791363688,proc,22597,336,GenerativeExperiencesSafetyInferenceProvider,336
1791363688,proc,24758,6128,intelligenceflowd,6064
1791363688,proc,25611,1600,generativeexperiencesd,656
1791363688,proc,31363,5648,IntelligencePlatformComputeService,5904
1791363688,proc,43960,5550192,llama-server,0
1791363688,proc,45811,83328,node,0
1791363688,proc,45844,22640,mdworker_shared,0
1791363688,proc,46354,20560,mdworker_shared,0
1791363688,sys,9335305,57,5127,
1791363689,proc,1081,352,aned,352
1791363689,proc,1114,37328,NotificationCenter,15568
1791363689,proc,1643,16176,Ollama,16128
1791363689,proc,1664,27984,ollama,25232
1791363689,proc,14165,1952,translationd,1840
1791363689,proc,22597,336,GenerativeExperiencesSafetyInferenceProvider,336
1791363689,proc,24758,6128,intelligenceflowd,6064
1791363689,proc,25611,1600,generativeexperiencesd,656
1791363689,proc,31363,5648,IntelligencePlatformComputeService,5904
1791363689,proc,43960,5550192,llama-server,0
1791363689,proc,45811,83392,node,0
1791363689,proc,45844,22640,mdworker_shared,0
1791363689,proc,46354,20560,mdworker_shared,0
1791363689,sys,9335305,57,4991,
1791363690,proc,1081,352,aned,352
1791363690,proc,1114,37328,NotificationCenter,15568
1791363690,proc,1643,16176,Ollama,16128
1791363690,proc,1664,27984,ollama,25232
1791363690,proc,14165,1952,translationd,1840
1791363690,proc,22597,336,GenerativeExperiencesSafetyInferenceProvider,336
1791363690,proc,24758,6128,intelligenceflowd,6064
1791363690,proc,25611,1600,generativeexperiencesd,656
1791363690,proc,31363,5648,IntelligencePlatformComputeService,5904
1791363690,proc,43960,5550192,llama-server,0
1791363690,proc,45811,83392,node,0
1791363690,proc,45844,22640,mdworker_shared,0
1791363690,proc,46354,20560,mdworker_shared,0
1791363690,sys,9335305,57,5062,
1791363691,proc,1081,352,aned,352
1791363691,proc,1114,37328,NotificationCenter,15568
1791363691,proc,1643,16176,Ollama,16128
1791363691,proc,1664,27984,ollama,25232
1791363691,proc,14165,1952,translationd,1840
1791363691,proc,22597,336,GenerativeExperiencesSafetyInferenceProvider,336
1791363691,proc,24758,6128,intelligenceflowd,6064
1791363691,proc,25611,1600,generativeexperiencesd,656
1791363691,proc,31363,5648,IntelligencePlatformComputeService,5904
1791363691,proc,43960,5550192,llama-server,0
1791363691,proc,45811,83392,node,0
1791363691,proc,45844,22640,mdworker_shared,0
1791363691,proc,46354,20560,mdworker_shared,0
1791363691,sys,9335305,57,6510,
1791363692,proc,1081,352,aned,352
1791363692,proc,1114,37328,NotificationCenter,15568
1791363692,proc,1643,16176,Ollama,16128
1791363692,proc,1664,27984,ollama,25232
1791363692,proc,14165,1952,translationd,1840
1791363692,proc,22597,336,GenerativeExperiencesSafetyInferenceProvider,336
1791363692,proc,24758,6128,intelligenceflowd,6064
1791363692,proc,25611,1600,generativeexperiencesd,656
1791363692,proc,31363,5648,IntelligencePlatformComputeService,5904
1791363692,proc,43960,5550192,llama-server,0
1791363692,proc,45811,83392,node,0
1791363692,proc,45844,22640,mdworker_shared,0
1791363692,proc,46354,20560,mdworker_shared,0
1791363692,sys,9335305,57,5143,
1791363694,proc,1081,352,aned,352
1791363694,proc,1114,37328,NotificationCenter,15568
1791363694,proc,1643,16176,Ollama,16128
1791363694,proc,1664,27984,ollama,25232
1791363694,proc,14165,1952,translationd,1840
1791363694,proc,22597,336,GenerativeExperiencesSafetyInferenceProvider,336
1791363694,proc,24758,6128,intelligenceflowd,6064
1791363694,proc,25611,1600,generativeexperiencesd,656
1791363694,proc,31363,5648,IntelligencePlatformComputeService,5904
1791363694,proc,43960,5550192,llama-server,0
1791363694,proc,45811,83392,node,0
1791363694,proc,45844,22640,mdworker_shared,0
1791363694,proc,46354,20560,mdworker_shared,0
1791363694,sys,9335305,57,5462,
1791363695,proc,1081,352,aned,352
1791363695,proc,1114,37328,NotificationCenter,15568
1791363695,proc,1643,16176,Ollama,16128
1791363695,proc,1664,27984,ollama,25232
1791363695,proc,14165,1952,translationd,1840
1791363695,proc,22597,336,GenerativeExperiencesSafetyInferenceProvider,336
1791363695,proc,24758,6128,intelligenceflowd,6064
1791363695,proc,25611,1600,generativeexperiencesd,656
1791363695,proc,31363,5648,IntelligencePlatformComputeService,5904
1791363695,proc,43960,5550192,llama-server,0
1791363695,proc,45811,83392,node,0
1791363695,proc,45844,22640,mdworker_shared,0
1791363695,proc,46354,20560,mdworker_shared,0
1791363695,sys,9335305,57,5294,
1791363696,proc,1081,352,aned,352
1791363696,proc,1114,37328,NotificationCenter,15568
1791363696,proc,1643,16176,Ollama,16128
1791363696,proc,1664,27984,ollama,25232
1791363696,proc,14165,1952,translationd,1840
1791363696,proc,22597,336,GenerativeExperiencesSafetyInferenceProvider,336
1791363696,proc,24758,6128,intelligenceflowd,6064
1791363696,proc,25611,1600,generativeexperiencesd,656
1791363696,proc,31363,5648,IntelligencePlatformComputeService,5904
1791363696,proc,43960,5582448,llama-server,0
1791363696,proc,45844,22640,mdworker_shared,0
1791363696,proc,46354,20560,mdworker_shared,0
1791363696,proc,46785,62816,node,0
1791363696,sys,9335305,56,4553,
1791363697,proc,1081,352,aned,352
1791363697,proc,1114,37328,NotificationCenter,15568
1791363697,proc,1643,16176,Ollama,16128
1791363697,proc,1664,27984,ollama,25232
1791363697,proc,14165,1952,translationd,1840
1791363697,proc,22597,336,GenerativeExperiencesSafetyInferenceProvider,336
1791363697,proc,24758,6128,intelligenceflowd,6064
1791363697,proc,25611,1600,generativeexperiencesd,656
1791363697,proc,31363,5648,IntelligencePlatformComputeService,5904
1791363697,proc,43960,5582448,llama-server,0
1791363697,proc,45844,22640,mdworker_shared,0
1791363697,proc,46354,20560,mdworker_shared,0
1791363697,proc,46785,62816,node,0
1791363697,sys,9335305,56,6016,
1791363698,proc,1081,352,aned,352
1791363698,proc,1114,37328,NotificationCenter,15568
1791363698,proc,1643,16176,Ollama,16128
1791363698,proc,1664,27984,ollama,25232
1791363698,proc,14165,1952,translationd,1840
1791363698,proc,22597,336,GenerativeExperiencesSafetyInferenceProvider,336
1791363698,proc,24758,6128,intelligenceflowd,6064
1791363698,proc,25611,1600,generativeexperiencesd,656
1791363698,proc,31363,5648,IntelligencePlatformComputeService,5904
1791363698,proc,43960,5629200,llama-server,0
1791363698,proc,45844,22720,mdworker_shared,0
1791363698,proc,46354,20560,mdworker_shared,0
1791363698,proc,46785,63872,node,0
1791363698,sys,9335305,56,4363,
1791363699,proc,1081,352,aned,352
1791363699,proc,1114,37328,NotificationCenter,15568
1791363699,proc,1643,16176,Ollama,16128
1791363699,proc,1664,27984,ollama,25232
1791363699,proc,14165,1952,translationd,1840
1791363699,proc,22597,336,GenerativeExperiencesSafetyInferenceProvider,336
1791363699,proc,24758,6128,intelligenceflowd,6064
1791363699,proc,25611,1600,generativeexperiencesd,656
1791363699,proc,31363,5648,IntelligencePlatformComputeService,5904
1791363699,proc,43960,5663856,llama-server,0
1791363699,proc,45844,22720,mdworker_shared,0
1791363699,proc,46354,20560,mdworker_shared,0
1791363699,proc,46785,63984,node,0
1791363699,sys,9335305,56,4326,
1791363700,proc,1081,352,aned,352
1791363700,proc,1114,37328,NotificationCenter,15568
1791363700,proc,1643,16176,Ollama,16128
1791363700,proc,1664,27984,ollama,25232
1791363700,proc,14165,1952,translationd,1840
1791363700,proc,22597,336,GenerativeExperiencesSafetyInferenceProvider,336
1791363700,proc,24758,6128,intelligenceflowd,6064
1791363700,proc,25611,1600,generativeexperiencesd,656
1791363700,proc,31363,5648,IntelligencePlatformComputeService,5904
1791363700,proc,43960,5663856,llama-server,0
1791363700,proc,45844,22720,mdworker_shared,0
1791363700,proc,46354,20560,mdworker_shared,0
1791363700,proc,46785,64000,node,0
1791363700,sys,9335305,56,5822,
1791363701,proc,1081,352,aned,352
1791363701,proc,1114,37328,NotificationCenter,15568
1791363701,proc,1643,16176,Ollama,16128
1791363701,proc,1664,27984,ollama,25232
1791363701,proc,14165,1952,translationd,1840
1791363701,proc,22597,336,GenerativeExperiencesSafetyInferenceProvider,336
1791363701,proc,24758,6128,intelligenceflowd,6064
1791363701,proc,25611,1600,generativeexperiencesd,656
1791363701,proc,31363,5648,IntelligencePlatformComputeService,5904
1791363701,proc,43960,5684848,llama-server,0
1791363701,proc,45844,22720,mdworker_shared,0
1791363701,proc,46354,20560,mdworker_shared,0
1791363701,proc,46785,64096,node,0
1791363701,sys,9335305,56,4648,
1791363702,proc,1081,352,aned,352
1791363702,proc,1114,37328,NotificationCenter,15568
1791363702,proc,1643,16176,Ollama,16128
1791363702,proc,1664,27984,ollama,25232
1791363702,proc,14165,1952,translationd,1840
1791363702,proc,22597,336,GenerativeExperiencesSafetyInferenceProvider,336
1791363702,proc,24758,6128,intelligenceflowd,6064
1791363702,proc,25611,1600,generativeexperiencesd,656
1791363702,proc,31363,5648,IntelligencePlatformComputeService,5904
1791363702,proc,43960,5684848,llama-server,0
1791363702,proc,45844,22720,mdworker_shared,0
1791363702,proc,46354,20560,mdworker_shared,0
1791363702,proc,46785,64096,node,0
1791363702,sys,9335305,56,4820,
1791363703,proc,1081,352,aned,352
1791363703,proc,1114,37328,NotificationCenter,15568
1791363703,proc,1643,16176,Ollama,16128
1791363703,proc,1664,27984,ollama,25232
1791363703,proc,14165,1952,translationd,1840
1791363703,proc,22597,336,GenerativeExperiencesSafetyInferenceProvider,336
1791363703,proc,24758,6128,intelligenceflowd,6064
1791363703,proc,25611,1600,generativeexperiencesd,656
1791363703,proc,31363,5648,IntelligencePlatformComputeService,5904
1791363703,proc,43960,5733744,llama-server,0
1791363703,proc,45844,22720,mdworker_shared,0
1791363703,proc,46354,20560,mdworker_shared,0
1791363703,proc,46785,81728,node,0
1791363703,sys,9335305,56,4052,
1791363704,proc,1081,352,aned,352
1791363704,proc,1114,37328,NotificationCenter,15568
1791363704,proc,1643,16176,Ollama,16128
1791363704,proc,1664,27984,ollama,25232
1791363704,proc,14165,1952,translationd,1840
1791363704,proc,22597,336,GenerativeExperiencesSafetyInferenceProvider,336
1791363704,proc,24758,6128,intelligenceflowd,6064
1791363704,proc,25611,1600,generativeexperiencesd,656
1791363704,proc,31363,5648,IntelligencePlatformComputeService,5904
1791363704,proc,43960,5733744,llama-server,0
1791363704,proc,45844,22720,mdworker_shared,0
1791363704,proc,46354,20560,mdworker_shared,0
1791363704,proc,46785,80192,node,0
1791363704,sys,9335305,56,4675,
1791363705,proc,1081,352,aned,352
1791363705,proc,1114,37328,NotificationCenter,15568
1791363705,proc,1643,16176,Ollama,16128
1791363705,proc,1664,27984,ollama,25232
1791363705,proc,14165,1952,translationd,1840
1791363705,proc,22597,336,GenerativeExperiencesSafetyInferenceProvider,336
1791363705,proc,24758,6144,intelligenceflowd,6064
1791363705,proc,25611,1600,generativeexperiencesd,656
1791363705,proc,31363,5648,IntelligencePlatformComputeService,5904
1791363705,proc,43960,5770624,llama-server,0
1791363705,proc,45844,22720,mdworker_shared,0
1791363705,proc,46354,20560,mdworker_shared,0
1791363705,proc,46785,80464,node,0
1791363705,sys,9335305,56,4612,
1791363706,proc,1081,352,aned,352
1791363706,proc,1114,37328,NotificationCenter,15568
1791363706,proc,1643,16176,Ollama,16128
1791363706,proc,1664,27984,ollama,25232
1791363706,proc,14165,1952,translationd,1840
1791363706,proc,22597,336,GenerativeExperiencesSafetyInferenceProvider,336
1791363706,proc,24758,6144,intelligenceflowd,6064
1791363706,proc,25611,1600,generativeexperiencesd,656
1791363706,proc,31363,5648,IntelligencePlatformComputeService,5904
1791363706,proc,43960,5791088,llama-server,0
1791363706,proc,45844,22720,mdworker_shared,0
1791363706,proc,46354,20560,mdworker_shared,0
1791363706,proc,46785,80640,node,0
1791363706,sys,9335305,56,3989,
1791363707,proc,1081,352,aned,352
1791363707,proc,1114,37328,NotificationCenter,15568
1791363707,proc,1643,16176,Ollama,16128
1791363707,proc,1664,27984,ollama,25232
1791363707,proc,14165,1952,translationd,1840
1791363707,proc,22597,336,GenerativeExperiencesSafetyInferenceProvider,336
1791363707,proc,24758,6144,intelligenceflowd,6064
1791363707,proc,25611,1600,generativeexperiencesd,656
1791363707,proc,31363,5648,IntelligencePlatformComputeService,5904
1791363707,proc,43960,5791088,llama-server,0
1791363707,proc,45844,22720,mdworker_shared,0
1791363707,proc,46354,20560,mdworker_shared,0
1791363707,proc,46785,80640,node,0
1791363707,sys,9335305,56,4513,
1791363708,proc,1081,352,aned,352
1791363708,proc,1114,37328,NotificationCenter,15568
1791363708,proc,1643,16176,Ollama,16128
1791363708,proc,1664,28000,ollama,25232
1791363708,proc,14165,1952,translationd,1840
1791363708,proc,22597,336,GenerativeExperiencesSafetyInferenceProvider,336
1791363708,proc,24758,6144,intelligenceflowd,6064
1791363708,proc,25611,1600,generativeexperiencesd,656
1791363708,proc,31363,5648,IntelligencePlatformComputeService,5904
1791363708,proc,43960,5837632,llama-server,0
1791363708,proc,45844,22720,mdworker_shared,0
1791363708,proc,46354,20560,mdworker_shared,0
1791363708,proc,46785,80768,node,0
1791363708,sys,9335305,56,4335,
1791363710,proc,1081,352,aned,352
1791363710,proc,1114,37328,NotificationCenter,15568
1791363710,proc,1643,16176,Ollama,16128
1791363710,proc,1664,28000,ollama,25232
1791363710,proc,14165,1952,translationd,1840
1791363710,proc,22597,336,GenerativeExperiencesSafetyInferenceProvider,336
1791363710,proc,24758,6144,intelligenceflowd,6064
1791363710,proc,25611,1600,generativeexperiencesd,656
1791363710,proc,31363,5648,IntelligencePlatformComputeService,5904
1791363710,proc,43960,5837632,llama-server,0
1791363710,proc,45844,22720,mdworker_shared,0
1791363710,proc,46354,20560,mdworker_shared,0
1791363710,proc,46785,80768,node,0
1791363710,sys,9335305,56,4387,
1791363711,proc,1081,352,aned,352
1791363711,proc,1114,37328,NotificationCenter,15568
1791363711,proc,1643,16176,Ollama,16128
1791363711,proc,1664,28000,ollama,25232
1791363711,proc,14165,1952,translationd,1840
1791363711,proc,22597,336,GenerativeExperiencesSafetyInferenceProvider,336
1791363711,proc,24758,6144,intelligenceflowd,6064
1791363711,proc,25611,1600,generativeexperiencesd,656
1791363711,proc,31363,5648,IntelligencePlatformComputeService,5904
1791363711,proc,43960,5890608,llama-server,0
1791363711,proc,45844,22720,mdworker_shared,0
1791363711,proc,46354,20560,mdworker_shared,0
1791363711,proc,46785,81040,node,0
1791363711,sys,9335305,56,4531,
1791363712,proc,1081,352,aned,352
1791363712,proc,1114,37328,NotificationCenter,15568
1791363712,proc,1643,16176,Ollama,16128
1791363712,proc,1664,28000,ollama,25232
1791363712,proc,14165,1952,translationd,1840
1791363712,proc,22597,336,GenerativeExperiencesSafetyInferenceProvider,336
1791363712,proc,24758,6144,intelligenceflowd,6064
1791363712,proc,25611,1600,generativeexperiencesd,656
1791363712,proc,31363,5648,IntelligencePlatformComputeService,5904
1791363712,proc,43960,5890608,llama-server,0
1791363712,proc,45844,22720,mdworker_shared,0
1791363712,proc,46354,20560,mdworker_shared,0
1791363712,proc,46785,81040,node,0
1791363712,sys,9335305,57,5710,
1791363713,proc,1081,352,aned,352
1791363713,proc,1114,37328,NotificationCenter,15568
1791363713,proc,1643,16176,Ollama,16128
1791363713,proc,1664,28000,ollama,25232
1791363713,proc,14165,1952,translationd,1840
1791363713,proc,22597,336,GenerativeExperiencesSafetyInferenceProvider,336
1791363713,proc,24758,6144,intelligenceflowd,6064
1791363713,proc,25611,1600,generativeexperiencesd,656
1791363713,proc,31363,5648,IntelligencePlatformComputeService,5904
1791363713,proc,43960,5929312,llama-server,0
1791363713,proc,45844,22720,mdworker_shared,0
1791363713,proc,46354,20560,mdworker_shared,0
1791363713,proc,46785,81280,node,0
1791363713,sys,9335305,57,4665,
1791363714,proc,1081,352,aned,352
1791363714,proc,1114,37328,NotificationCenter,15568
1791363714,proc,1643,16176,Ollama,16128
1791363714,proc,1664,28000,ollama,25232
1791363714,proc,14165,1952,translationd,1840
1791363714,proc,22597,336,GenerativeExperiencesSafetyInferenceProvider,336
1791363714,proc,24758,6144,intelligenceflowd,6064
1791363714,proc,25611,1600,generativeexperiencesd,656
1791363714,proc,31363,5648,IntelligencePlatformComputeService,5904
1791363714,proc,43960,5929312,llama-server,0
1791363714,proc,45844,22720,mdworker_shared,0
1791363714,proc,46354,20560,mdworker_shared,0
1791363714,proc,46785,81280,node,0
1791363714,sys,9335305,57,4822,
1791363715,proc,1081,352,aned,352
1791363715,proc,1114,37328,NotificationCenter,15568
1791363715,proc,1643,16176,Ollama,16128
1791363715,proc,1664,28000,ollama,25232
1791363715,proc,14165,1952,translationd,1840
1791363715,proc,22597,336,GenerativeExperiencesSafetyInferenceProvider,336
1791363715,proc,24758,6144,intelligenceflowd,6064
1791363715,proc,25611,1600,generativeexperiencesd,656
1791363715,proc,31363,5648,IntelligencePlatformComputeService,5904
1791363715,proc,43960,5950960,llama-server,0
1791363715,proc,45844,22720,mdworker_shared,0
1791363715,proc,46354,20560,mdworker_shared,0
1791363715,proc,46785,81392,node,0
1791363715,sys,9335305,57,5289,
1791363716,proc,1081,352,aned,352
1791363716,proc,1114,37328,NotificationCenter,15568
1791363716,proc,1643,16176,Ollama,16128
1791363716,proc,1664,28000,ollama,25232
1791363716,proc,14165,1952,translationd,1840
1791363716,proc,22597,336,GenerativeExperiencesSafetyInferenceProvider,336
1791363716,proc,24758,6144,intelligenceflowd,6064
1791363716,proc,25611,1600,generativeexperiencesd,656
1791363716,proc,31363,5648,IntelligencePlatformComputeService,5904
1791363716,proc,43960,5950960,llama-server,0
1791363716,proc,45844,22720,mdworker_shared,0
1791363716,proc,46354,20560,mdworker_shared,0
1791363716,proc,46785,81392,node,0
1791363716,sys,9335305,57,4351,
1791363717,proc,1081,352,aned,352
1791363717,proc,1114,37328,NotificationCenter,15568
1791363717,proc,1643,16176,Ollama,16128
1791363717,proc,1664,28000,ollama,25232
1791363717,proc,14165,1952,translationd,1840
1791363717,proc,22597,336,GenerativeExperiencesSafetyInferenceProvider,336
1791363717,proc,24758,6144,intelligenceflowd,6064
1791363717,proc,25611,1600,generativeexperiencesd,656
1791363717,proc,31363,5648,IntelligencePlatformComputeService,5904
1791363717,proc,43960,5986016,llama-server,0
1791363717,proc,45844,22720,mdworker_shared,0
1791363717,proc,46354,20560,mdworker_shared,0
1791363717,proc,46785,81488,node,0
1791363717,sys,9335305,57,4635,
1791363718,proc,1081,352,aned,352
1791363718,proc,1114,37328,NotificationCenter,15568
1791363718,proc,1643,16176,Ollama,16128
1791363718,proc,1664,28000,ollama,25232
1791363718,proc,14165,1952,translationd,1840
1791363718,proc,22597,336,GenerativeExperiencesSafetyInferenceProvider,336
1791363718,proc,24758,6144,intelligenceflowd,6064
1791363718,proc,25611,1600,generativeexperiencesd,656
1791363718,proc,31363,5648,IntelligencePlatformComputeService,5904
1791363718,proc,43960,5986032,llama-server,0
1791363718,proc,45844,22720,mdworker_shared,0
1791363718,proc,46785,81856,node,0
1791363718,sys,9335305,57,6848,
1791363719,proc,1081,352,aned,352
1791363719,proc,1114,37328,NotificationCenter,15568
1791363719,proc,1643,16176,Ollama,16128
1791363719,proc,1664,28000,ollama,25232
1791363719,proc,14165,1952,translationd,1840
1791363719,proc,22597,336,GenerativeExperiencesSafetyInferenceProvider,336
1791363719,proc,24758,6144,intelligenceflowd,6064
1791363719,proc,25611,1600,generativeexperiencesd,656
1791363719,proc,31363,5648,IntelligencePlatformComputeService,5904
1791363719,proc,43960,5986032,llama-server,0
1791363719,proc,45844,22720,mdworker_shared,0
1791363719,proc,46785,81856,node,0
1791363719,sys,9335305,57,5741,
1791363720,proc,1081,352,aned,352
1791363720,proc,1114,37328,NotificationCenter,15568
1791363720,proc,1643,16176,Ollama,16128
1791363720,proc,1664,28000,ollama,25232
1791363720,proc,14165,1952,translationd,1840
1791363720,proc,22597,336,GenerativeExperiencesSafetyInferenceProvider,336
1791363720,proc,24758,6144,intelligenceflowd,6064
1791363720,proc,25611,1600,generativeexperiencesd,656
1791363720,proc,31363,5648,IntelligencePlatformComputeService,5904
1791363720,proc,43960,5986032,llama-server,0
1791363720,proc,45844,22720,mdworker_shared,0
1791363720,proc,46785,81856,node,0
1791363720,sys,9335305,57,6046,
1791363721,proc,1081,352,aned,352
1791363721,proc,1114,37328,NotificationCenter,15568
1791363721,proc,1643,16176,Ollama,16128
1791363721,proc,1664,28000,ollama,25232
1791363721,proc,14165,1952,translationd,1840
1791363721,proc,22597,336,GenerativeExperiencesSafetyInferenceProvider,336
1791363721,proc,24758,6144,intelligenceflowd,6064
1791363721,proc,25611,1600,generativeexperiencesd,656
1791363721,proc,31363,5648,IntelligencePlatformComputeService,5904
1791363721,proc,43960,6022752,llama-server,0
1791363721,proc,45844,22720,mdworker_shared,0
1791363721,proc,46785,81952,node,0
1791363721,sys,9335305,57,4152,
1791363722,proc,1081,352,aned,352
1791363722,proc,1114,37328,NotificationCenter,15568
1791363722,proc,1643,16176,Ollama,16128
1791363722,proc,1664,28000,ollama,25232
1791363722,proc,14165,1952,translationd,1840
1791363722,proc,22597,336,GenerativeExperiencesSafetyInferenceProvider,336
1791363722,proc,24758,6144,intelligenceflowd,6064
1791363722,proc,25611,1600,generativeexperiencesd,656
1791363722,proc,31363,5648,IntelligencePlatformComputeService,5904
1791363722,proc,43960,6022752,llama-server,0
1791363722,proc,45844,22720,mdworker_shared,0
1791363722,proc,46785,81968,node,0
1791363722,sys,9335305,56,4667,
1791363723,proc,1081,352,aned,352
1791363723,proc,1114,37328,NotificationCenter,15568
1791363723,proc,1643,16176,Ollama,16128
1791363723,proc,1664,28000,ollama,25232
1791363723,proc,14165,1952,translationd,1840
1791363723,proc,22597,336,GenerativeExperiencesSafetyInferenceProvider,336
1791363723,proc,24758,6144,intelligenceflowd,6064
1791363723,proc,25611,1600,generativeexperiencesd,656
1791363723,proc,31363,5648,IntelligencePlatformComputeService,5904
1791363723,proc,43960,6046032,llama-server,0
1791363723,proc,45844,22720,mdworker_shared,0
1791363723,proc,46785,82064,node,0
1791363723,sys,9335305,56,4408,
1791363724,proc,1081,352,aned,352
1791363724,proc,1114,37376,NotificationCenter,15568
1791363724,proc,1643,16176,Ollama,16128
1791363724,proc,1664,28000,ollama,25232
1791363724,proc,14165,1952,translationd,1840
1791363724,proc,22597,336,GenerativeExperiencesSafetyInferenceProvider,336
1791363724,proc,24758,6144,intelligenceflowd,6064
1791363724,proc,25611,1600,generativeexperiencesd,656
1791363724,proc,31363,5648,IntelligencePlatformComputeService,5904
1791363724,proc,43960,6046032,llama-server,0
1791363724,proc,45844,22720,mdworker_shared,0
1791363724,proc,46785,82064,node,0
1791363724,sys,9335305,56,4210,
1791363725,proc,1081,352,aned,352
1791363725,proc,1114,37376,NotificationCenter,15568
1791363725,proc,1643,16176,Ollama,16128
1791363725,proc,1664,28000,ollama,25232
1791363725,proc,14165,1952,translationd,1840
1791363725,proc,22597,336,GenerativeExperiencesSafetyInferenceProvider,336
1791363725,proc,24758,6144,intelligenceflowd,6064
1791363725,proc,25611,1600,generativeexperiencesd,656
1791363725,proc,31363,5648,IntelligencePlatformComputeService,5904
1791363725,proc,43960,6080768,llama-server,0
1791363725,proc,45844,22720,mdworker_shared,0
1791363725,proc,46785,82160,node,0
1791363725,sys,9335305,56,4493,
1791363727,proc,1081,352,aned,352
1791363727,proc,1114,37376,NotificationCenter,15568
1791363727,proc,1643,16176,Ollama,16128
1791363727,proc,1664,28000,ollama,25232
1791363727,proc,14165,1952,translationd,1840
1791363727,proc,22597,336,GenerativeExperiencesSafetyInferenceProvider,336
1791363727,proc,24758,6144,intelligenceflowd,6064
1791363727,proc,25611,1600,generativeexperiencesd,656
1791363727,proc,31363,5648,IntelligencePlatformComputeService,5904
1791363727,proc,43960,6080768,llama-server,0
1791363727,proc,45844,22720,mdworker_shared,0
1791363727,proc,46785,82160,node,0
1791363727,sys,9335305,56,4554,
1791363728,proc,1081,352,aned,352
1791363728,proc,1114,37376,NotificationCenter,15568
1791363728,proc,1643,16176,Ollama,16128
1791363728,proc,1664,28000,ollama,25232
1791363728,proc,14165,1952,translationd,1840
1791363728,proc,22597,336,GenerativeExperiencesSafetyInferenceProvider,336
1791363728,proc,24758,6144,intelligenceflowd,6064
1791363728,proc,25611,1600,generativeexperiencesd,656
1791363728,proc,31363,5648,IntelligencePlatformComputeService,5904
1791363728,proc,43960,6114512,llama-server,0
1791363728,proc,45844,22720,mdworker_shared,0
1791363728,proc,46785,82256,node,0
1791363728,sys,9335305,56,4443,
1791363729,proc,1081,352,aned,352
1791363729,proc,1114,37376,NotificationCenter,15568
1791363729,proc,1643,16176,Ollama,16128
1791363729,proc,1664,28000,ollama,25232
1791363729,proc,14165,1952,translationd,1840
1791363729,proc,22597,336,GenerativeExperiencesSafetyInferenceProvider,336
1791363729,proc,24758,6144,intelligenceflowd,6064
1791363729,proc,25611,1600,generativeexperiencesd,656
1791363729,proc,31363,5648,IntelligencePlatformComputeService,5904
1791363729,proc,43960,6148080,llama-server,0
1791363729,proc,45844,22720,mdworker_shared,0
1791363729,proc,46785,82368,node,0
1791363729,sys,9335305,56,4426,
1791363730,proc,1081,352,aned,352
1791363730,proc,1114,37328,NotificationCenter,15568
1791363730,proc,1643,16176,Ollama,16128
1791363730,proc,1664,28000,ollama,25232
1791363730,proc,14165,1952,translationd,1840
1791363730,proc,22597,336,GenerativeExperiencesSafetyInferenceProvider,336
1791363730,proc,24758,6144,intelligenceflowd,6064
1791363730,proc,25611,1600,generativeexperiencesd,656
1791363730,proc,31363,5648,IntelligencePlatformComputeService,5904
1791363730,proc,43960,6148080,llama-server,0
1791363730,proc,45844,22720,mdworker_shared,0
1791363730,proc,46785,82368,node,0
1791363730,sys,9335305,56,6103,
1791363731,proc,1081,352,aned,352
1791363731,proc,1114,37328,NotificationCenter,15568
1791363731,proc,1643,16176,Ollama,16128
1791363731,proc,1664,28000,ollama,25232
1791363731,proc,14165,1952,translationd,1840
1791363731,proc,22597,336,GenerativeExperiencesSafetyInferenceProvider,336
1791363731,proc,24758,6144,intelligenceflowd,6064
1791363731,proc,25611,1600,generativeexperiencesd,656
1791363731,proc,31363,5648,IntelligencePlatformComputeService,5904
1791363731,proc,43960,6194640,llama-server,0
1791363731,proc,45844,22720,mdworker_shared,0
1791363731,proc,46785,82576,node,0
1791363731,sys,9335305,56,4369,
1791363732,proc,1081,352,aned,352
1791363732,proc,1114,37328,NotificationCenter,15568
1791363732,proc,1643,16176,Ollama,16128
1791363732,proc,1664,28000,ollama,25232
1791363732,proc,14165,1952,translationd,1840
1791363732,proc,22597,336,GenerativeExperiencesSafetyInferenceProvider,336
1791363732,proc,24758,6144,intelligenceflowd,6064
1791363732,proc,25611,1600,generativeexperiencesd,656
1791363732,proc,31363,5648,IntelligencePlatformComputeService,5904
1791363732,proc,43960,6194640,llama-server,0
1791363732,proc,45844,22720,mdworker_shared,0
1791363732,proc,46785,82576,node,0
1791363732,sys,9335305,56,4559,
1791363733,proc,1081,352,aned,352
1791363733,proc,1114,37328,NotificationCenter,15568
1791363733,proc,1643,16176,Ollama,16128
1791363733,proc,1664,28000,ollama,25232
1791363733,proc,14165,1952,translationd,1840
1791363733,proc,22597,336,GenerativeExperiencesSafetyInferenceProvider,336
1791363733,proc,24758,6144,intelligenceflowd,6064
1791363733,proc,25611,1600,generativeexperiencesd,656
1791363733,proc,31363,5648,IntelligencePlatformComputeService,5904
1791363733,proc,43960,6231328,llama-server,0
1791363733,proc,45844,22720,mdworker_shared,0
1791363733,proc,46785,82576,node,0
1791363733,sys,9335305,57,5854,
1791363734,proc,1081,352,aned,352
1791363734,proc,1114,37328,NotificationCenter,15568
1791363734,proc,1643,16176,Ollama,16128
1791363734,proc,1664,28000,ollama,25232
1791363734,proc,14165,1952,translationd,1840
1791363734,proc,22597,336,GenerativeExperiencesSafetyInferenceProvider,336
1791363734,proc,24758,6144,intelligenceflowd,6064
1791363734,proc,25611,1600,generativeexperiencesd,656
1791363734,proc,31363,5648,IntelligencePlatformComputeService,5904
1791363734,proc,43960,6231328,llama-server,0
1791363734,proc,45844,22720,mdworker_shared,0
1791363734,proc,46785,82592,node,0
1791363734,sys,9335305,57,4759,
1791363735,proc,1081,352,aned,352
1791363735,proc,1114,37328,NotificationCenter,15568
1791363735,proc,1643,16176,Ollama,16128
1791363735,proc,1664,28000,ollama,25232
1791363735,proc,14165,1952,translationd,1840
1791363735,proc,22597,336,GenerativeExperiencesSafetyInferenceProvider,336
1791363735,proc,24758,6144,intelligenceflowd,6064
1791363735,proc,25611,1600,generativeexperiencesd,656
1791363735,proc,31363,5648,IntelligencePlatformComputeService,5904
1791363735,proc,43960,6231328,llama-server,0
1791363735,proc,45844,22720,mdworker_shared,0
1791363735,proc,46785,82592,node,0
1791363735,sys,9335305,57,5055,
1791363736,proc,1081,352,aned,352
1791363736,proc,1114,37328,NotificationCenter,15568
1791363736,proc,1643,16176,Ollama,16128
1791363736,proc,1664,28000,ollama,25232
1791363736,proc,14165,1952,translationd,1840
1791363736,proc,22597,336,GenerativeExperiencesSafetyInferenceProvider,336
1791363736,proc,24758,6144,intelligenceflowd,6064
1791363736,proc,25611,1600,generativeexperiencesd,656
1791363736,proc,31363,5648,IntelligencePlatformComputeService,5904
1791363736,proc,43960,6231328,llama-server,0
1791363736,proc,45844,22720,mdworker_shared,0
1791363736,proc,46785,82592,node,0
1791363736,sys,9335305,57,4229,
1791363737,proc,1081,352,aned,352
1791363737,proc,1114,37328,NotificationCenter,15568
1791363737,proc,1643,16176,Ollama,16128
1791363737,proc,1664,28000,ollama,25232
1791363737,proc,14165,1952,translationd,1840
1791363737,proc,22597,336,GenerativeExperiencesSafetyInferenceProvider,336
1791363737,proc,24758,6144,intelligenceflowd,6064
1791363737,proc,25611,1600,generativeexperiencesd,656
1791363737,proc,31363,5648,IntelligencePlatformComputeService,5904
1791363737,proc,43960,6231424,llama-server,0
1791363737,proc,45844,22720,mdworker_shared,0
1791363737,proc,46785,82832,node,0
1791363737,sys,9335305,57,4470,
1791363738,proc,1081,352,aned,352
1791363738,proc,1114,37328,NotificationCenter,15568
1791363738,proc,1643,16176,Ollama,16128
1791363738,proc,1664,28000,ollama,25232
1791363738,proc,14165,1952,translationd,1840
1791363738,proc,22597,336,GenerativeExperiencesSafetyInferenceProvider,336
1791363738,proc,24758,6144,intelligenceflowd,6064
1791363738,proc,25611,1600,generativeexperiencesd,656
1791363738,proc,31363,5648,IntelligencePlatformComputeService,5904
1791363738,proc,43960,6231424,llama-server,0
1791363738,proc,45844,22720,mdworker_shared,0
1791363738,proc,46785,82832,node,0
1791363738,sys,9335305,57,4585,
1791363739,proc,1081,352,aned,352
1791363739,proc,1114,37328,NotificationCenter,15568
1791363739,proc,1643,16176,Ollama,16128
1791363739,proc,1664,28000,ollama,25232
1791363739,proc,14165,1952,translationd,1840
1791363739,proc,22597,336,GenerativeExperiencesSafetyInferenceProvider,336
1791363739,proc,24758,6144,intelligenceflowd,6064
1791363739,proc,25611,1600,generativeexperiencesd,656
1791363739,proc,31363,5648,IntelligencePlatformComputeService,5904
1791363739,proc,43960,6231424,llama-server,0
1791363739,proc,46785,82880,node,0
1791363739,sys,9335305,57,6710,
1791363740,proc,1081,352,aned,352
1791363740,proc,1114,37328,NotificationCenter,15568
1791363740,proc,1643,16176,Ollama,16128
1791363740,proc,1664,28000,ollama,25232
1791363740,proc,14165,1952,translationd,1840
1791363740,proc,22597,336,GenerativeExperiencesSafetyInferenceProvider,336
1791363740,proc,24758,6144,intelligenceflowd,6064
1791363740,proc,25611,1600,generativeexperiencesd,656
1791363740,proc,31363,5648,IntelligencePlatformComputeService,5904
1791363740,proc,43960,6231424,llama-server,0
1791363740,proc,46785,82880,node,0
1791363740,sys,9335305,57,5128,
1791363741,proc,1081,352,aned,352
1791363741,proc,1114,37328,NotificationCenter,15568
1791363741,proc,1643,16176,Ollama,16128
1791363741,proc,1664,28000,ollama,25232
1791363741,proc,14165,1952,translationd,1840
1791363741,proc,22597,336,GenerativeExperiencesSafetyInferenceProvider,336
1791363741,proc,24758,6144,intelligenceflowd,6064
1791363741,proc,25611,1600,generativeexperiencesd,656
1791363741,proc,31363,5648,IntelligencePlatformComputeService,5904
1791363741,proc,43960,6231424,llama-server,0
1791363741,proc,46785,82880,node,0
1791363741,sys,9335305,57,5931,
1791363742,proc,1081,352,aned,352
1791363742,proc,1114,37328,NotificationCenter,15568
1791363742,proc,1643,16176,Ollama,16128
1791363742,proc,1664,28000,ollama,25232
1791363742,proc,14165,1952,translationd,1840
1791363742,proc,22597,336,GenerativeExperiencesSafetyInferenceProvider,336
1791363742,proc,24758,6144,intelligenceflowd,6064
1791363742,proc,25611,1600,generativeexperiencesd,656
1791363742,proc,31363,5648,IntelligencePlatformComputeService,5904
1791363742,proc,43960,6231424,llama-server,0
1791363742,proc,46785,82880,node,0
1791363742,sys,9335305,57,5817,
1791363744,proc,1081,352,aned,352
1791363744,proc,1114,37328,NotificationCenter,15568
1791363744,proc,1643,16176,Ollama,16128
1791363744,proc,1664,28000,ollama,25232
1791363744,proc,14165,1952,translationd,1840
1791363744,proc,22597,336,GenerativeExperiencesSafetyInferenceProvider,336
1791363744,proc,24758,6144,intelligenceflowd,6064
1791363744,proc,25611,1600,generativeexperiencesd,656
1791363744,proc,31363,5648,IntelligencePlatformComputeService,5904
1791363744,proc,43960,6231424,llama-server,0
1791363744,proc,46785,83136,node,0
1791363744,sys,9335305,56,5778,
1791363745,proc,1081,352,aned,352
1791363745,proc,1114,37328,NotificationCenter,15568
1791363745,proc,1643,16176,Ollama,16128
1791363745,proc,1664,28000,ollama,25232
1791363745,proc,14165,1952,translationd,1840
1791363745,proc,22597,336,GenerativeExperiencesSafetyInferenceProvider,336
1791363745,proc,24758,6144,intelligenceflowd,6064
1791363745,proc,25611,1600,generativeexperiencesd,656
1791363745,proc,31363,5648,IntelligencePlatformComputeService,5904
1791363745,proc,43960,6231424,llama-server,0
1791363745,proc,46785,83136,node,0
1791363745,sys,9335305,56,6350,
1791363746,proc,1081,352,aned,352
1791363746,proc,1114,37328,NotificationCenter,15568
1791363746,proc,1643,16176,Ollama,16128
1791363746,proc,1664,28000,ollama,25232
1791363746,proc,14165,1952,translationd,1840
1791363746,proc,22597,336,GenerativeExperiencesSafetyInferenceProvider,336
1791363746,proc,24758,6144,intelligenceflowd,6064
1791363746,proc,25611,1600,generativeexperiencesd,656
1791363746,proc,31363,5648,IntelligencePlatformComputeService,5904
1791363746,proc,43960,6231424,llama-server,0
1791363746,proc,46785,83168,node,0
1791363746,sys,9335305,56,4962,
1791363747,mark,end,,,
1791363747,mark,stop,,,
