epoch,kind,f1,f2,f3,f4
1791355260,proc,1081,11680,aned,11680
1791355260,proc,1643,18848,Ollama,18848
1791355260,proc,1664,20480,ollama,20480
1791355260,proc,14165,327760,translationd,327760
1791355260,proc,22290,19088,kt-bench,19088
1791355260,proc,22597,6848,GenerativeExperiencesSafetyInferenceProvider,6848
1791355260,proc,22756,25856,Python,25856
1791355260,proc,24758,7712,intelligenceflowd,7712
1791355260,proc,67031,2144,IntelligencePlatformComputeService,2144
1791355260,proc,89138,1936,generativeexperiencesd,1936
1791355260,sys,8944669,58,137469,
1791355261,proc,1081,11680,aned,11680
1791355261,proc,1643,20048,Ollama,18848
1791355261,proc,1664,20480,ollama,20480
1791355261,proc,14165,327808,translationd,327760
1791355261,proc,22290,19120,kt-bench,19088
1791355261,proc,22597,6848,GenerativeExperiencesSafetyInferenceProvider,6848
1791355261,proc,22756,620320,Python,25856
1791355261,proc,22796,57936,node,0
1791355261,proc,24758,7712,intelligenceflowd,7712
1791355261,proc,67031,2144,IntelligencePlatformComputeService,2144
1791355261,proc,89138,1936,generativeexperiencesd,1936
1791355261,sys,8944669,58,42994,
1791355262,proc,1081,3808,aned,11680
1791355262,proc,1643,15424,Ollama,18848
1791355262,proc,1664,20480,ollama,20480
1791355262,proc,14165,181984,translationd,327760
1791355262,proc,22290,18256,kt-bench,19088
1791355262,proc,22597,5184,GenerativeExperiencesSafetyInferenceProvider,6848
1791355262,proc,22756,2689552,Python,25856
1791355262,proc,22796,57936,node,0
1791355262,proc,22823,21936,mdworker_shared,0
1791355262,proc,24758,5568,intelligenceflowd,7712
1791355262,proc,67031,2144,IntelligencePlatformComputeService,2144
1791355262,proc,89138,1936,generativeexperiencesd,1936
1791355262,sys,8944669,58,4299,
1791355263,proc,1081,3808,aned,11680
1791355263,proc,1643,15424,Ollama,18848
1791355263,proc,1664,20480,ollama,20480
1791355263,proc,14165,182000,translationd,327760
1791355263,proc,22290,18256,kt-bench,19088
1791355263,proc,22597,5184,GenerativeExperiencesSafetyInferenceProvider,6848
1791355263,proc,22756,2351856,Python,25856
1791355263,proc,22796,57952,node,0
1791355263,proc,24758,5568,intelligenceflowd,7712
1791355263,proc,67031,2144,IntelligencePlatformComputeService,2144
1791355263,proc,89138,1936,generativeexperiencesd,1936
1791355263,sys,8944669,58,13033,
1791355265,proc,1081,3808,aned,11680
1791355265,proc,1643,15424,Ollama,18848
1791355265,proc,1664,20480,ollama,20480
1791355265,proc,14165,182208,translationd,327760
1791355265,proc,22290,18272,kt-bench,19088
1791355265,proc,22597,5744,GenerativeExperiencesSafetyInferenceProvider,6848
1791355265,proc,22756,2282832,Python,25856
1791355265,proc,22796,57968,node,0
1791355265,proc,24758,5568,intelligenceflowd,7712
1791355265,proc,67031,2144,IntelligencePlatformComputeService,2144
1791355265,proc,89138,1936,generativeexperiencesd,1936
1791355265,sys,8944669,58,5642,
1791355266,proc,1081,3808,aned,11680
1791355266,proc,1643,15424,Ollama,18848
1791355266,proc,1664,20480,ollama,20480
1791355266,proc,14165,182208,translationd,327760
1791355266,proc,22290,18272,kt-bench,19088
1791355266,proc,22597,5744,GenerativeExperiencesSafetyInferenceProvider,6848
1791355266,proc,22756,2606816,Python,25856
1791355266,proc,22796,57968,node,0
1791355266,proc,24758,5568,intelligenceflowd,7712
1791355266,proc,67031,2144,IntelligencePlatformComputeService,2144
1791355266,proc,89138,1936,generativeexperiencesd,1936
1791355266,sys,8944669,52,5431,
1791355267,proc,1081,3168,aned,11680
1791355267,proc,1643,14448,Ollama,18848
1791355267,proc,1664,20480,ollama,20480
1791355267,proc,14165,86304,translationd,327760
1791355267,proc,22290,17456,kt-bench,19088
1791355267,proc,22597,5776,GenerativeExperiencesSafetyInferenceProvider,6848
1791355267,proc,22756,3001312,Python,25856
1791355267,proc,22796,39232,node,0
1791355267,proc,24758,4368,intelligenceflowd,7712
1791355267,proc,67031,2144,IntelligencePlatformComputeService,2144
1791355267,proc,89138,1936,generativeexperiencesd,1936
1791355267,sys,8944669,52,4478,
1791355268,proc,1081,3008,aned,11680
1791355268,proc,1643,14432,Ollama,18848
1791355268,proc,1664,17392,ollama,20480
1791355268,proc,14165,74848,translationd,327760
1791355268,proc,22290,17456,kt-bench,19088
1791355268,proc,22597,4528,GenerativeExperiencesSafetyInferenceProvider,6848
1791355268,proc,22756,2926976,Python,25856
1791355268,proc,22796,39264,node,0
1791355268,proc,24758,5888,intelligenceflowd,7712
1791355268,proc,67031,1648,IntelligencePlatformComputeService,2144
1791355268,proc,89138,1392,generativeexperiencesd,1936
1791355268,sys,8944669,52,4285,
1791355269,proc,1081,2640,aned,11680
1791355269,proc,1643,14432,Ollama,18848
1791355269,proc,1664,13616,ollama,20480
1791355269,proc,14165,71280,translationd,327760
1791355269,proc,22290,17456,kt-bench,19088
1791355269,proc,22597,4400,GenerativeExperiencesSafetyInferenceProvider,6848
1791355269,proc,22756,3431632,Python,25856
1791355269,proc,22796,39616,node,0
1791355269,proc,24758,4352,intelligenceflowd,7712
1791355269,proc,67031,1648,IntelligencePlatformComputeService,2144
1791355269,proc,89138,1392,generativeexperiencesd,1936
1791355269,sys,8944669,52,4843,
1791355270,proc,1081,2640,aned,11680
1791355270,proc,1643,14432,Ollama,18848
1791355270,proc,1664,13616,ollama,20480
1791355270,proc,14165,75504,translationd,327760
1791355270,proc,22290,17568,kt-bench,19088
1791355270,proc,22597,5600,GenerativeExperiencesSafetyInferenceProvider,6848
1791355270,proc,22756,3868192,Python,25856
1791355270,proc,22796,48672,node,0
1791355270,proc,24758,4352,intelligenceflowd,7712
1791355270,proc,67031,1648,IntelligencePlatformComputeService,2144
1791355270,proc,89138,1392,generativeexperiencesd,1936
1791355270,sys,8944669,52,8685,
1791355271,proc,1081,1056,aned,11680
1791355271,proc,1643,13728,Ollama,18848
1791355271,proc,1664,13616,ollama,20480
1791355271,proc,14165,28976,translationd,327760
1791355271,proc,22290,17328,kt-bench,19088
1791355271,proc,22597,5520,GenerativeExperiencesSafetyInferenceProvider,6848
1791355271,proc,22756,3771840,Python,25856
1791355271,proc,22796,40272,node,0
1791355271,proc,24758,3808,intelligenceflowd,7712
1791355271,proc,67031,1648,IntelligencePlatformComputeService,2144
1791355271,proc,89138,1392,generativeexperiencesd,1936
1791355271,sys,8944669,48,4896,
1791355272,proc,1081,1056,aned,11680
1791355272,proc,1643,13728,Ollama,18848
1791355272,proc,1664,13616,ollama,20480
1791355272,proc,14165,29344,translationd,327760
1791355272,proc,22290,17360,kt-bench,19088
1791355272,proc,22597,5424,GenerativeExperiencesSafetyInferenceProvider,6848
1791355272,proc,22756,3474368,Python,25856
1791355272,proc,22796,39664,node,0
1791355272,proc,24758,3968,intelligenceflowd,7712
1791355272,proc,67031,1648,IntelligencePlatformComputeService,2144
1791355272,proc,89138,1392,generativeexperiencesd,1936
1791355272,sys,8944669,48,4584,
1791355273,proc,1081,1056,aned,11680
1791355273,proc,1643,13728,Ollama,18848
1791355273,proc,1664,13616,ollama,20480
1791355273,proc,14165,29264,translationd,327760
1791355273,proc,22290,17360,kt-bench,19088
1791355273,proc,22597,5248,GenerativeExperiencesSafetyInferenceProvider,6848
1791355273,proc,22756,3475328,Python,25856
1791355273,proc,22796,39664,node,0
1791355273,proc,24758,6304,intelligenceflowd,7712
1791355273,proc,67031,1648,IntelligencePlatformComputeService,2144
1791355273,proc,89138,1392,generativeexperiencesd,1936
1791355273,sys,8944669,48,4309,
1791355274,proc,1081,1056,aned,11680
1791355274,proc,1643,13728,Ollama,18848
1791355274,proc,1664,13616,ollama,20480
1791355274,proc,14165,29440,translationd,327760
1791355274,proc,22290,17424,kt-bench,19088
1791355274,proc,22597,5488,GenerativeExperiencesSafetyInferenceProvider,6848
1791355274,proc,22756,3640320,Python,25856
1791355274,proc,22796,39664,node,0
1791355274,proc,24758,7440,intelligenceflowd,7712
1791355274,proc,67031,2144,IntelligencePlatformComputeService,2144
1791355274,proc,89138,1936,generativeexperiencesd,1936
1791355274,sys,8944669,48,6823,
1791355276,proc,1081,1056,aned,11680
1791355276,proc,1643,13728,Ollama,18848
1791355276,proc,1664,13616,ollama,20480
1791355276,proc,14165,29536,translationd,327760
1791355276,proc,22290,17424,kt-bench,19088
1791355276,proc,22597,5568,GenerativeExperiencesSafetyInferenceProvider,6848
1791355276,proc,22756,3784736,Python,25856
1791355276,proc,22796,39664,node,0
1791355276,proc,24758,7456,intelligenceflowd,7712
1791355276,proc,67031,2144,IntelligencePlatformComputeService,2144
1791355276,proc,89138,1936,generativeexperiencesd,1936
1791355276,sys,8944669,48,4243,
1791355277,proc,1081,1056,aned,11680
1791355277,proc,1643,13728,Ollama,18848
1791355277,proc,1664,13616,ollama,20480
1791355277,proc,14165,29536,translationd,327760
1791355277,proc,22290,17424,kt-bench,19088
1791355277,proc,22597,5568,GenerativeExperiencesSafetyInferenceProvider,6848
1791355277,proc,22756,3945680,Python,25856
1791355277,proc,22796,39664,node,0
1791355277,proc,24758,7456,intelligenceflowd,7712
1791355277,proc,67031,2144,IntelligencePlatformComputeService,2144
1791355277,proc,89138,1936,generativeexperiencesd,1936
1791355277,sys,8944669,46,4868,
1791355278,proc,1081,1056,aned,11680
1791355278,proc,1643,13728,Ollama,18848
1791355278,proc,1664,13616,ollama,20480
1791355278,proc,14165,29760,translationd,327760
1791355278,proc,22290,17424,kt-bench,19088
1791355278,proc,22597,5616,GenerativeExperiencesSafetyInferenceProvider,6848
1791355278,proc,22756,4085888,Python,25856
1791355278,proc,22796,39680,node,0
1791355278,proc,24758,7456,intelligenceflowd,7712
1791355278,proc,67031,2144,IntelligencePlatformComputeService,2144
1791355278,proc,89138,1936,generativeexperiencesd,1936
1791355278,sys,8944669,46,6794,
1791355279,proc,1081,1056,aned,11680
1791355279,proc,1643,13728,Ollama,18848
1791355279,proc,1664,13616,ollama,20480
1791355279,proc,14165,29824,translationd,327760
1791355279,proc,22290,17472,kt-bench,19088
1791355279,proc,22597,5648,GenerativeExperiencesSafetyInferenceProvider,6848
1791355279,proc,22756,4217200,Python,25856
1791355279,proc,22796,39680,node,0
1791355279,proc,24758,7456,intelligenceflowd,7712
1791355279,proc,67031,2144,IntelligencePlatformComputeService,2144
1791355279,proc,89138,1936,generativeexperiencesd,1936
1791355279,sys,8944669,46,5034,
1791355280,proc,1081,1056,aned,11680
1791355280,proc,1643,13600,Ollama,18848
1791355280,proc,1664,13616,ollama,20480
1791355280,proc,14165,29200,translationd,327760
1791355280,proc,22290,17344,kt-bench,19088
1791355280,proc,22597,4896,GenerativeExperiencesSafetyInferenceProvider,6848
1791355280,proc,22756,4228288,Python,25856
1791355280,proc,22796,39616,node,0
1791355280,proc,24758,5104,intelligenceflowd,7712
1791355280,proc,67031,1648,IntelligencePlatformComputeService,2144
1791355280,proc,89138,1392,generativeexperiencesd,1936
1791355280,sys,8944669,46,5782,
1791355281,proc,1081,1056,aned,11680
1791355281,proc,1643,13600,Ollama,18848
1791355281,proc,1664,13616,ollama,20480
1791355281,proc,14165,28976,translationd,327760
1791355281,proc,22290,17424,kt-bench,19088
1791355281,proc,22597,2320,GenerativeExperiencesSafetyInferenceProvider,6848
1791355281,proc,22756,3634176,Python,25856
1791355281,proc,22796,39632,node,0
1791355281,proc,24758,5088,intelligenceflowd,7712
1791355281,proc,67031,1648,IntelligencePlatformComputeService,2144
1791355281,proc,89138,1376,generativeexperiencesd,1936
1791355281,sys,8944669,46,7006,
1791355282,proc,1081,1056,aned,11680
1791355282,proc,1643,13600,Ollama,18848
1791355282,proc,1664,13616,ollama,20480
1791355282,proc,14165,28528,translationd,327760
1791355282,proc,22290,17360,kt-bench,19088
1791355282,proc,22597,2336,GenerativeExperiencesSafetyInferenceProvider,6848
1791355282,proc,22756,4292560,Python,25856
1791355282,proc,22796,39632,node,0
1791355282,proc,24758,4384,intelligenceflowd,7712
1791355282,proc,67031,1648,IntelligencePlatformComputeService,2144
1791355282,proc,89138,1392,generativeexperiencesd,1936
1791355282,sys,8944669,44,4946,
1791355283,proc,1081,1056,aned,11680
1791355283,proc,1643,13600,Ollama,18848
1791355283,proc,1664,13616,ollama,20480
1791355283,proc,14165,28544,translationd,327760
1791355283,proc,22290,17248,kt-bench,19088
1791355283,proc,22597,5472,GenerativeExperiencesSafetyInferenceProvider,6848
1791355283,proc,22756,4334512,Python,25856
1791355283,proc,22796,39376,node,0
1791355283,proc,24758,4224,intelligenceflowd,7712
1791355283,proc,67031,1648,IntelligencePlatformComputeService,2144
1791355283,proc,89138,1392,generativeexperiencesd,1936
1791355283,sys,8944669,44,5038,
1791355284,proc,1081,1056,aned,11680
1791355284,proc,1643,13600,Ollama,18848
1791355284,proc,1664,13616,ollama,20480
1791355284,proc,14165,28080,translationd,327760
1791355284,proc,22290,14800,kt-bench,19088
1791355284,proc,22597,5168,GenerativeExperiencesSafetyInferenceProvider,6848
1791355284,proc,22756,4320784,Python,25856
1791355284,proc,22796,39408,node,0
1791355284,proc,24758,3280,intelligenceflowd,7712
1791355284,proc,67031,1648,IntelligencePlatformComputeService,2144
1791355284,proc,89138,1392,generativeexperiencesd,1936
1791355284,sys,8944669,44,5452,
1791355285,proc,1081,1008,aned,11680
1791355285,proc,1643,13520,Ollama,18848
1791355285,proc,1664,13616,ollama,20480
1791355285,proc,14165,28048,translationd,327760
1791355285,proc,22290,13792,kt-bench,19088
1791355285,proc,22597,5408,GenerativeExperiencesSafetyInferenceProvider,6848
1791355285,proc,22756,3721488,Python,25856
1791355285,proc,22796,39344,node,0
1791355285,proc,24758,3008,intelligenceflowd,7712
1791355285,proc,67031,1616,IntelligencePlatformComputeService,2144
1791355285,proc,89138,1344,generativeexperiencesd,1936
1791355285,sys,8944669,44,4678,
1791355287,proc,1081,1008,aned,11680
1791355287,proc,1643,13456,Ollama,18848
1791355287,proc,1664,13584,ollama,20480
1791355287,proc,14165,28368,translationd,327760
1791355287,proc,22290,16400,kt-bench,19088
1791355287,proc,22597,5440,GenerativeExperiencesSafetyInferenceProvider,6848
1791355287,proc,22756,4222416,Python,25856
1791355287,proc,22796,39360,node,0
1791355287,proc,24758,2896,intelligenceflowd,7712
1791355287,proc,67031,1584,IntelligencePlatformComputeService,2144
1791355287,proc,89138,1280,generativeexperiencesd,1936
1791355287,sys,8944669,44,5509,
1791355288,proc,1081,1008,aned,11680
1791355288,proc,1643,13456,Ollama,18848
1791355288,proc,1664,13600,ollama,20480
1791355288,proc,14165,27600,translationd,327760
1791355288,proc,22290,16400,kt-bench,19088
1791355288,proc,22597,4672,GenerativeExperiencesSafetyInferenceProvider,6848
1791355288,proc,22756,3541632,Python,25856
1791355288,proc,22796,39360,node,0
1791355288,proc,24758,2912,intelligenceflowd,7712
1791355288,proc,67031,1584,IntelligencePlatformComputeService,2144
1791355288,proc,89138,1280,generativeexperiencesd,1936
1791355288,sys,8959829,35,4172,
1791355289,proc,1081,1008,aned,11680
1791355289,proc,1643,13456,Ollama,18848
1791355289,proc,1664,13600,ollama,20480
1791355289,proc,14165,28560,translationd,327760
1791355289,proc,22290,16544,kt-bench,19088
1791355289,proc,22597,5360,GenerativeExperiencesSafetyInferenceProvider,6848
1791355289,proc,22756,3575040,Python,25856
1791355289,proc,22796,39360,node,0
1791355289,proc,24758,12000,intelligenceflowd,7712
1791355289,proc,67031,1584,IntelligencePlatformComputeService,2144
1791355289,proc,89138,1280,generativeexperiencesd,1936
1791355289,sys,8959829,35,5637,
1791355290,proc,1081,1008,aned,11680
1791355290,proc,1643,13456,Ollama,18848
1791355290,proc,1664,13600,ollama,20480
1791355290,proc,14165,28400,translationd,327760
1791355290,proc,22290,16624,kt-bench,19088
1791355290,proc,22597,5488,GenerativeExperiencesSafetyInferenceProvider,6848
1791355290,proc,22756,4044064,Python,25856
1791355290,proc,22796,39376,node,0
1791355290,proc,24758,5088,intelligenceflowd,7712
1791355290,proc,67031,1584,IntelligencePlatformComputeService,2144
1791355290,proc,89138,1280,generativeexperiencesd,1936
1791355290,sys,8969721,35,8081,
1791355292,proc,1081,1008,aned,11680
1791355292,proc,1643,13456,Ollama,18848
1791355292,proc,1664,13600,ollama,20480
1791355292,proc,14165,26112,translationd,327760
1791355292,proc,22290,14016,kt-bench,19088
1791355292,proc,22597,4800,GenerativeExperiencesSafetyInferenceProvider,6848
1791355292,proc,22756,2642656,Python,25856
1791355292,proc,22796,39328,node,0
1791355292,proc,24758,8496,intelligenceflowd,7712
1791355292,proc,67031,1584,IntelligencePlatformComputeService,2144
1791355292,proc,89138,1280,generativeexperiencesd,1936
1791355292,sys,8976665,35,5155,
1791355293,proc,1081,1008,aned,11680
1791355293,proc,1643,13456,Ollama,18848
1791355293,proc,1664,13600,ollama,20480
1791355293,proc,14165,27824,translationd,327760
1791355293,proc,22290,16672,kt-bench,19088
1791355293,proc,22597,4800,GenerativeExperiencesSafetyInferenceProvider,6848
1791355293,proc,22756,2521216,Python,25856
1791355293,proc,22796,39328,node,0
1791355293,proc,24758,8464,intelligenceflowd,7712
1791355293,proc,67031,1584,IntelligencePlatformComputeService,2144
1791355293,proc,89138,1280,generativeexperiencesd,1936
1791355293,sys,8987177,35,42941,
1791355294,proc,1081,1008,aned,11680
1791355294,proc,1643,13456,Ollama,18848
1791355294,proc,1664,18000,ollama,20480
1791355294,proc,14165,28784,translationd,327760
1791355294,proc,22290,16912,kt-bench,19088
1791355294,proc,22597,5056,GenerativeExperiencesSafetyInferenceProvider,6848
1791355294,proc,22756,3975328,Python,25856
1791355294,proc,22796,39360,node,0
1791355294,proc,24758,8144,intelligenceflowd,7712
1791355294,proc,67031,1584,IntelligencePlatformComputeService,2144
1791355294,proc,89138,1280,generativeexperiencesd,1936
1791355294,sys,8987177,40,8237,
1791355295,proc,1081,1008,aned,11680
1791355295,proc,1643,13456,Ollama,18848
1791355295,proc,1664,13600,ollama,20480
1791355295,proc,14165,28448,translationd,327760
1791355295,proc,22290,16912,kt-bench,19088
1791355295,proc,22597,4768,GenerativeExperiencesSafetyInferenceProvider,6848
1791355295,proc,22756,2693872,Python,25856
1791355295,proc,22796,39360,node,0
1791355295,proc,24758,8144,intelligenceflowd,7712
1791355295,proc,67031,1584,IntelligencePlatformComputeService,2144
1791355295,proc,89138,1280,generativeexperiencesd,1936
1791355295,sys,8991285,40,6300,
1791355296,proc,1081,1008,aned,11680
1791355296,proc,1643,13456,Ollama,18848
1791355296,proc,1664,13600,ollama,20480
1791355296,proc,14165,29760,translationd,327760
1791355296,proc,22290,17264,kt-bench,19088
1791355296,proc,22597,5520,GenerativeExperiencesSafetyInferenceProvider,6848
1791355296,proc,22756,5061312,Python,25856
1791355296,proc,22796,39360,node,0
1791355296,proc,24758,9568,intelligenceflowd,7712
1791355296,proc,67031,1584,IntelligencePlatformComputeService,2144
1791355296,proc,89138,1280,generativeexperiencesd,1936
1791355296,sys,8991285,40,1640,
1791355298,proc,1081,1008,aned,11680
1791355298,proc,1643,13456,Ollama,18848
1791355298,proc,1664,13600,ollama,20480
1791355298,proc,14165,29456,translationd,327760
1791355298,proc,22290,17200,kt-bench,19088
1791355298,proc,22597,5472,GenerativeExperiencesSafetyInferenceProvider,6848
1791355298,proc,22756,2791552,Python,25856
1791355298,proc,22796,39360,node,0
1791355298,proc,24758,6128,intelligenceflowd,7712
1791355298,proc,67031,1584,IntelligencePlatformComputeService,2144
1791355298,proc,89138,1280,generativeexperiencesd,1936
1791355298,sys,8994793,40,4770,
1791355299,proc,1081,1008,aned,11680
1791355299,proc,1643,13456,Ollama,18848
1791355299,proc,1664,13600,ollama,20480
1791355299,proc,14165,29168,translationd,327760
1791355299,proc,22290,17152,kt-bench,19088
1791355299,proc,22597,5184,GenerativeExperiencesSafetyInferenceProvider,6848
1791355299,proc,22756,3848032,Python,25856
1791355299,proc,22796,39376,node,0
1791355299,proc,24758,6128,intelligenceflowd,7712
1791355299,proc,67031,2080,IntelligencePlatformComputeService,2144
1791355299,proc,89138,1632,generativeexperiencesd,1936
1791355299,sys,8994793,40,28110,
1791355300,proc,1081,1008,aned,11680
1791355300,proc,1643,13456,Ollama,18848
1791355300,proc,1664,13600,ollama,20480
1791355300,proc,14165,29888,translationd,327760
1791355300,proc,22290,17280,kt-bench,19088
1791355300,proc,22597,5456,GenerativeExperiencesSafetyInferenceProvider,6848
1791355300,proc,22756,3804000,Python,25856
1791355300,proc,22796,39392,node,0
1791355300,proc,24758,6224,intelligenceflowd,7712
1791355300,proc,67031,2080,IntelligencePlatformComputeService,2144
1791355300,proc,89138,1632,generativeexperiencesd,1936
1791355300,sys,8994793,41,19669,
1791355301,proc,1081,1008,aned,11680
1791355301,proc,1643,13456,Ollama,18848
1791355301,proc,1664,13600,ollama,20480
1791355301,proc,14165,30064,translationd,327760
1791355301,proc,22290,17376,kt-bench,19088
1791355301,proc,22597,5584,GenerativeExperiencesSafetyInferenceProvider,6848
1791355301,proc,22756,3804416,Python,25856
1791355301,proc,22796,39392,node,0
1791355301,proc,24758,6224,intelligenceflowd,7712
1791355301,proc,67031,2080,IntelligencePlatformComputeService,2144
1791355301,proc,89138,1632,generativeexperiencesd,1936
1791355301,sys,8994793,41,24736,
1791355302,proc,1081,1008,aned,11680
1791355302,proc,1643,13456,Ollama,18848
1791355302,proc,1664,13600,ollama,20480
1791355302,proc,14165,30064,translationd,327760
1791355302,proc,22290,17376,kt-bench,19088
1791355302,proc,22597,5584,GenerativeExperiencesSafetyInferenceProvider,6848
1791355302,proc,22756,3571104,Python,25856
1791355302,proc,22796,39392,node,0
1791355302,proc,24758,6528,intelligenceflowd,7712
1791355302,proc,67031,2080,IntelligencePlatformComputeService,2144
1791355302,proc,89138,1632,generativeexperiencesd,1936
1791355302,sys,8994793,41,93121,
1791355303,proc,1081,1008,aned,11680
1791355303,proc,1643,13456,Ollama,18848
1791355303,proc,1664,13600,ollama,20480
1791355303,proc,14165,30128,translationd,327760
1791355303,proc,22290,17440,kt-bench,19088
1791355303,proc,22597,5600,GenerativeExperiencesSafetyInferenceProvider,6848
1791355303,proc,22756,3572464,Python,25856
1791355303,proc,22796,39392,node,0
1791355303,proc,24758,6528,intelligenceflowd,7712
1791355303,proc,67031,2080,IntelligencePlatformComputeService,2144
1791355303,proc,89138,1632,generativeexperiencesd,1936
1791355303,sys,8994793,41,91006,
1791355304,proc,1081,1008,aned,11680
1791355304,proc,1643,13456,Ollama,18848
1791355304,proc,1664,13600,ollama,20480
1791355304,proc,14165,30128,translationd,327760
1791355304,proc,22290,17440,kt-bench,19088
1791355304,proc,22597,5600,GenerativeExperiencesSafetyInferenceProvider,6848
1791355304,proc,22756,2788464,Python,25856
1791355304,proc,22796,39392,node,0
1791355304,proc,24758,6528,intelligenceflowd,7712
1791355304,proc,67031,2080,IntelligencePlatformComputeService,2144
1791355304,proc,89138,1632,generativeexperiencesd,1936
1791355304,sys,8994793,41,132622,
1791355305,proc,1081,1008,aned,11680
1791355305,proc,1643,13456,Ollama,18848
1791355305,proc,1664,13600,ollama,20480
1791355305,proc,14165,277808,translationd,327760
1791355305,proc,22597,5664,GenerativeExperiencesSafetyInferenceProvider,6848
1791355305,proc,22756,3125728,Python,25856
1791355305,proc,22796,39392,node,0
1791355305,proc,24148,18720,kt-bench,0
1791355305,proc,24758,6528,intelligenceflowd,7712
1791355305,proc,67031,2080,IntelligencePlatformComputeService,2144
1791355305,proc,89138,1632,generativeexperiencesd,1936
1791355305,sys,8994793,55,152978,
1791355306,proc,1081,1008,aned,11680
1791355306,proc,1643,13456,Ollama,18848
1791355306,proc,1664,13600,ollama,20480
1791355306,proc,14165,277808,translationd,327760
1791355306,proc,22597,5680,GenerativeExperiencesSafetyInferenceProvider,6848
1791355306,proc,22756,3652304,Python,25856
1791355306,proc,22796,39392,node,0
1791355306,proc,24148,19024,kt-bench,0
1791355306,proc,24758,6528,intelligenceflowd,7712
1791355306,proc,67031,2080,IntelligencePlatformComputeService,2144
1791355306,proc,89138,1632,generativeexperiencesd,1936
1791355306,sys,8994793,55,129055,
1791355307,proc,1081,1008,aned,11680
1791355307,proc,1643,18976,Ollama,18848
1791355307,proc,1664,13600,ollama,20480
1791355307,proc,14165,277824,translationd,327760
1791355307,proc,22597,5696,GenerativeExperiencesSafetyInferenceProvider,6848
1791355307,proc,22756,4027696,Python,25856
1791355307,proc,22796,39392,node,0
1791355307,proc,24148,19024,kt-bench,0
1791355307,proc,24758,6528,intelligenceflowd,7712
1791355307,proc,67031,2080,IntelligencePlatformComputeService,2144
1791355307,proc,89138,1632,generativeexperiencesd,1936
1791355307,sys,8994793,55,105285,
1791355308,proc,1081,1008,aned,11680
1791355308,proc,1643,18976,Ollama,18848
1791355308,proc,1664,13600,ollama,20480
1791355308,proc,14165,277856,translationd,327760
1791355308,proc,22597,5760,GenerativeExperiencesSafetyInferenceProvider,6848
1791355308,proc,22756,4184352,Python,25856
1791355308,proc,22796,39392,node,0
1791355308,proc,24148,19056,kt-bench,0
1791355308,proc,24758,6544,intelligenceflowd,7712
1791355308,proc,67031,2080,IntelligencePlatformComputeService,2144
1791355308,proc,89138,1632,generativeexperiencesd,1936
1791355308,sys,8994793,55,95344,
1791355310,proc,1081,1008,aned,11680
1791355310,proc,1643,18976,Ollama,18848
1791355310,proc,1664,13600,ollama,20480
1791355310,proc,14165,277856,translationd,327760
1791355310,proc,22597,5760,GenerativeExperiencesSafetyInferenceProvider,6848
1791355310,proc,22756,4239968,Python,25856
1791355310,proc,22796,39392,node,0
1791355310,proc,24148,19024,kt-bench,0
1791355310,proc,24758,6544,intelligenceflowd,7712
1791355310,proc,67031,2080,IntelligencePlatformComputeService,2144
1791355310,proc,89138,1632,generativeexperiencesd,1936
1791355310,sys,8994793,55,91688,
1791355311,proc,1081,1008,aned,11680
1791355311,proc,1643,18976,Ollama,18848
1791355311,proc,1664,13600,ollama,20480
1791355311,proc,14165,277888,translationd,327760
1791355311,proc,22597,5760,GenerativeExperiencesSafetyInferenceProvider,6848
1791355311,proc,22756,4240224,Python,25856
1791355311,proc,22796,39392,node,0
1791355311,proc,24148,18976,kt-bench,0
1791355311,proc,24758,6544,intelligenceflowd,7712
1791355311,proc,67031,2080,IntelligencePlatformComputeService,2144
1791355311,proc,89138,1632,generativeexperiencesd,1936
1791355311,sys,8994793,56,90532,
1791355312,proc,1081,1008,aned,11680
1791355312,proc,1643,18976,Ollama,18848
1791355312,proc,1664,13600,ollama,20480
1791355312,proc,14165,277904,translationd,327760
1791355312,proc,22597,5760,GenerativeExperiencesSafetyInferenceProvider,6848
1791355312,proc,22756,4260880,Python,25856
1791355312,proc,22796,39392,node,0
1791355312,proc,24148,18976,kt-bench,0
1791355312,proc,24758,6544,intelligenceflowd,7712
1791355312,proc,67031,2080,IntelligencePlatformComputeService,2144
1791355312,proc,89138,1632,generativeexperiencesd,1936
1791355312,sys,8994793,56,87640,
1791355313,proc,1081,1008,aned,11680
1791355313,proc,1643,18976,Ollama,18848
1791355313,proc,1664,13600,ollama,20480
1791355313,proc,14165,277904,translationd,327760
1791355313,proc,22597,5760,GenerativeExperiencesSafetyInferenceProvider,6848
1791355313,proc,22756,4310064,Python,25856
1791355313,proc,22796,39392,node,0
1791355313,proc,24148,18976,kt-bench,0
1791355313,proc,24758,6544,intelligenceflowd,7712
1791355313,proc,67031,2080,IntelligencePlatformComputeService,2144
1791355313,proc,89138,1632,generativeexperiencesd,1936
1791355313,sys,8994793,56,83618,
1791355314,proc,1081,1008,aned,11680
1791355314,proc,1643,18976,Ollama,18848
1791355314,proc,1664,13600,ollama,20480
1791355314,proc,14165,277904,translationd,327760
1791355314,proc,22597,5760,GenerativeExperiencesSafetyInferenceProvider,6848
1791355314,proc,22756,4310208,Python,25856
1791355314,proc,22796,39392,node,0
1791355314,proc,24148,19008,kt-bench,0
1791355314,proc,24758,6544,intelligenceflowd,7712
1791355314,proc,67031,2080,IntelligencePlatformComputeService,2144
1791355314,proc,89138,1632,generativeexperiencesd,1936
1791355314,sys,8994793,56,82178,
1791355315,proc,1081,1008,aned,11680
1791355315,proc,1643,18976,Ollama,18848
1791355315,proc,1664,13600,ollama,20480
1791355315,proc,14165,278016,translationd,327760
1791355315,proc,22597,5760,GenerativeExperiencesSafetyInferenceProvider,6848
1791355315,proc,22756,4316304,Python,25856
1791355315,proc,22796,39392,node,0
1791355315,proc,24148,19008,kt-bench,0
1791355315,proc,24758,6544,intelligenceflowd,7712
1791355315,proc,67031,2080,IntelligencePlatformComputeService,2144
1791355315,proc,89138,1632,generativeexperiencesd,1936
1791355315,sys,8994793,56,81268,
1791355316,proc,1081,1008,aned,11680
1791355316,proc,1643,18976,Ollama,18848
1791355316,proc,1664,13600,ollama,20480
1791355316,proc,14165,278016,translationd,327760
1791355316,proc,22597,5760,GenerativeExperiencesSafetyInferenceProvider,6848
1791355316,proc,22756,4316384,Python,25856
1791355316,proc,22796,39392,node,0
1791355316,proc,24148,19056,kt-bench,0
1791355316,proc,24758,6544,intelligenceflowd,7712
1791355316,proc,67031,2080,IntelligencePlatformComputeService,2144
1791355316,proc,89138,1632,generativeexperiencesd,1936
1791355316,sys,8994793,57,76131,
1791355317,proc,1081,1008,aned,11680
1791355317,proc,1643,18976,Ollama,18848
1791355317,proc,1664,13600,ollama,20480
1791355317,proc,14165,278016,translationd,327760
1791355317,proc,22597,5760,GenerativeExperiencesSafetyInferenceProvider,6848
1791355317,proc,22756,3494928,Python,25856
1791355317,proc,22796,39392,node,0
1791355317,proc,24148,19056,kt-bench,0
1791355317,proc,24758,6544,intelligenceflowd,7712
1791355317,proc,67031,2080,IntelligencePlatformComputeService,2144
1791355317,proc,89138,1632,generativeexperiencesd,1936
1791355317,sys,8994793,57,125684,
1791355318,proc,1081,1008,aned,11680
1791355318,proc,1643,18976,Ollama,18848
1791355318,proc,1664,13600,ollama,20480
1791355318,proc,14165,278016,translationd,327760
1791355318,proc,22597,5776,GenerativeExperiencesSafetyInferenceProvider,6848
1791355318,proc,22756,3689936,Python,25856
1791355318,proc,24148,19088,kt-bench,0
1791355318,proc,24542,58464,node,0
1791355318,proc,24758,6544,intelligenceflowd,7712
1791355318,proc,67031,2080,IntelligencePlatformComputeService,2144
1791355318,proc,89138,1632,generativeexperiencesd,1936
1791355318,sys,8994793,57,104735,
1791355319,proc,1081,1008,aned,11680
1791355319,proc,1643,18976,Ollama,18848
1791355319,proc,1664,13600,ollama,20480
1791355319,proc,14165,278016,translationd,327760
1791355319,proc,22597,5776,GenerativeExperiencesSafetyInferenceProvider,6848
1791355319,proc,22756,3690032,Python,25856
1791355319,proc,24148,19088,kt-bench,0
1791355319,proc,24542,58464,node,0
1791355319,proc,24758,6544,intelligenceflowd,7712
1791355319,proc,67031,2080,IntelligencePlatformComputeService,2144
1791355319,proc,89138,1632,generativeexperiencesd,1936
1791355319,sys,8994793,57,104165,
1791355320,proc,1081,1008,aned,11680
1791355320,proc,1643,18976,Ollama,18848
1791355320,proc,1664,13600,ollama,20480
1791355320,proc,14165,278016,translationd,327760
1791355320,proc,22597,5776,GenerativeExperiencesSafetyInferenceProvider,6848
1791355320,proc,22756,4174928,Python,25856
1791355320,proc,24148,19088,kt-bench,0
1791355320,proc,24542,58480,node,0
1791355320,proc,24758,6544,intelligenceflowd,7712
1791355320,proc,67031,2080,IntelligencePlatformComputeService,2144
1791355320,proc,89138,1632,generativeexperiencesd,1936
1791355320,sys,8994793,57,71677,
1791355321,proc,1081,1008,aned,11680
1791355321,proc,1643,18976,Ollama,18848
1791355321,proc,1664,13600,ollama,20480
1791355321,proc,14165,278016,translationd,327760
1791355321,proc,22597,5776,GenerativeExperiencesSafetyInferenceProvider,6848
1791355321,proc,22756,4378576,Python,25856
1791355321,proc,24148,19120,kt-bench,0
1791355321,proc,24542,58496,node,0
1791355321,proc,24758,6544,intelligenceflowd,7712
1791355321,proc,67031,2080,IntelligencePlatformComputeService,2144
1791355321,proc,89138,1632,generativeexperiencesd,1936
1791355321,sys,8994793,58,58607,
1791355322,proc,1081,1008,aned,11680
1791355322,proc,1643,18976,Ollama,18848
1791355322,proc,1664,13600,ollama,20480
1791355322,proc,14165,278016,translationd,327760
1791355322,proc,22597,5776,GenerativeExperiencesSafetyInferenceProvider,6848
1791355322,proc,22756,4388688,Python,25856
1791355322,proc,24148,19120,kt-bench,0
1791355322,proc,24542,58496,node,0
1791355322,proc,24758,6544,intelligenceflowd,7712
1791355322,proc,67031,2080,IntelligencePlatformComputeService,2144
1791355322,proc,89138,1632,generativeexperiencesd,1936
1791355322,sys,8994793,58,59679,
1791355324,proc,1081,1008,aned,11680
1791355324,proc,1643,18976,Ollama,18848
1791355324,proc,1664,13600,ollama,20480
1791355324,proc,14165,278016,translationd,327760
1791355324,proc,22597,5776,GenerativeExperiencesSafetyInferenceProvider,6848
1791355324,proc,22756,4596144,Python,25856
1791355324,proc,24148,19120,kt-bench,0
1791355324,proc,24542,58464,node,0
1791355324,proc,24758,6544,intelligenceflowd,7712
1791355324,proc,67031,2080,IntelligencePlatformComputeService,2144
1791355324,proc,89138,1632,generativeexperiencesd,1936
1791355324,sys,8994793,58,45628,
1791355325,proc,1081,1008,aned,11680
1791355325,proc,1643,18976,Ollama,18848
1791355325,proc,1664,13600,ollama,20480
1791355325,proc,14165,278016,translationd,327760
1791355325,proc,22597,5776,GenerativeExperiencesSafetyInferenceProvider,6848
1791355325,proc,22756,4794096,Python,25856
1791355325,proc,24148,19120,kt-bench,0
1791355325,proc,24542,58464,node,0
1791355325,proc,24758,6544,intelligenceflowd,7712
1791355325,proc,67031,2080,IntelligencePlatformComputeService,2144
1791355325,proc,89138,1632,generativeexperiencesd,1936
1791355325,sys,8994793,58,34333,
1791355326,proc,1081,1008,aned,11680
1791355326,proc,1643,18976,Ollama,18848
1791355326,proc,1664,13600,ollama,20480
1791355326,proc,14165,278016,translationd,327760
1791355326,proc,22597,5776,GenerativeExperiencesSafetyInferenceProvider,6848
1791355326,proc,22756,4956176,Python,25856
1791355326,proc,24148,19120,kt-bench,0
1791355326,proc,24542,58464,node,0
1791355326,proc,24758,6544,intelligenceflowd,7712
1791355326,proc,67031,2080,IntelligencePlatformComputeService,2144
1791355326,proc,89138,1632,generativeexperiencesd,1936
1791355326,sys,8994793,58,23782,
1791355327,proc,1081,1008,aned,11680
1791355327,proc,1643,18976,Ollama,18848
1791355327,proc,1664,13600,ollama,20480
1791355327,proc,14165,278016,translationd,327760
1791355327,proc,22597,5776,GenerativeExperiencesSafetyInferenceProvider,6848
1791355327,proc,22756,5116496,Python,25856
1791355327,proc,24148,19120,kt-bench,0
1791355327,proc,24542,56992,node,0
1791355327,proc,24758,6544,intelligenceflowd,7712
1791355327,proc,67031,2080,IntelligencePlatformComputeService,2144
1791355327,proc,89138,1632,generativeexperiencesd,1936
1791355327,sys,8994793,58,13964,
1791355328,proc,1081,1008,aned,11680
1791355328,proc,1643,18976,Ollama,18848
1791355328,proc,1664,13600,ollama,20480
1791355328,proc,14165,278016,translationd,327760
1791355328,proc,22597,5776,GenerativeExperiencesSafetyInferenceProvider,6848
1791355328,proc,22756,5294656,Python,25856
1791355328,proc,24148,19120,kt-bench,0
1791355328,proc,24542,56992,node,0
1791355328,proc,24758,6544,intelligenceflowd,7712
1791355328,proc,67031,2080,IntelligencePlatformComputeService,2144
1791355328,proc,89138,1632,generativeexperiencesd,1936
1791355328,sys,8994793,58,5399,
1791355329,proc,1081,1008,aned,11680
1791355329,proc,1643,18976,Ollama,18848
1791355329,proc,1664,13600,ollama,20480
1791355329,proc,14165,278016,translationd,327760
1791355329,proc,22597,5776,GenerativeExperiencesSafetyInferenceProvider,6848
1791355329,proc,22756,5432944,Python,25856
1791355329,proc,24148,19120,kt-bench,0
1791355329,proc,24542,56976,node,0
1791355329,proc,24758,6544,intelligenceflowd,7712
1791355329,proc,67031,1584,IntelligencePlatformComputeService,2144
1791355329,proc,89138,1280,generativeexperiencesd,1936
1791355329,sys,8994793,58,5425,
1791355330,proc,1081,1008,aned,11680
1791355330,proc,1643,17584,Ollama,18848
1791355330,proc,1664,13600,ollama,20480
1791355330,proc,14165,277856,translationd,327760
1791355330,proc,22597,5488,GenerativeExperiencesSafetyInferenceProvider,6848
1791355330,proc,22756,5557680,Python,25856
1791355330,proc,24148,19088,kt-bench,0
1791355330,proc,24542,55488,node,0
1791355330,proc,24758,6544,intelligenceflowd,7712
1791355330,proc,67031,1584,IntelligencePlatformComputeService,2144
1791355330,proc,89138,1280,generativeexperiencesd,1936
1791355330,sys,8994793,58,5425,
1791355331,proc,1081,1008,aned,11680
1791355331,proc,1643,17584,Ollama,18848
1791355331,proc,1664,13600,ollama,20480
1791355331,proc,14165,277968,translationd,327760
1791355331,proc,22597,5744,GenerativeExperiencesSafetyInferenceProvider,6848
1791355331,proc,22756,5642544,Python,25856
1791355331,proc,24148,19088,kt-bench,0
1791355331,proc,24542,43552,node,0
1791355331,proc,24758,6544,intelligenceflowd,7712
1791355331,proc,67031,1584,IntelligencePlatformComputeService,2144
1791355331,proc,89138,1280,generativeexperiencesd,1936
1791355331,sys,8994793,58,4990,
1791355332,proc,1081,1008,aned,11680
1791355332,proc,1643,13472,Ollama,18848
1791355332,proc,1664,13600,ollama,20480
1791355332,proc,14165,262544,translationd,327760
1791355332,proc,22597,5616,GenerativeExperiencesSafetyInferenceProvider,6848
1791355332,proc,22756,5129488,Python,25856
1791355332,proc,24148,19072,kt-bench,0
1791355332,proc,24542,43536,node,0
1791355332,proc,24758,6528,intelligenceflowd,7712
1791355332,proc,67031,1584,IntelligencePlatformComputeService,2144
1791355332,proc,89138,1616,generativeexperiencesd,1936
1791355332,sys,8994793,53,5045,
1791355333,proc,1081,1008,aned,11680
1791355333,proc,1643,13472,Ollama,18848
1791355333,proc,1664,13600,ollama,20480
1791355333,proc,14165,94656,translationd,327760
1791355333,proc,22597,5632,GenerativeExperiencesSafetyInferenceProvider,6848
1791355333,proc,22756,5175456,Python,25856
1791355333,proc,24148,19072,kt-bench,0
1791355333,proc,24542,43536,node,0
1791355333,proc,24758,6528,intelligenceflowd,7712
1791355333,proc,67031,1584,IntelligencePlatformComputeService,2144
1791355333,proc,89138,1616,generativeexperiencesd,1936
1791355333,sys,8994793,53,5176,
1791355334,proc,1081,1008,aned,11680
1791355334,proc,1643,13472,Ollama,18848
1791355334,proc,1664,13600,ollama,20480
1791355334,proc,14165,21872,translationd,327760
1791355334,proc,22597,5376,GenerativeExperiencesSafetyInferenceProvider,6848
1791355334,proc,22756,5046944,Python,25856
1791355334,proc,24148,17264,kt-bench,0
1791355334,proc,24542,43536,node,0
1791355334,proc,24758,6528,intelligenceflowd,7712
1791355334,proc,24900,22000,mdworker_shared,0
1791355334,proc,67031,1584,IntelligencePlatformComputeService,2144
1791355334,proc,89138,1280,generativeexperiencesd,1936
1791355334,sys,8994793,53,4906,
1791355335,proc,1081,1008,aned,11680
1791355335,proc,1643,13472,Ollama,18848
1791355335,proc,1664,13600,ollama,20480
1791355335,proc,14165,22176,translationd,327760
1791355335,proc,22597,5584,GenerativeExperiencesSafetyInferenceProvider,6848
1791355335,proc,22756,5139216,Python,25856
1791355335,proc,24148,17296,kt-bench,0
1791355335,proc,24542,43536,node,0
1791355335,proc,24758,6208,intelligenceflowd,7712
1791355335,proc,67031,1584,IntelligencePlatformComputeService,2144
1791355335,proc,89138,1280,generativeexperiencesd,1936
1791355335,sys,8994793,53,5622,
1791355337,proc,1081,1008,aned,11680
1791355337,proc,1643,13472,Ollama,18848
1791355337,proc,1664,13600,ollama,20480
1791355337,proc,14165,21088,translationd,327760
1791355337,proc,22597,4928,GenerativeExperiencesSafetyInferenceProvider,6848
1791355337,proc,22756,5189008,Python,25856
1791355337,proc,24148,17296,kt-bench,0
1791355337,proc,24542,43536,node,0
1791355337,proc,24758,5344,intelligenceflowd,7712
1791355337,proc,67031,1584,IntelligencePlatformComputeService,2144
1791355337,proc,89138,1280,generativeexperiencesd,1936
1791355337,sys,8994793,53,5420,
1791355338,proc,1081,1008,aned,11680
1791355338,proc,1643,13472,Ollama,18848
1791355338,proc,1664,13600,ollama,20480
1791355338,proc,14165,21600,translationd,327760
1791355338,proc,22597,5568,GenerativeExperiencesSafetyInferenceProvider,6848
1791355338,proc,22756,5276704,Python,25856
1791355338,proc,24148,17296,kt-bench,0
1791355338,proc,24542,43632,node,0
1791355338,proc,24758,4160,intelligenceflowd,7712
1791355338,proc,67031,1584,IntelligencePlatformComputeService,2144
1791355338,proc,89138,1472,generativeexperiencesd,1936
1791355338,sys,8994793,49,3808,
1791355339,proc,1081,1008,aned,11680
1791355339,proc,1643,13472,Ollama,18848
1791355339,proc,1664,13600,ollama,20480
1791355339,proc,14165,20592,translationd,327760
1791355339,proc,22597,4848,GenerativeExperiencesSafetyInferenceProvider,6848
1791355339,proc,22756,2870016,Python,25856
1791355339,proc,24148,17264,kt-bench,0
1791355339,proc,24542,43536,node,0
1791355339,proc,24758,3248,intelligenceflowd,7712
1791355339,proc,67031,1936,IntelligencePlatformComputeService,2144
1791355339,proc,89138,1280,generativeexperiencesd,1936
1791355339,sys,8994793,49,4494,
1791355340,proc,1081,1008,aned,11680
1791355340,proc,1643,13472,Ollama,18848
1791355340,proc,1664,13600,ollama,20480
1791355340,proc,14165,21408,translationd,327760
1791355340,proc,22597,5472,GenerativeExperiencesSafetyInferenceProvider,6848
1791355340,proc,22756,4726160,Python,25856
1791355340,proc,24148,17248,kt-bench,0
1791355340,proc,24542,39792,node,0
1791355340,proc,24758,3248,intelligenceflowd,7712
1791355340,proc,67031,2016,IntelligencePlatformComputeService,2144
1791355340,proc,89138,1280,generativeexperiencesd,1936
1791355340,sys,8994793,49,9040,
1791355341,proc,1081,1008,aned,11680
1791355341,proc,1643,13472,Ollama,18848
1791355341,proc,1664,13600,ollama,20480
1791355341,proc,14165,20864,translationd,327760
1791355341,proc,22597,4864,GenerativeExperiencesSafetyInferenceProvider,6848
1791355341,proc,22756,4041648,Python,25856
1791355341,proc,24148,17232,kt-bench,0
1791355341,proc,24542,39568,node,0
1791355341,proc,24758,3472,intelligenceflowd,7712
1791355341,proc,67031,2000,IntelligencePlatformComputeService,2144
1791355341,proc,89138,1280,generativeexperiencesd,1936
1791355341,sys,8994793,49,6118,
1791355342,proc,1081,1008,aned,11680
1791355342,proc,1643,13472,Ollama,18848
1791355342,proc,1664,13600,ollama,20480
1791355342,proc,14165,20752,translationd,327760
1791355342,proc,22597,4832,GenerativeExperiencesSafetyInferenceProvider,6848
1791355342,proc,22756,2834752,Python,25856
1791355342,proc,24148,17232,kt-bench,0
1791355342,proc,24542,39568,node,0
1791355342,proc,24758,3248,intelligenceflowd,7712
1791355342,proc,67031,1840,IntelligencePlatformComputeService,2144
1791355342,proc,89138,1280,generativeexperiencesd,1936
1791355342,sys,8994793,49,7084,
1791355343,proc,1081,1008,aned,11680
1791355343,proc,1643,13472,Ollama,18848
1791355343,proc,1664,13600,ollama,20480
1791355343,proc,14165,20864,translationd,327760
1791355343,proc,22597,5008,GenerativeExperiencesSafetyInferenceProvider,6848
1791355343,proc,22756,4436064,Python,25856
1791355343,proc,24148,17168,kt-bench,0
1791355343,proc,24542,39504,node,0
1791355343,proc,24758,3232,intelligenceflowd,7712
1791355343,proc,67031,1840,IntelligencePlatformComputeService,2144
1791355343,proc,89138,1280,generativeexperiencesd,1936
1791355343,sys,8994793,43,4934,
1791355345,proc,1081,1008,aned,11680
1791355345,proc,1643,13472,Ollama,18848
1791355345,proc,1664,13600,ollama,20480
1791355345,proc,14165,17712,translationd,327760
1791355345,proc,22597,1728,GenerativeExperiencesSafetyInferenceProvider,6848
1791355345,proc,22756,2652240,Python,25856
1791355345,proc,24148,14560,kt-bench,0
1791355345,proc,24542,39472,node,0
1791355345,proc,24758,3216,intelligenceflowd,7712
1791355345,proc,67031,1584,IntelligencePlatformComputeService,2144
1791355345,proc,89138,1280,generativeexperiencesd,1936
1791355345,sys,8999409,43,28906,
1791355346,proc,1081,1008,aned,11680
1791355346,proc,1643,13456,Ollama,18848
1791355346,proc,1664,13584,ollama,20480
1791355346,proc,14165,21184,translationd,327760
1791355346,proc,22597,5536,GenerativeExperiencesSafetyInferenceProvider,6848
1791355346,proc,22756,3184928,Python,25856
1791355346,proc,24148,17072,kt-bench,0
1791355346,proc,24542,39472,node,0
1791355346,proc,24758,3216,intelligenceflowd,7712
1791355346,proc,67031,1584,IntelligencePlatformComputeService,2144
1791355346,proc,89138,1280,generativeexperiencesd,1936
1791355346,sys,8999409,43,5310,
1791355347,proc,1081,1008,aned,11680
1791355347,proc,1643,13472,Ollama,18848
1791355347,proc,1664,13600,ollama,20480
1791355347,proc,14165,21200,translationd,327760
1791355347,proc,22597,5488,GenerativeExperiencesSafetyInferenceProvider,6848
1791355347,proc,22756,4605344,Python,25856
1791355347,proc,24148,17040,kt-bench,0
1791355347,proc,24542,39536,node,0
1791355347,proc,24758,3456,intelligenceflowd,7712
1791355347,proc,67031,1584,IntelligencePlatformComputeService,2144
1791355347,proc,89138,1280,generativeexperiencesd,1936
1791355347,sys,8999409,43,12573,
1791355348,proc,1081,1008,aned,11680
1791355348,proc,1643,13472,Ollama,18848
1791355348,proc,1664,13600,ollama,20480
1791355348,proc,14165,21344,translationd,327760
1791355348,proc,22597,5520,GenerativeExperiencesSafetyInferenceProvider,6848
1791355348,proc,22756,3684144,Python,25856
1791355348,proc,24148,17040,kt-bench,0
1791355348,proc,24542,39568,node,0
1791355348,proc,24758,3456,intelligenceflowd,7712
1791355348,proc,67031,1584,IntelligencePlatformComputeService,2144
1791355348,proc,89138,1280,generativeexperiencesd,1936
1791355348,sys,8999409,43,27120,
1791355349,proc,1081,1008,aned,11680
1791355349,proc,1643,13472,Ollama,18848
1791355349,proc,1664,13600,ollama,20480
1791355349,proc,14165,21584,translationd,327760
1791355349,proc,22597,5600,GenerativeExperiencesSafetyInferenceProvider,6848
1791355349,proc,22756,4721520,Python,25856
1791355349,proc,24148,17312,kt-bench,0
1791355349,proc,24542,39568,node,0
1791355349,proc,24758,3456,intelligenceflowd,7712
1791355349,proc,67031,1584,IntelligencePlatformComputeService,2144
1791355349,proc,89138,1280,generativeexperiencesd,1936
1791355349,sys,8999409,47,16062,
1791355350,proc,1081,1008,aned,11680
1791355350,proc,1643,13472,Ollama,18848
1791355350,proc,1664,13600,ollama,20480
1791355350,proc,14165,21648,translationd,327760
1791355350,proc,22597,5632,GenerativeExperiencesSafetyInferenceProvider,6848
1791355350,proc,22756,4722192,Python,25856
1791355350,proc,24148,17312,kt-bench,0
1791355350,proc,24542,39568,node,0
1791355350,proc,24758,3472,intelligenceflowd,7712
1791355350,proc,67031,1584,IntelligencePlatformComputeService,2144
1791355350,proc,89138,1280,generativeexperiencesd,1936
1791355350,sys,8999409,47,13768,
1791355352,proc,1081,1008,aned,11680
1791355352,proc,1643,13456,Ollama,18848
1791355352,proc,1664,13584,ollama,20480
1791355352,proc,14165,21440,translationd,327760
1791355352,proc,22597,5568,GenerativeExperiencesSafetyInferenceProvider,6848
1791355352,proc,22756,3848368,Python,25856
1791355352,proc,24148,17264,kt-bench,0
1791355352,proc,24542,39552,node,0
1791355352,proc,24758,3232,intelligenceflowd,7712
1791355352,proc,67031,1584,IntelligencePlatformComputeService,2144
1791355352,proc,89138,1280,generativeexperiencesd,1936
1791355352,sys,8999409,47,20146,
1791355353,proc,1081,1008,aned,11680
1791355353,proc,1643,13472,Ollama,18848
1791355353,proc,1664,13600,ollama,20480
1791355353,proc,12730,32448,mobileassetd,3104
1791355353,proc,14165,21696,translationd,327760
1791355353,proc,22597,5680,GenerativeExperiencesSafetyInferenceProvider,6848
1791355353,proc,22756,2753344,Python,25856
1791355353,proc,24148,17392,kt-bench,0
1791355353,proc,24542,39552,node,0
1791355353,proc,24758,3456,intelligenceflowd,7712
1791355353,proc,67031,1584,IntelligencePlatformComputeService,2144
1791355353,proc,89138,1280,generativeexperiencesd,1936
1791355353,sys,8999409,47,139191,
1791355354,proc,1081,1008,aned,11680
1791355354,proc,1643,13472,Ollama,18848
1791355354,proc,1664,14400,ollama,20480
1791355354,proc,12730,36768,mobileassetd,3104
1791355354,proc,14165,21696,translationd,327760
1791355354,proc,22597,5680,GenerativeExperiencesSafetyInferenceProvider,6848
1791355354,proc,22756,2507040,Python,25856
1791355354,proc,24148,17392,kt-bench,0
1791355354,proc,24542,39584,node,0
1791355354,proc,24758,3456,intelligenceflowd,7712
1791355354,proc,67031,1584,IntelligencePlatformComputeService,2144
1791355354,proc,89138,1280,generativeexperiencesd,1936
1791355354,sys,8999409,47,167570,
1791355355,proc,1081,1008,aned,11680
1791355355,proc,1281,34912,Calendar,4416
1791355355,proc,1643,13472,Ollama,18848
1791355355,proc,1664,14400,ollama,20480
1791355355,proc,12730,36768,mobileassetd,3104
1791355355,proc,14165,21696,translationd,327760
1791355355,proc,22597,5680,GenerativeExperiencesSafetyInferenceProvider,6848
1791355355,proc,22756,3614672,Python,25856
1791355355,proc,24148,17440,kt-bench,0
1791355355,proc,24542,39584,node,0
1791355355,proc,24758,3456,intelligenceflowd,7712
1791355355,proc,25385,27232,dataaccessd,0
1791355355,proc,25386,23216,calaccessd,0
1791355355,proc,67031,1584,IntelligencePlatformComputeService,2144
1791355355,proc,89138,1280,generativeexperiencesd,1936
1791355355,sys,8999409,56,134639,
1791355356,proc,1046,30160,suggestd,6064
1791355356,proc,1081,1008,aned,11680
1791355356,proc,1201,22832,CalendarWidgetExtension,2304
1791355356,proc,1281,48032,Calendar,4416
1791355356,proc,1643,13472,Ollama,18848
1791355356,proc,1664,14400,ollama,20480
1791355356,proc,12730,36768,mobileassetd,3104
1791355356,proc,14165,22304,translationd,327760
1791355356,proc,22597,5696,GenerativeExperiencesSafetyInferenceProvider,6848
1791355356,proc,22756,3900800,Python,25856
1791355356,proc,24542,39584,node,0
1791355356,proc,24758,3456,intelligenceflowd,7712
1791355356,proc,25385,28240,dataaccessd,0
1791355356,proc,25386,23296,calaccessd,0
1791355356,proc,67031,1584,IntelligencePlatformComputeService,2144
1791355356,proc,89138,1280,generativeexperiencesd,1936
1791355356,sys,8999409,56,95839,
1791355357,proc,1081,1008,aned,11680
1791355357,proc,1201,23008,CalendarWidgetExtension,2304
1791355357,proc,1281,51280,Calendar,4416
1791355357,proc,1643,13472,Ollama,18848
1791355357,proc,1664,14400,ollama,20480
1791355357,proc,12730,36768,mobileassetd,3104
1791355357,proc,14165,22304,translationd,327760
1791355357,proc,22597,5696,GenerativeExperiencesSafetyInferenceProvider,6848
1791355357,proc,22756,4143792,Python,25856
1791355357,proc,24542,39584,node,0
1791355357,proc,24758,3456,intelligenceflowd,7712
1791355357,proc,25385,31760,dataaccessd,0
1791355357,proc,25386,25520,calaccessd,0
1791355357,proc,67031,1584,IntelligencePlatformComputeService,2144
1791355357,proc,89138,1280,generativeexperiencesd,1936
1791355357,sys,8999409,56,82318,
1791355358,proc,1081,1008,aned,11680
1791355358,proc,1201,26576,CalendarWidgetExtension,2304
1791355358,proc,1281,51280,Calendar,4416
1791355358,proc,1643,13472,Ollama,18848
1791355358,proc,1664,14400,ollama,20480
1791355358,proc,12730,36768,mobileassetd,3104
1791355358,proc,14165,22304,translationd,327760
1791355358,proc,22597,5696,GenerativeExperiencesSafetyInferenceProvider,6848
1791355358,proc,22756,4255968,Python,25856
1791355358,proc,24542,39584,node,0
1791355358,proc,24758,3456,intelligenceflowd,7712
1791355358,proc,25385,32688,dataaccessd,0
1791355358,proc,25386,27536,calaccessd,0
1791355358,proc,67031,1584,IntelligencePlatformComputeService,2144
1791355358,proc,89138,1280,generativeexperiencesd,1936
1791355358,sys,8999409,56,68028,
1791355359,proc,1081,1008,aned,11680
1791355359,proc,1201,26576,CalendarWidgetExtension,2304
1791355359,proc,1281,51280,Calendar,4416
1791355359,proc,1643,13472,Ollama,18848
1791355359,proc,1664,14400,ollama,20480
1791355359,proc,12730,36768,mobileassetd,3104
1791355359,proc,14165,22304,translationd,327760
1791355359,proc,22597,5696,GenerativeExperiencesSafetyInferenceProvider,6848
1791355359,proc,22756,4375488,Python,25856
1791355359,proc,24542,39584,node,0
1791355359,proc,24758,7808,intelligenceflowd,7712
1791355359,proc,25385,32944,dataaccessd,0
1791355359,proc,25386,27536,calaccessd,0
1791355359,proc,67031,1584,IntelligencePlatformComputeService,2144
1791355359,proc,89138,1280,generativeexperiencesd,1936
1791355359,sys,8999409,56,60046,
1791355360,proc,1081,1008,aned,11680
1791355360,proc,1201,26576,CalendarWidgetExtension,2304
1791355360,proc,1281,51280,Calendar,4416
1791355360,proc,1643,13472,Ollama,18848
1791355360,proc,1664,14400,ollama,20480
1791355360,proc,12730,36720,mobileassetd,3104
1791355360,proc,14165,22336,translationd,327760
1791355360,proc,22597,5696,GenerativeExperiencesSafetyInferenceProvider,6848
1791355360,proc,22756,4375808,Python,25856
1791355360,proc,24542,39584,node,0
1791355360,proc,24758,7808,intelligenceflowd,7712
1791355360,proc,25385,33008,dataaccessd,0
1791355360,proc,25386,27552,calaccessd,0
1791355360,proc,67031,1584,IntelligencePlatformComputeService,2144
1791355360,proc,89138,1280,generativeexperiencesd,1936
1791355360,sys,8999409,57,59407,
1791355361,proc,1081,3792,aned,11680
1791355361,proc,1201,26576,CalendarWidgetExtension,2304
1791355361,proc,1281,51232,Calendar,4416
1791355361,proc,1643,13472,Ollama,18848
1791355361,proc,1664,14400,ollama,20480
1791355361,proc,12730,37216,mobileassetd,3104
1791355361,proc,14165,22400,translationd,327760
1791355361,proc,22597,5696,GenerativeExperiencesSafetyInferenceProvider,6848
1791355361,proc,22756,4406624,Python,25856
1791355361,proc,24542,39584,node,0
1791355361,proc,24758,7808,intelligenceflowd,7712
1791355361,proc,25385,33328,dataaccessd,0
1791355361,proc,25386,27552,calaccessd,0
1791355361,proc,67031,1584,IntelligencePlatformComputeService,2144
1791355361,proc,89138,1280,generativeexperiencesd,1936
1791355361,sys,8999409,57,76368,
1791355362,proc,1081,3792,aned,11680
1791355362,proc,1201,26576,CalendarWidgetExtension,2304
1791355362,proc,1281,50912,Calendar,4416
1791355362,proc,1643,13472,Ollama,18848
1791355362,proc,1664,14400,ollama,20480
1791355362,proc,12730,37216,mobileassetd,3104
1791355362,proc,14165,22400,translationd,327760
1791355362,proc,22597,5696,GenerativeExperiencesSafetyInferenceProvider,6848
1791355362,proc,22756,4061008,Python,25856
1791355362,proc,24542,39584,node,0
1791355362,proc,24758,8544,intelligenceflowd,7712
1791355362,proc,25385,34368,dataaccessd,0
1791355362,proc,25386,27264,calaccessd,0
1791355362,proc,67031,1584,IntelligencePlatformComputeService,2144
1791355362,proc,89138,3120,generativeexperiencesd,1936
1791355362,sys,8999409,57,95883,
1791355364,proc,1081,3792,aned,11680
1791355364,proc,1201,26576,CalendarWidgetExtension,2304
1791355364,proc,1281,50912,Calendar,4416
1791355364,proc,1643,13472,Ollama,18848
1791355364,proc,1664,14400,ollama,20480
1791355364,proc,12730,37216,mobileassetd,3104
1791355364,proc,14165,22400,translationd,327760
1791355364,proc,22597,5696,GenerativeExperiencesSafetyInferenceProvider,6848
1791355364,proc,22756,3767744,Python,25856
1791355364,proc,24542,39584,node,0
1791355364,proc,24758,8544,intelligenceflowd,7712
1791355364,proc,25385,34736,dataaccessd,0
1791355364,proc,25386,27264,calaccessd,0
1791355364,proc,67031,1584,IntelligencePlatformComputeService,2144
1791355364,proc,89138,3120,generativeexperiencesd,1936
1791355364,sys,8999409,57,107953,
1791355365,proc,1081,3792,aned,11680
1791355365,proc,1201,26576,CalendarWidgetExtension,2304
1791355365,proc,1281,50912,Calendar,4416
1791355365,proc,1643,13472,Ollama,18848
1791355365,proc,1664,14400,ollama,20480
1791355365,proc,12730,37216,mobileassetd,3104
1791355365,proc,14165,22400,translationd,327760
1791355365,proc,22597,5696,GenerativeExperiencesSafetyInferenceProvider,6848
1791355365,proc,22756,3581616,Python,25856
1791355365,proc,24542,39584,node,0
1791355365,proc,24758,8624,intelligenceflowd,7712
1791355365,proc,25385,34864,dataaccessd,0
1791355365,proc,25386,27264,calaccessd,0
1791355365,proc,67031,1584,IntelligencePlatformComputeService,2144
1791355365,proc,89138,3120,generativeexperiencesd,1936
1791355365,sys,8999409,57,112730,
1791355366,proc,1081,3792,aned,11680
1791355366,proc,1201,26576,CalendarWidgetExtension,2304
1791355366,proc,1281,50912,Calendar,4416
1791355366,proc,1643,13472,Ollama,18848
1791355366,proc,1664,14400,ollama,20480
1791355366,proc,12730,37216,mobileassetd,3104
1791355366,proc,14165,22400,translationd,327760
1791355366,proc,22597,5696,GenerativeExperiencesSafetyInferenceProvider,6848
1791355366,proc,22756,3732432,Python,25856
1791355366,proc,24758,8624,intelligenceflowd,7712
1791355366,proc,25385,34928,dataaccessd,0
1791355366,proc,25386,27264,calaccessd,0
1791355366,proc,25795,58048,node,0
1791355366,proc,67031,1584,IntelligencePlatformComputeService,2144
1791355366,proc,89138,3120,generativeexperiencesd,1936
1791355366,sys,8999409,69,103162,
1791355367,proc,1046,31824,suggestd,6064
1791355367,proc,1081,3872,aned,11680
1791355367,proc,1201,26576,CalendarWidgetExtension,2304
1791355367,proc,1281,50912,Calendar,4416
1791355367,proc,1643,14240,Ollama,18848
1791355367,proc,1664,14400,ollama,20480
1791355367,proc,12730,37216,mobileassetd,3104
1791355367,proc,14165,22400,translationd,327760
1791355367,proc,22597,5696,GenerativeExperiencesSafetyInferenceProvider,6848
1791355367,proc,22756,3732464,Python,25856
1791355367,proc,24758,8624,intelligenceflowd,7712
1791355367,proc,25385,35008,dataaccessd,0
1791355367,proc,25386,27328,calaccessd,0
1791355367,proc,25795,58048,node,0
1791355367,proc,67031,1584,IntelligencePlatformComputeService,2144
1791355367,proc,89138,3120,generativeexperiencesd,1936
1791355367,sys,8999409,69,102416,
1791355368,proc,1046,31824,suggestd,6064
1791355368,proc,1081,3872,aned,11680
1791355368,proc,1201,26576,CalendarWidgetExtension,2304
1791355368,proc,1281,50912,Calendar,4416
1791355368,proc,1643,14240,Ollama,18848
1791355368,proc,1664,14400,ollama,20480
1791355368,proc,12730,37216,mobileassetd,3104
1791355368,proc,14165,22400,translationd,327760
1791355368,proc,22597,5696,GenerativeExperiencesSafetyInferenceProvider,6848
1791355368,proc,22756,4031008,Python,25856
1791355368,proc,24758,8624,intelligenceflowd,7712
1791355368,proc,25385,35072,dataaccessd,0
1791355368,proc,25386,27328,calaccessd,0
1791355368,proc,25795,58048,node,0
1791355368,proc,67031,1584,IntelligencePlatformComputeService,2144
1791355368,proc,89138,3120,generativeexperiencesd,1936
1791355368,sys,8999409,69,78071,
1791355369,proc,1046,27472,suggestd,6064
1791355369,proc,1081,3872,aned,11680
1791355369,proc,1201,26576,CalendarWidgetExtension,2304
1791355369,proc,1281,50864,Calendar,4416
1791355369,proc,1643,14240,Ollama,18848
1791355369,proc,1664,14400,ollama,20480
1791355369,proc,12730,37216,mobileassetd,3104
1791355369,proc,14165,22400,translationd,327760
1791355369,proc,22597,5696,GenerativeExperiencesSafetyInferenceProvider,6848
1791355369,proc,22756,4335776,Python,25856
1791355369,proc,24758,8624,intelligenceflowd,7712
1791355369,proc,25385,35184,dataaccessd,0
1791355369,proc,25386,27328,calaccessd,0
1791355369,proc,25795,58096,node,0
1791355369,proc,67031,1584,IntelligencePlatformComputeService,2144
1791355369,proc,89138,3120,generativeexperiencesd,1936
1791355369,sys,8999409,69,63526,
1791355370,proc,1046,27440,suggestd,6064
1791355370,proc,1081,3872,aned,11680
1791355370,proc,1201,26576,CalendarWidgetExtension,2304
1791355370,proc,1281,50864,Calendar,4416
1791355370,proc,1643,14240,Ollama,18848
1791355370,proc,1664,14400,ollama,20480
1791355370,proc,12730,37216,mobileassetd,3104
1791355370,proc,14165,22400,translationd,327760
1791355370,proc,22597,5696,GenerativeExperiencesSafetyInferenceProvider,6848
1791355370,proc,22756,4461680,Python,25856
1791355370,proc,24758,8624,intelligenceflowd,7712
1791355370,proc,25385,35136,dataaccessd,0
1791355370,proc,25386,27328,calaccessd,0
1791355370,proc,25795,58096,node,0
1791355370,proc,67031,1584,IntelligencePlatformComputeService,2144
1791355370,proc,89138,3120,generativeexperiencesd,1936
1791355370,sys,8999409,69,56421,
1791355371,proc,1046,27440,suggestd,6064
1791355371,proc,1081,3872,aned,11680
1791355371,proc,1201,26576,CalendarWidgetExtension,2304
1791355371,proc,1281,50912,Calendar,4416
1791355371,proc,1643,14240,Ollama,18848
1791355371,proc,1664,14400,ollama,20480
1791355371,proc,12730,37216,mobileassetd,3104
1791355371,proc,14165,22400,translationd,327760
1791355371,proc,22597,5696,GenerativeExperiencesSafetyInferenceProvider,6848
1791355371,proc,22756,4641920,Python,25856
1791355371,proc,24758,8624,intelligenceflowd,7712
1791355371,proc,25385,35216,dataaccessd,0
1791355371,proc,25386,27824,calaccessd,0
1791355371,proc,25795,58096,node,0
1791355371,proc,67031,1584,IntelligencePlatformComputeService,2144
1791355371,proc,89138,3120,generativeexperiencesd,1936
1791355371,sys,8999409,69,44547,
1791355372,proc,1046,27440,suggestd,6064
1791355372,proc,1081,4016,aned,11680
1791355372,proc,1201,26576,CalendarWidgetExtension,2304
1791355372,proc,1281,50928,Calendar,4416
1791355372,proc,1643,14240,Ollama,18848
1791355372,proc,1664,14400,ollama,20480
1791355372,proc,12730,37216,mobileassetd,3104
1791355372,proc,14165,22400,translationd,327760
1791355372,proc,22597,5696,GenerativeExperiencesSafetyInferenceProvider,6848
1791355372,proc,22756,4819728,Python,25856
1791355372,proc,24758,8624,intelligenceflowd,7712
1791355372,proc,25385,35840,dataaccessd,0
1791355372,proc,25386,27856,calaccessd,0
1791355372,proc,25795,58096,node,0
1791355372,proc,67031,1584,IntelligencePlatformComputeService,2144
1791355372,proc,89138,3120,generativeexperiencesd,1936
1791355372,sys,8999409,69,32462,
1791355373,proc,1046,27440,suggestd,6064
1791355373,proc,1081,4016,aned,11680
1791355373,proc,1201,26576,CalendarWidgetExtension,2304
1791355373,proc,1281,50928,Calendar,4416
1791355373,proc,1643,14240,Ollama,18848
1791355373,proc,1664,14400,ollama,20480
1791355373,proc,12730,37216,mobileassetd,3104
1791355373,proc,14165,22400,translationd,327760
1791355373,proc,22597,5696,GenerativeExperiencesSafetyInferenceProvider,6848
1791355373,proc,22756,4997232,Python,25856
1791355373,proc,24758,8624,intelligenceflowd,7712
1791355373,proc,25385,36080,dataaccessd,0
1791355373,proc,25386,27856,calaccessd,0
1791355373,proc,25795,58096,node,0
1791355373,proc,67031,1584,IntelligencePlatformComputeService,2144
1791355373,proc,89138,3120,generativeexperiencesd,1936
1791355373,sys,8999409,69,23006,
1791355374,proc,1046,27376,suggestd,6064
1791355374,proc,1081,4016,aned,11680
1791355374,proc,1201,26576,CalendarWidgetExtension,2304
1791355374,proc,1281,50928,Calendar,4416
1791355374,proc,1643,14240,Ollama,18848
1791355374,proc,1664,14400,ollama,20480
1791355374,proc,12730,37216,mobileassetd,3104
1791355374,proc,14165,22400,translationd,327760
1791355374,proc,22597,5696,GenerativeExperiencesSafetyInferenceProvider,6848
1791355374,proc,22756,5163824,Python,25856
1791355374,proc,24758,8624,intelligenceflowd,7712
1791355374,proc,25385,36080,dataaccessd,0
1791355374,proc,25386,27856,calaccessd,0
1791355374,proc,25795,56752,node,0
1791355374,proc,67031,1584,IntelligencePlatformComputeService,2144
1791355374,proc,89138,3120,generativeexperiencesd,1936
1791355374,sys,8999409,69,9320,
1791355375,proc,1081,4016,aned,11680
1791355375,proc,1201,26576,CalendarWidgetExtension,2304
1791355375,proc,1281,50928,Calendar,4416
1791355375,proc,1643,14240,Ollama,18848
1791355375,proc,1664,14400,ollama,20480
1791355375,proc,12730,37216,mobileassetd,3104
1791355375,proc,14165,22400,translationd,327760
1791355375,proc,22597,5696,GenerativeExperiencesSafetyInferenceProvider,6848
1791355375,proc,22756,5315008,Python,25856
1791355375,proc,24758,8624,intelligenceflowd,7712
1791355375,proc,25385,36000,dataaccessd,0
1791355375,proc,25386,27472,calaccessd,0
1791355375,proc,25795,56752,node,0
1791355375,proc,67031,1584,IntelligencePlatformComputeService,2144
1791355375,proc,89138,3120,generativeexperiencesd,1936
1791355375,sys,8999409,69,6811,
1791355376,proc,1081,4016,aned,11680
1791355376,proc,1201,26576,CalendarWidgetExtension,2304
1791355376,proc,1281,50928,Calendar,4416
1791355376,proc,1643,14240,Ollama,18848
1791355376,proc,1664,14400,ollama,20480
1791355376,proc,12730,37216,mobileassetd,3104
1791355376,proc,14165,22400,translationd,327760
1791355376,proc,22597,5696,GenerativeExperiencesSafetyInferenceProvider,6848
1791355376,proc,22756,5474752,Python,25856
1791355376,proc,24758,8624,intelligenceflowd,7712
1791355376,proc,25385,35920,dataaccessd,0
1791355376,proc,25386,25984,calaccessd,0
1791355376,proc,25795,56736,node,0
1791355376,proc,67031,1584,IntelligencePlatformComputeService,2144
1791355376,proc,89138,3120,generativeexperiencesd,1936
1791355376,sys,8999409,70,5142,
1791355378,proc,1081,4016,aned,11680
1791355378,proc,1201,26544,CalendarWidgetExtension,2304
1791355378,proc,1281,50400,Calendar,4416
1791355378,proc,1643,14240,Ollama,18848
1791355378,proc,1664,14400,ollama,20480
1791355378,proc,14165,22320,translationd,327760
1791355378,proc,22597,5616,GenerativeExperiencesSafetyInferenceProvider,6848
1791355378,proc,22756,5569120,Python,25856
1791355378,proc,24758,8624,intelligenceflowd,7712
1791355378,proc,25385,34768,dataaccessd,0
1791355378,proc,25386,25472,calaccessd,0
1791355378,proc,25795,56736,node,0
1791355378,proc,67031,1584,IntelligencePlatformComputeService,2144
1791355378,proc,89138,3120,generativeexperiencesd,1936
1791355378,sys,8999409,70,6097,
1791355379,proc,1081,3152,aned,11680
1791355379,proc,1201,23600,CalendarWidgetExtension,2304
1791355379,proc,1281,48016,Calendar,4416
1791355379,proc,1643,13472,Ollama,18848
1791355379,proc,1664,14400,ollama,20480
1791355379,proc,14165,21712,translationd,327760
1791355379,proc,22597,5600,GenerativeExperiencesSafetyInferenceProvider,6848
1791355379,proc,22756,5777840,Python,25856
1791355379,proc,24758,6848,intelligenceflowd,7712
1791355379,proc,25385,32784,dataaccessd,0
1791355379,proc,25386,24368,calaccessd,0
1791355379,proc,25795,54544,node,0
1791355379,proc,67031,1584,IntelligencePlatformComputeService,2144
1791355379,proc,89138,2112,generativeexperiencesd,1936
1791355379,sys,8999409,70,7495,
1791355380,proc,1081,2864,aned,11680
1791355380,proc,1201,23600,CalendarWidgetExtension,2304
1791355380,proc,1281,48000,Calendar,4416
1791355380,proc,1643,13472,Ollama,18848
1791355380,proc,1664,14400,ollama,20480
1791355380,proc,14165,21712,translationd,327760
1791355380,proc,22597,5600,GenerativeExperiencesSafetyInferenceProvider,6848
1791355380,proc,22756,5809088,Python,25856
1791355380,proc,24758,6848,intelligenceflowd,7712
1791355380,proc,25385,31760,dataaccessd,0
1791355380,proc,25386,24096,calaccessd,0
1791355380,proc,25795,47824,node,0
1791355380,proc,67031,1584,IntelligencePlatformComputeService,2144
1791355380,proc,89138,2096,generativeexperiencesd,1936
1791355380,sys,8999409,70,7584,
1791355381,proc,1081,1328,aned,11680
1791355381,proc,1201,23600,CalendarWidgetExtension,2304
1791355381,proc,1281,48000,Calendar,4416
1791355381,proc,1643,13472,Ollama,18848
1791355381,proc,1664,14400,ollama,20480
1791355381,proc,14165,21680,translationd,327760
1791355381,proc,22597,5600,GenerativeExperiencesSafetyInferenceProvider,6848
1791355381,proc,22756,5870864,Python,25856
1791355381,proc,24758,6848,intelligenceflowd,7712
1791355381,proc,25385,30944,dataaccessd,0
1791355381,proc,25386,24096,calaccessd,0
1791355381,proc,25795,47856,node,0
1791355381,proc,67031,1584,IntelligencePlatformComputeService,2144
1791355381,proc,89138,2096,generativeexperiencesd,1936
1791355381,sys,8999409,70,6143,
1791355382,proc,1081,1328,aned,11680
1791355382,proc,1281,40224,Calendar,4416
1791355382,proc,1643,13472,Ollama,18848
1791355382,proc,1664,14400,ollama,20480
1791355382,proc,14165,21568,translationd,327760
1791355382,proc,22597,5600,GenerativeExperiencesSafetyInferenceProvider,6848
1791355382,proc,22756,6003216,Python,25856
1791355382,proc,24758,4400,intelligenceflowd,7712
1791355382,proc,25385,29424,dataaccessd,0
1791355382,proc,25386,22672,calaccessd,0
1791355382,proc,25795,47856,node,0
1791355382,proc,67031,1584,IntelligencePlatformComputeService,2144
1791355382,proc,89138,2096,generativeexperiencesd,1936
1791355382,sys,8999409,67,8770,
1791355383,proc,1081,1328,aned,11680
1791355383,proc,1643,13472,Ollama,18848
1791355383,proc,1664,13600,ollama,20480
1791355383,proc,14165,21568,translationd,327760
1791355383,proc,22597,5600,GenerativeExperiencesSafetyInferenceProvider,6848
1791355383,proc,22756,5399376,Python,25856
1791355383,proc,24758,4400,intelligenceflowd,7712
1791355383,proc,25385,25680,dataaccessd,0
1791355383,proc,25795,47856,node,0
1791355383,proc,26408,26656,xcodebuild,0
1791355383,proc,67031,1584,IntelligencePlatformComputeService,2144
1791355383,proc,89138,2096,generativeexperiencesd,1936
1791355383,sys,8999409,67,9904,
1791355384,proc,1081,1328,aned,11680
1791355384,proc,1643,13472,Ollama,18848
1791355384,proc,1664,13600,ollama,20480
1791355384,proc,14165,21088,translationd,327760
1791355384,proc,22597,4992,GenerativeExperiencesSafetyInferenceProvider,6848
1791355384,proc,22756,5310720,Python,25856
1791355384,proc,24758,4384,intelligenceflowd,7712
1791355384,proc,25795,47856,node,0
1791355384,proc,26408,89472,xcodebuild,0
1791355384,proc,67031,1584,IntelligencePlatformComputeService,2144
1791355384,proc,89138,2096,generativeexperiencesd,1936
1791355384,sys,8999409,67,4077,
1791355385,proc,1081,1328,aned,11680
1791355385,proc,1643,13472,Ollama,18848
1791355385,proc,1664,13600,ollama,20480
1791355385,proc,14165,12624,translationd,327760
1791355385,proc,22597,1648,GenerativeExperiencesSafetyInferenceProvider,6848
1791355385,proc,22756,4333248,Python,25856
1791355385,proc,24758,4368,intelligenceflowd,7712
1791355385,proc,25795,47840,node,0
1791355385,proc,26408,131088,xcodebuild,0
1791355385,proc,67031,1584,IntelligencePlatformComputeService,2144
1791355385,proc,89138,2096,generativeexperiencesd,1936
1791355385,sys,8999409,67,4513,
1791355386,proc,1081,1328,aned,11680
1791355386,proc,1643,11904,Ollama,18848
1791355386,proc,1664,11872,ollama,20480
1791355386,proc,14165,9520,translationd,327760
1791355386,proc,22597,1632,GenerativeExperiencesSafetyInferenceProvider,6848
1791355386,proc,22756,3904656,Python,25856
1791355386,proc,24758,4352,intelligenceflowd,7712
1791355386,proc,25795,47824,node,0
1791355386,proc,26408,122576,xcodebuild,0
1791355386,proc,26498,35312,SWBBuildService,0
1791355386,proc,26531,26208,ibtoold,0
1791355386,proc,67031,1584,IntelligencePlatformComputeService,2144
1791355386,proc,89138,2096,generativeexperiencesd,1936
1791355386,sys,8999409,67,4913,
1791355387,proc,1081,1008,aned,11680
1791355387,proc,1643,11904,Ollama,18848
1791355387,proc,1664,11872,ollama,20480
1791355387,proc,14165,10000,translationd,327760
1791355387,proc,22597,1632,GenerativeExperiencesSafetyInferenceProvider,6848
1791355387,proc,22756,4666784,Python,25856
1791355387,proc,24758,3888,intelligenceflowd,7712
1791355387,proc,25795,39424,node,0
1791355387,proc,26408,119968,xcodebuild,0
1791355387,proc,26498,34448,SWBBuildService,0
1791355387,proc,26531,79776,ibtoold,0
1791355387,proc,67031,2080,IntelligencePlatformComputeService,2144
1791355387,proc,89138,1872,generativeexperiencesd,1936
1791355387,sys,8999409,54,3312,
1791355389,proc,1081,1008,aned,11680
1791355389,proc,1643,11888,Ollama,18848
1791355389,proc,1664,11872,ollama,20480
1791355389,proc,14165,9136,translationd,327760
1791355389,proc,22597,1600,GenerativeExperiencesSafetyInferenceProvider,6848
1791355389,proc,22756,4410080,Python,25856
1791355389,proc,24758,3312,intelligenceflowd,7712
1791355389,proc,25795,39424,node,0
1791355389,proc,26408,107120,xcodebuild,0
1791355389,proc,26498,37936,SWBBuildService,0
1791355389,proc,26531,126544,ibtoold,0
1791355389,proc,67031,1856,IntelligencePlatformComputeService,2144
1791355389,proc,89138,1312,generativeexperiencesd,1936
1791355389,sys,8999409,54,3528,
1791355390,proc,1081,1648,aned,11680
1791355390,proc,1643,11872,Ollama,18848
1791355390,proc,1664,11872,ollama,20480
1791355390,proc,14165,9040,translationd,327760
1791355390,proc,22597,1600,GenerativeExperiencesSafetyInferenceProvider,6848
1791355390,proc,22756,4599328,Python,25856
1791355390,proc,24758,3312,intelligenceflowd,7712
1791355390,proc,25795,39440,node,0
1791355390,proc,26408,93104,xcodebuild,0
1791355390,proc,26498,30576,SWBBuildService,0
1791355390,proc,26531,116560,ibtoold,0
1791355390,proc,26587,27568,AMPLibraryAgent,0
1791355390,proc,26610,1648,aneuserd,0
1791355390,proc,26611,21856,mdworker_shared,0
1791355390,proc,67031,1856,IntelligencePlatformComputeService,2144
1791355390,proc,89138,1312,generativeexperiencesd,1936
1791355390,sys,8999409,54,3840,
1791355391,proc,1081,1648,aned,11680
1791355391,proc,1643,11872,Ollama,18848
1791355391,proc,1664,11872,ollama,20480
1791355391,proc,14165,9040,translationd,327760
1791355391,proc,22597,1600,GenerativeExperiencesSafetyInferenceProvider,6848
1791355391,proc,22756,4310624,Python,25856
1791355391,proc,24758,3200,intelligenceflowd,7712
1791355391,proc,25795,39440,node,0
1791355391,proc,26408,93248,xcodebuild,0
1791355391,proc,26498,250624,SWBBuildService,0
1791355391,proc,26531,97200,ibtoold,0
1791355391,proc,26587,28208,AMPLibraryAgent,0
1791355391,proc,26610,1664,aneuserd,0
1791355391,proc,67031,1584,IntelligencePlatformComputeService,2144
1791355391,proc,89138,1312,generativeexperiencesd,1936
1791355391,sys,8999409,54,3954,
1791355392,proc,1081,1648,aned,11680
1791355392,proc,1643,11872,Ollama,18848
1791355392,proc,1664,11872,ollama,20480
1791355392,proc,14165,9040,translationd,327760
1791355392,proc,22597,1600,GenerativeExperiencesSafetyInferenceProvider,6848
1791355392,proc,22756,4013632,Python,25856
1791355392,proc,24758,3408,intelligenceflowd,7712
1791355392,proc,25795,39392,node,0
1791355392,proc,26408,92752,xcodebuild,0
1791355392,proc,26498,295536,SWBBuildService,0
1791355392,proc,26531,82544,ibtoold,0
1791355392,proc,26587,29632,AMPLibraryAgent,0
1791355392,proc,26610,1664,aneuserd,0
1791355392,proc,26709,23600,(swift-frontend),0
1791355392,proc,26710,23632,(swift-frontend),0
1791355392,proc,26711,25872,(swift-frontend),0
1791355392,proc,26712,24096,(swift-frontend),0
1791355392,proc,67031,1584,IntelligencePlatformComputeService,2144
1791355392,proc,89138,1312,generativeexperiencesd,1936
1791355392,sys,8999409,54,5062,
1791355393,proc,1081,1648,aned,11680
1791355393,proc,1643,11872,Ollama,18848
1791355393,proc,1664,11872,ollama,20480
1791355393,proc,14165,10544,translationd,327760
1791355393,proc,22597,1600,GenerativeExperiencesSafetyInferenceProvider,6848
1791355393,proc,22756,3734928,Python,25856
1791355393,proc,24758,3408,intelligenceflowd,7712
1791355393,proc,25795,39424,node,0
1791355393,proc,26408,88512,xcodebuild,0
1791355393,proc,26498,263808,SWBBuildService,0
1791355393,proc,26531,84080,ibtoold,0
1791355393,proc,26587,31440,AMPLibraryAgent,0
1791355393,proc,26610,1664,aneuserd,0
1791355393,proc,26782,56208,(swift-frontend),0
1791355393,proc,67031,1584,IntelligencePlatformComputeService,2144
1791355393,proc,89138,1312,generativeexperiencesd,1936
1791355393,sys,8999409,47,9591,
1791355394,proc,1081,1040,aned,11680
1791355394,proc,1643,11872,Ollama,18848
1791355394,proc,1664,11872,ollama,20480
1791355394,proc,14165,10784,translationd,327760
1791355394,proc,22597,1600,GenerativeExperiencesSafetyInferenceProvider,6848
1791355394,proc,22756,3612576,Python,25856
1791355394,proc,24758,3200,intelligenceflowd,7712
1791355394,proc,25795,39456,node,0
1791355394,proc,26408,88672,xcodebuild,0
1791355394,proc,26498,261472,SWBBuildService,0
1791355394,proc,26531,84688,ibtoold,0
1791355394,proc,26587,33056,AMPLibraryAgent,0
1791355394,proc,26610,1056,aneuserd,0
1791355394,proc,26832,27440,swift-frontend,0
1791355394,proc,67031,1584,IntelligencePlatformComputeService,2144
1791355394,proc,89138,1312,generativeexperiencesd,1936
1791355394,sys,8999409,47,7601,
1791355395,proc,1081,1280,aned,11680
1791355395,proc,1643,11872,Ollama,18848
1791355395,proc,1664,11872,ollama,20480
1791355395,proc,14165,10784,translationd,327760
1791355395,proc,22597,1600,GenerativeExperiencesSafetyInferenceProvider,6848
1791355395,proc,22756,3430144,Python,25856
1791355395,proc,24758,3424,intelligenceflowd,7712
1791355395,proc,25795,39456,node,0
1791355395,proc,26408,88864,xcodebuild,0
1791355395,proc,26498,261648,SWBBuildService,0
1791355395,proc,26531,84784,ibtoold,0
1791355395,proc,26587,33056,AMPLibraryAgent,0
1791355395,proc,26610,1344,aneuserd,0
1791355395,proc,67031,1584,IntelligencePlatformComputeService,2144
1791355395,proc,89138,1312,generativeexperiencesd,1936
1791355395,sys,8999409,47,89401,
1791355396,proc,1081,1280,aned,11680
1791355396,proc,1643,11872,Ollama,18848
1791355396,proc,1664,11872,ollama,20480
1791355396,proc,14165,10784,translationd,327760
1791355396,proc,22597,1600,GenerativeExperiencesSafetyInferenceProvider,6848
1791355396,proc,22756,2731248,Python,25856
1791355396,proc,24758,3424,intelligenceflowd,7712
1791355396,proc,25795,39456,node,0
1791355396,proc,26408,89056,xcodebuild,0
1791355396,proc,26498,261856,SWBBuildService,0
1791355396,proc,26531,84784,ibtoold,0
1791355396,proc,26587,33056,AMPLibraryAgent,0
1791355396,proc,26610,1344,aneuserd,0
1791355396,proc,26903,100768,swift-frontend,0
1791355396,proc,26904,98704,swift-frontend,0
1791355396,proc,26905,100416,swift-frontend,0
1791355396,proc,26906,97872,swift-frontend,0
1791355396,proc,26907,102640,swift-frontend,0
1791355396,proc,67031,1584,IntelligencePlatformComputeService,2144
1791355396,proc,89138,1312,generativeexperiencesd,1936
1791355396,sys,8999409,47,111771,
1791355398,proc,1081,1280,aned,11680
1791355398,proc,1643,11872,Ollama,18848
1791355398,proc,1664,11872,ollama,20480
1791355398,proc,14165,10784,translationd,327760
1791355398,proc,22597,1600,GenerativeExperiencesSafetyInferenceProvider,6848
1791355398,proc,22756,2186608,Python,25856
1791355398,proc,24758,3424,intelligenceflowd,7712
1791355398,proc,25795,39456,node,0
1791355398,proc,26408,89968,xcodebuild,0
1791355398,proc,26498,371872,SWBBuildService,0
1791355398,proc,26531,95760,ibtoold,0
1791355398,proc,26587,33056,AMPLibraryAgent,0
1791355398,proc,26610,1344,aneuserd,0
1791355398,proc,26903,269152,swift-frontend,0
1791355398,proc,26904,230016,swift-frontend,0
1791355398,proc,26905,270128,swift-frontend,0
1791355398,proc,26907,267040,swift-frontend,0
1791355398,proc,26939,79312,ibtoold,0
1791355398,proc,67031,1584,IntelligencePlatformComputeService,2144
1791355398,proc,89138,1312,generativeexperiencesd,1936
1791355398,sys,8999409,47,117430,
1791355399,proc,1081,1280,aned,11680
1791355399,proc,1643,11872,Ollama,18848
1791355399,proc,1664,11872,ollama,20480
1791355399,proc,14165,10768,translationd,327760
1791355399,proc,22597,1600,GenerativeExperiencesSafetyInferenceProvider,6848
1791355399,proc,22756,2867136,Python,25856
1791355399,proc,24758,3424,intelligenceflowd,7712
1791355399,proc,25795,39456,node,0
1791355399,proc,26408,90048,xcodebuild,0
1791355399,proc,26498,371936,SWBBuildService,0
1791355399,proc,26531,95840,ibtoold,0
1791355399,proc,26587,33056,AMPLibraryAgent,0
1791355399,proc,26610,1344,aneuserd,0
1791355399,proc,26903,364704,swift-frontend,0
1791355399,proc,26904,345968,swift-frontend,0
1791355399,proc,26905,366752,swift-frontend,0
1791355399,proc,26907,325952,swift-frontend,0
1791355399,proc,26939,110928,ibtoold,0
1791355399,proc,26989,144960,(swift-frontend),0
1791355399,proc,26990,67008,swift-frontend,0
1791355399,proc,67031,1584,IntelligencePlatformComputeService,2144
1791355399,proc,89138,1312,generativeexperiencesd,1936
1791355399,sys,8999409,60,90830,
1791355400,proc,1081,1280,aned,11680
1791355400,proc,1643,11872,Ollama,18848
1791355400,proc,1664,11872,ollama,20480
1791355400,proc,14165,10768,translationd,327760
1791355400,proc,22597,1600,GenerativeExperiencesSafetyInferenceProvider,6848
1791355400,proc,22756,3363840,Python,25856
1791355400,proc,24758,3424,intelligenceflowd,7712
1791355400,proc,25795,39456,node,0
1791355400,proc,26408,90032,xcodebuild,0
1791355400,proc,26498,371840,SWBBuildService,0
1791355400,proc,26531,95984,ibtoold,0
1791355400,proc,26587,32752,AMPLibraryAgent,0
1791355400,proc,26610,1344,aneuserd,0
1791355400,proc,26904,327424,swift-frontend,0
1791355400,proc,26907,388400,swift-frontend,0
1791355400,proc,26939,139744,ibtoold,0
1791355400,proc,27021,39552,AssetCatalogAgent-AssetRuntime,0
1791355400,proc,27036,125632,(swift-frontend),0
1791355400,proc,67031,1584,IntelligencePlatformComputeService,2144
1791355400,proc,89138,1312,generativeexperiencesd,1936
1791355400,sys,8999409,60,92822,
1791355401,proc,1081,1280,aned,11680
1791355401,proc,1643,11872,Ollama,18848
1791355401,proc,1664,11872,ollama,20480
1791355401,proc,12730,27472,mobileassetd,3104
1791355401,proc,14165,10912,translationd,327760
1791355401,proc,22597,1600,GenerativeExperiencesSafetyInferenceProvider,6848
1791355401,proc,22756,3793584,Python,25856
1791355401,proc,24758,3888,intelligenceflowd,7712
1791355401,proc,25795,39456,node,0
1791355401,proc,26408,90672,xcodebuild,0
1791355401,proc,26498,373936,SWBBuildService,0
1791355401,proc,26531,95984,ibtoold,0
1791355401,proc,26587,32752,AMPLibraryAgent,0
1791355401,proc,26610,1344,aneuserd,0
1791355401,proc,26939,140800,ibtoold,0
1791355401,proc,27070,21728,axassetsd,0
1791355401,proc,27125,73024,(swift-frontend),0
1791355401,proc,27134,67968,swift-frontend,0
1791355401,proc,27138,51296,swift-frontend,0
1791355401,proc,67031,2080,IntelligencePlatformComputeService,2144
1791355401,proc,89138,1872,generativeexperiencesd,1936
1791355401,sys,8999409,60,57623,
1791355402,proc,1081,1280,aned,11680
1791355402,proc,1643,11872,Ollama,18848
1791355402,proc,1664,11872,ollama,20480
1791355402,proc,12730,30416,mobileassetd,3104
1791355402,proc,14165,10912,translationd,327760
1791355402,proc,22597,1600,GenerativeExperiencesSafetyInferenceProvider,6848
1791355402,proc,22756,4031184,Python,25856
1791355402,proc,24758,3888,intelligenceflowd,7712
1791355402,proc,25795,39456,node,0
1791355402,proc,26408,90800,xcodebuild,0
1791355402,proc,26498,373888,SWBBuildService,0
1791355402,proc,26531,96016,ibtoold,0
1791355402,proc,26587,32720,AMPLibraryAgent,0
1791355402,proc,26610,1344,aneuserd,0
1791355402,proc,26939,140800,ibtoold,0
1791355402,proc,27070,21680,axassetsd,0
1791355402,proc,27172,156192,swift-frontend,0
1791355402,proc,67031,2080,IntelligencePlatformComputeService,2144
1791355402,proc,89138,1872,generativeexperiencesd,1936
1791355402,sys,8999409,60,11811,
1791355403,proc,1081,1232,aned,11680
1791355403,proc,1643,11872,Ollama,18848
1791355403,proc,1664,11872,ollama,20480
1791355403,proc,12730,30064,mobileassetd,3104
1791355403,proc,14165,10912,translationd,327760
1791355403,proc,22597,1600,GenerativeExperiencesSafetyInferenceProvider,6848
1791355403,proc,22756,4095504,Python,25856
1791355403,proc,24758,3888,intelligenceflowd,7712
1791355403,proc,25795,39456,node,0
1791355403,proc,26408,90944,xcodebuild,0
1791355403,proc,26498,374128,SWBBuildService,0
1791355403,proc,26531,96016,ibtoold,0
1791355403,proc,26610,1344,aneuserd,0
1791355403,proc,26939,140800,ibtoold,0
1791355403,proc,27070,23712,axassetsd,0
1791355403,proc,27215,27392,WardaSynthesizer,0
1791355403,proc,27226,239504,swift-frontend,0
1791355403,proc,27227,235152,swift-frontend,0
1791355403,proc,27228,200544,swift-frontend,0
1791355403,proc,27229,38240,SiriAUSP,0
1791355403,proc,27248,38128,MacinTalkAUSP,0
1791355403,proc,27250,37792,MauiAUSP,0
1791355403,proc,27251,35952,KonaSynthesizer,0
1791355403,proc,67031,2080,IntelligencePlatformComputeService,2144
1791355403,proc,89138,1872,generativeexperiencesd,1936
1791355403,sys,8999409,60,4247,
1791355404,proc,1081,1168,aned,11680
1791355404,proc,1643,11872,Ollama,18848
1791355404,proc,1664,11872,ollama,20480
1791355404,proc,12730,28544,mobileassetd,3104
1791355404,proc,14165,10304,translationd,327760
1791355404,proc,22597,1600,GenerativeExperiencesSafetyInferenceProvider,6848
1791355404,proc,22756,3794608,Python,25856
1791355404,proc,24758,3888,intelligenceflowd,7712
1791355404,proc,25795,39456,node,0
1791355404,proc,26408,90640,xcodebuild,0
1791355404,proc,26498,338304,SWBBuildService,0
1791355404,proc,26531,94352,ibtoold,0
1791355404,proc,26610,1344,aneuserd,0
1791355404,proc,26939,137264,ibtoold,0
1791355404,proc,27070,20848,axassetsd,0
1791355404,proc,27215,20608,WardaSynthesizer,0
1791355404,proc,27226,346288,swift-frontend,0
1791355404,proc,27227,362144,swift-frontend,0
1791355404,proc,27228,353296,swift-frontend,0
1791355404,proc,27229,32864,SiriAUSP,0
1791355404,proc,27248,33792,MacinTalkAUSP,0
1791355404,proc,27250,33440,MauiAUSP,0
1791355404,proc,27251,31712,KonaSynthesizer,0
1791355404,proc,67031,2080,IntelligencePlatformComputeService,2144
1791355404,proc,89138,1872,generativeexperiencesd,1936
1791355404,sys,8999409,61,3899,
1791355405,proc,1081,1168,aned,11680
1791355405,proc,1643,11872,Ollama,18848
1791355405,proc,1664,11872,ollama,20480
1791355405,proc,12730,25920,mobileassetd,3104
1791355405,proc,14165,10704,translationd,327760
1791355405,proc,22597,1600,GenerativeExperiencesSafetyInferenceProvider,6848
1791355405,proc,22756,3835408,Python,25856
1791355405,proc,24758,3888,intelligenceflowd,7712
1791355405,proc,25795,39456,node,0
1791355405,proc,26408,90624,xcodebuild,0
1791355405,proc,26498,337408,SWBBuildService,0
1791355405,proc,26531,94336,ibtoold,0
1791355405,proc,26610,1344,aneuserd,0
1791355405,proc,26939,137216,ibtoold,0
1791355405,proc,27215,20608,WardaSynthesizer,0
1791355405,proc,27229,32864,SiriAUSP,0
1791355405,proc,27248,33792,MacinTalkAUSP,0
1791355405,proc,27250,33440,MauiAUSP,0
1791355405,proc,27251,31712,KonaSynthesizer,0
1791355405,proc,67031,1584,IntelligencePlatformComputeService,2144
1791355405,proc,89138,1872,generativeexperiencesd,1936
1791355405,sys,8999409,61,41744,
1791355407,proc,1081,1168,aned,11680
1791355407,proc,1643,11984,Ollama,18848
1791355407,proc,1664,11872,ollama,20480
1791355407,proc,12730,26928,mobileassetd,3104
1791355407,proc,14165,10768,translationd,327760
1791355407,proc,22597,1600,GenerativeExperiencesSafetyInferenceProvider,6848
1791355407,proc,22756,3876288,Python,25856
1791355407,proc,24758,3888,intelligenceflowd,7712
1791355407,proc,25795,39456,node,0
1791355407,proc,26408,91280,xcodebuild,0
1791355407,proc,26498,354896,SWBBuildService,0
1791355407,proc,26531,92704,ibtoold,0
1791355407,proc,26610,1344,aneuserd,0
1791355407,proc,26939,135440,ibtoold,0
1791355407,proc,27215,20608,WardaSynthesizer,0
1791355407,proc,27229,32864,SiriAUSP,0
1791355407,proc,27248,33792,MacinTalkAUSP,0
1791355407,proc,27250,33440,MauiAUSP,0
1791355407,proc,27251,31712,KonaSynthesizer,0
1791355407,proc,27340,71664,embeddedBinaryValidationUtility,0
1791355407,proc,67031,1584,IntelligencePlatformComputeService,2144
1791355407,proc,89138,5056,generativeexperiencesd,1936
1791355407,sys,8999409,61,12809,
1791355408,proc,1081,2080,aned,11680
1791355408,proc,1306,37824,Siri AI,10272
1791355408,proc,1643,11984,Ollama,18848
1791355408,proc,1664,11872,ollama,20480
1791355408,proc,12730,26928,mobileassetd,3104
1791355408,proc,14165,10848,translationd,327760
1791355408,proc,22597,1600,GenerativeExperiencesSafetyInferenceProvider,6848
1791355408,proc,22756,3900832,Python,25856
1791355408,proc,24758,3904,intelligenceflowd,7712
1791355408,proc,25795,39456,node,0
1791355408,proc,26531,92768,ibtoold,0
1791355408,proc,26610,1920,aneuserd,0
1791355408,proc,26939,135440,ibtoold,0
1791355408,proc,27215,20608,WardaSynthesizer,0
1791355408,proc,27229,32864,SiriAUSP,0
1791355408,proc,27248,33792,MacinTalkAUSP,0
1791355408,proc,27250,33440,MauiAUSP,0
1791355408,proc,27251,31712,KonaSynthesizer,0
1791355408,proc,67031,2080,IntelligencePlatformComputeService,2144
1791355408,proc,89138,5056,generativeexperiencesd,1936
1791355408,sys,8999409,61,17597,
1791355409,proc,1081,2080,aned,11680
1791355409,proc,1306,37824,Siri AI,10272
1791355409,proc,1643,11984,Ollama,18848
1791355409,proc,1664,11872,ollama,20480
1791355409,proc,12730,27600,mobileassetd,3104
1791355409,proc,14165,10848,translationd,327760
1791355409,proc,22597,1600,GenerativeExperiencesSafetyInferenceProvider,6848
1791355409,proc,22756,3901184,Python,25856
1791355409,proc,24758,3904,intelligenceflowd,7712
1791355409,proc,25795,39456,node,0
1791355409,proc,26531,92768,ibtoold,0
1791355409,proc,26610,1920,aneuserd,0
1791355409,proc,26939,135440,ibtoold,0
1791355409,proc,27215,20608,WardaSynthesizer,0
1791355409,proc,27229,32864,SiriAUSP,0
1791355409,proc,27248,33792,MacinTalkAUSP,0
1791355409,proc,27250,33440,MauiAUSP,0
1791355409,proc,27251,31712,KonaSynthesizer,0
1791355409,proc,67031,2080,IntelligencePlatformComputeService,2144
1791355409,proc,89138,5056,generativeexperiencesd,1936
1791355409,sys,8999409,61,13050,
1791355410,proc,1081,2080,aned,11680
1791355410,proc,1306,37888,Siri AI,10272
1791355410,proc,1643,11984,Ollama,18848
1791355410,proc,1664,11872,ollama,20480
1791355410,proc,12730,31152,mobileassetd,3104
1791355410,proc,14165,10944,translationd,327760
1791355410,proc,14389,47280,Safari,14864
1791355410,proc,22597,1600,GenerativeExperiencesSafetyInferenceProvider,6848
1791355410,proc,22756,3914992,Python,25856
1791355410,proc,24758,4048,intelligenceflowd,7712
1791355410,proc,25795,39456,node,0
1791355410,proc,26531,92768,ibtoold,0
1791355410,proc,26610,1920,aneuserd,0
1791355410,proc,26939,135424,ibtoold,0
1791355410,proc,27215,20608,WardaSynthesizer,0
1791355410,proc,27229,32864,SiriAUSP,0
1791355410,proc,27248,33792,MacinTalkAUSP,0
1791355410,proc,27250,33440,MauiAUSP,0
1791355410,proc,27251,31712,KonaSynthesizer,0
1791355410,proc,27483,34128,BackgroundShortcutRunner,0
1791355410,proc,67031,2080,IntelligencePlatformComputeService,2144
1791355410,proc,89138,5104,generativeexperiencesd,1936
1791355410,sys,8999409,63,4158,
1791355411,proc,1081,2080,aned,11680
1791355411,proc,1306,37888,Siri AI,10272
1791355411,proc,1643,11984,Ollama,18848
1791355411,proc,1664,11872,ollama,20480
1791355411,proc,12730,30032,mobileassetd,3104
1791355411,proc,14165,10944,translationd,327760
1791355411,proc,14236,24160,siriactionsd,2384
1791355411,proc,14389,47280,Safari,14864
1791355411,proc,22597,1600,GenerativeExperiencesSafetyInferenceProvider,6848
1791355411,proc,22756,3287744,Python,25856
1791355411,proc,24758,18416,intelligenceflowd,7712
1791355411,proc,25795,39456,node,0
1791355411,proc,26531,92768,ibtoold,0
1791355411,proc,26610,1920,aneuserd,0
1791355411,proc,26939,135424,ibtoold,0
1791355411,proc,27215,20608,WardaSynthesizer,0
1791355411,proc,27229,32864,SiriAUSP,0
1791355411,proc,27248,33792,MacinTalkAUSP,0
1791355411,proc,27250,33440,MauiAUSP,0
1791355411,proc,27251,31712,KonaSynthesizer,0
1791355411,proc,67031,2080,IntelligencePlatformComputeService,2144
1791355411,proc,89138,11440,generativeexperiencesd,1936
1791355411,sys,8999409,63,43764,
1791355412,proc,1081,4256,aned,11680
1791355412,proc,1306,37888,Siri AI,10272
1791355412,proc,1643,11984,Ollama,18848
1791355412,proc,1664,11872,ollama,20480
1791355412,proc,12730,30752,mobileassetd,3104
1791355412,proc,14165,10944,translationd,327760
1791355412,proc,14236,24160,siriactionsd,2384
1791355412,proc,14389,47280,Safari,14864
1791355412,proc,22597,1600,GenerativeExperiencesSafetyInferenceProvider,6848
1791355412,proc,22756,3363200,Python,25856
1791355412,proc,24758,23216,intelligenceflowd,7712
1791355412,proc,25795,39472,node,0
1791355412,proc,26531,92816,ibtoold,0
1791355412,proc,26610,1920,aneuserd,0
1791355412,proc,26939,135424,ibtoold,0
1791355412,proc,27215,20608,WardaSynthesizer,0
1791355412,proc,27229,32864,SiriAUSP,0
1791355412,proc,27248,33792,MacinTalkAUSP,0
1791355412,proc,27250,33440,MauiAUSP,0
1791355412,proc,27251,31712,KonaSynthesizer,0
1791355412,proc,67031,2080,IntelligencePlatformComputeService,2144
1791355412,proc,89138,11440,generativeexperiencesd,1936
1791355412,sys,8999409,63,39931,
1791355413,proc,1081,4320,aned,11680
1791355413,proc,1306,37856,Siri AI,10272
1791355413,proc,1643,11984,Ollama,18848
1791355413,proc,1664,11872,ollama,20480
1791355413,proc,12730,30752,mobileassetd,3104
1791355413,proc,14165,10944,translationd,327760
1791355413,proc,14236,24160,siriactionsd,2384
1791355413,proc,14389,47232,Safari,14864
1791355413,proc,22597,1600,GenerativeExperiencesSafetyInferenceProvider,6848
1791355413,proc,22756,3562016,Python,25856
1791355413,proc,24758,23184,intelligenceflowd,7712
1791355413,proc,25795,39472,node,0
1791355413,proc,26531,92816,ibtoold,0
1791355413,proc,26610,1920,aneuserd,0
1791355413,proc,26939,135424,ibtoold,0
1791355413,proc,27215,20608,WardaSynthesizer,0
1791355413,proc,27229,32864,SiriAUSP,0
1791355413,proc,27248,33792,MacinTalkAUSP,0
1791355413,proc,27250,33440,MauiAUSP,0
1791355413,proc,27251,31712,KonaSynthesizer,0
1791355413,proc,67031,2080,IntelligencePlatformComputeService,2144
1791355413,proc,89138,11440,generativeexperiencesd,1936
1791355413,sys,8999409,63,52302,
1791355414,proc,1081,4320,aned,11680
1791355414,proc,1306,37856,Siri AI,10272
1791355414,proc,1643,11984,Ollama,18848
1791355414,proc,1664,20672,ollama,20480
1791355414,proc,12730,30752,mobileassetd,3104
1791355414,proc,14165,11024,translationd,327760
1791355414,proc,14236,24240,siriactionsd,2384
1791355414,proc,14389,47232,Safari,14864
1791355414,proc,22597,1600,GenerativeExperiencesSafetyInferenceProvider,6848
1791355414,proc,22756,3562832,Python,25856
1791355414,proc,24758,23184,intelligenceflowd,7712
1791355414,proc,25795,39472,node,0
1791355414,proc,26531,92816,ibtoold,0
1791355414,proc,26610,1920,aneuserd,0
1791355414,proc,26939,135424,ibtoold,0
1791355414,proc,27215,20608,WardaSynthesizer,0
1791355414,proc,27229,32864,SiriAUSP,0
1791355414,proc,27248,33792,MacinTalkAUSP,0
1791355414,proc,27250,33440,MauiAUSP,0
1791355414,proc,27251,31712,KonaSynthesizer,0
1791355414,proc,67031,2080,IntelligencePlatformComputeService,2144
1791355414,proc,89138,11440,generativeexperiencesd,1936
1791355414,sys,8999409,63,50229,
1791355415,proc,1081,4320,aned,11680
1791355415,proc,1306,37856,Siri AI,10272
1791355415,proc,1643,11984,Ollama,18848
1791355415,proc,1664,20672,ollama,20480
1791355415,proc,12730,30752,mobileassetd,3104
1791355415,proc,14165,11024,translationd,327760
1791355415,proc,14236,26176,siriactionsd,2384
1791355415,proc,14389,47552,Safari,14864
1791355415,proc,22597,1600,GenerativeExperiencesSafetyInferenceProvider,6848
1791355415,proc,22756,3733360,Python,25856
1791355415,proc,24758,23184,intelligenceflowd,7712
1791355415,proc,26531,92816,ibtoold,0
1791355415,proc,26610,1920,aneuserd,0
1791355415,proc,26939,135376,ibtoold,0
1791355415,proc,27215,20608,WardaSynthesizer,0
1791355415,proc,27229,32864,SiriAUSP,0
1791355415,proc,27248,33792,MacinTalkAUSP,0
1791355415,proc,27250,33440,MauiAUSP,0
1791355415,proc,27251,31712,KonaSynthesizer,0
1791355415,proc,27634,58128,node,0
1791355415,proc,67031,2080,IntelligencePlatformComputeService,2144
1791355415,proc,89138,11440,generativeexperiencesd,1936
1791355415,sys,8999409,66,39864,
1791355416,proc,1081,4320,aned,11680
1791355416,proc,1306,37856,Siri AI,10272
1791355416,proc,1643,11984,Ollama,18848
1791355416,proc,1664,20672,ollama,20480
1791355416,proc,12730,30752,mobileassetd,3104
1791355416,proc,14165,11024,translationd,327760
1791355416,proc,14236,26128,siriactionsd,2384
1791355416,proc,14389,47552,Safari,14864
1791355416,proc,22597,1600,GenerativeExperiencesSafetyInferenceProvider,6848
1791355416,proc,22756,3891968,Python,25856
1791355416,proc,24758,23120,intelligenceflowd,7712
1791355416,proc,26531,92816,ibtoold,0
1791355416,proc,26610,1920,aneuserd,0
1791355416,proc,26939,135376,ibtoold,0
1791355416,proc,27215,20608,WardaSynthesizer,0
1791355416,proc,27229,32864,SiriAUSP,0
1791355416,proc,27248,33792,MacinTalkAUSP,0
1791355416,proc,27250,33440,MauiAUSP,0
1791355416,proc,27251,31712,KonaSynthesizer,0
1791355416,proc,27634,58128,node,0
1791355416,proc,27669,22000,mdworker_shared,0
1791355416,proc,67031,2080,IntelligencePlatformComputeService,2144
1791355416,proc,89138,11296,generativeexperiencesd,1936
1791355416,sys,8999409,66,29791,
1791355417,proc,1081,4352,aned,11680
1791355417,proc,1306,35552,Siri AI,10272
1791355417,proc,1643,11984,Ollama,18848
1791355417,proc,1664,20672,ollama,20480
1791355417,proc,12730,30624,mobileassetd,3104
1791355417,proc,14165,11024,translationd,327760
1791355417,proc,14389,47568,Safari,14864
1791355417,proc,22597,1600,GenerativeExperiencesSafetyInferenceProvider,6848
1791355417,proc,22756,4223856,Python,25856
1791355417,proc,24758,23120,intelligenceflowd,7712
1791355417,proc,26531,92816,ibtoold,0
1791355417,proc,26610,1920,aneuserd,0
1791355417,proc,26939,135376,ibtoold,0
1791355417,proc,27215,20608,WardaSynthesizer,0
1791355417,proc,27229,32864,SiriAUSP,0
1791355417,proc,27248,33792,MacinTalkAUSP,0
1791355417,proc,27250,33440,MauiAUSP,0
1791355417,proc,27251,31712,KonaSynthesizer,0
1791355417,proc,27634,58176,node,0
1791355417,proc,67031,2080,IntelligencePlatformComputeService,2144
1791355417,proc,89138,11296,generativeexperiencesd,1936
1791355417,sys,8999409,66,6543,
1791355418,proc,580,48544,mds,12784
1791355418,proc,1081,4352,aned,11680
1791355418,proc,1306,35584,Siri AI,10272
1791355418,proc,1643,11984,Ollama,18848
1791355418,proc,1664,20672,ollama,20480
1791355418,proc,12730,30624,mobileassetd,3104
1791355418,proc,14165,11024,translationd,327760
1791355418,proc,14389,51040,Safari,14864
1791355418,proc,22597,1600,GenerativeExperiencesSafetyInferenceProvider,6848
1791355418,proc,22756,4346128,Python,25856
1791355418,proc,24758,23120,intelligenceflowd,7712
1791355418,proc,26531,92816,ibtoold,0
1791355418,proc,26610,1920,aneuserd,0
1791355418,proc,26939,135376,ibtoold,0
1791355418,proc,27215,20608,WardaSynthesizer,0
1791355418,proc,27229,32864,SiriAUSP,0
1791355418,proc,27248,33792,MacinTalkAUSP,0
1791355418,proc,27250,33440,MauiAUSP,0
1791355418,proc,27251,31712,KonaSynthesizer,0
1791355418,proc,27634,58176,node,0
1791355418,proc,27705,75280,com.apple.siri.embeddedspeech,0
1791355418,proc,67031,2080,IntelligencePlatformComputeService,2144
1791355418,proc,89138,11296,generativeexperiencesd,1936
1791355418,sys,8999409,66,4178,
1791355420,proc,580,45392,mds,12784
1791355420,proc,1081,4208,aned,11680
1791355420,proc,1306,35952,Siri AI,10272
1791355420,proc,1643,11984,Ollama,18848
1791355420,proc,1664,20672,ollama,20480
1791355420,proc,12730,23856,mobileassetd,3104
1791355420,proc,14165,10992,translationd,327760
1791355420,proc,14389,49168,Safari,14864
1791355420,proc,22597,1600,GenerativeExperiencesSafetyInferenceProvider,6848
1791355420,proc,22756,4532624,Python,25856
1791355420,proc,24758,23120,intelligenceflowd,7712
1791355420,proc,26531,92816,ibtoold,0
1791355420,proc,26610,1632,aneuserd,0
1791355420,proc,26939,135376,ibtoold,0
1791355420,proc,27215,20608,WardaSynthesizer,0
1791355420,proc,27229,32864,SiriAUSP,0
1791355420,proc,27248,33792,MacinTalkAUSP,0
1791355420,proc,27250,33440,MauiAUSP,0
1791355420,proc,27251,31712,KonaSynthesizer,0
1791355420,proc,27634,58128,node,0
1791355420,proc,27705,123504,com.apple.siri.embeddedspeech,0
1791355420,proc,67031,2080,IntelligencePlatformComputeService,2144
1791355420,proc,89138,11296,generativeexperiencesd,1936
1791355420,sys,8999409,66,4283,
1791355421,proc,580,44816,mds,12784
1791355421,proc,1081,4208,aned,11680
1791355421,proc,1306,34640,Siri AI,10272
1791355421,proc,1643,11408,Ollama,18848
1791355421,proc,1664,20672,ollama,20480
1791355421,proc,14165,10672,translationd,327760
1791355421,proc,14389,47296,Safari,14864
1791355421,proc,22597,1600,GenerativeExperiencesSafetyInferenceProvider,6848
1791355421,proc,22756,4711856,Python,25856
1791355421,proc,24758,23120,intelligenceflowd,7712
1791355421,proc,26531,92624,ibtoold,0
1791355421,proc,26610,1632,aneuserd,0
1791355421,proc,26939,132784,ibtoold,0
1791355421,proc,27215,20608,WardaSynthesizer,0
1791355421,proc,27229,32864,SiriAUSP,0
1791355421,proc,27248,33792,MacinTalkAUSP,0
1791355421,proc,27250,33440,MauiAUSP,0
1791355421,proc,27251,31712,KonaSynthesizer,0
1791355421,proc,27634,58144,node,0
1791355421,proc,27705,120032,com.apple.siri.embeddedspeech,0
1791355421,proc,67031,2080,IntelligencePlatformComputeService,2144
1791355421,proc,89138,11024,generativeexperiencesd,1936
1791355421,sys,8999409,66,4539,
1791355422,proc,580,44752,mds,12784
1791355422,proc,1081,3296,aned,11680
1791355422,proc,1643,11392,Ollama,18848
1791355422,proc,1664,16288,ollama,20480
1791355422,proc,14165,10544,translationd,327760
1791355422,proc,22597,1600,GenerativeExperiencesSafetyInferenceProvider,6848
1791355422,proc,22756,4843872,Python,25856
1791355422,proc,24758,14880,intelligenceflowd,7712
1791355422,proc,26531,92528,ibtoold,0
1791355422,proc,26610,1056,aneuserd,0
1791355422,proc,26939,132784,ibtoold,0
1791355422,proc,27215,20608,WardaSynthesizer,0
1791355422,proc,27229,32864,SiriAUSP,0
1791355422,proc,27248,33792,MacinTalkAUSP,0
1791355422,proc,27250,33440,MauiAUSP,0
1791355422,proc,27251,31712,KonaSynthesizer,0
1791355422,proc,27634,54656,node,0
1791355422,proc,27705,107520,com.apple.siri.embeddedspeech,0
1791355422,proc,27832,22688,mdworker_shared,0
1791355422,proc,67031,2080,IntelligencePlatformComputeService,2144
1791355422,proc,89138,7024,generativeexperiencesd,1936
1791355422,sys,8999409,66,4330,
1791355423,proc,1081,3296,aned,11680
1791355423,proc,1643,11392,Ollama,18848
1791355423,proc,1664,16288,ollama,20480
1791355423,proc,14165,10432,translationd,327760
1791355423,proc,22597,1600,GenerativeExperiencesSafetyInferenceProvider,6848
1791355423,proc,22756,4992032,Python,25856
1791355423,proc,24758,14992,intelligenceflowd,7712
1791355423,proc,26531,92528,ibtoold,0
1791355423,proc,26610,1056,aneuserd,0
1791355423,proc,26939,132800,ibtoold,0
1791355423,proc,27215,20608,WardaSynthesizer,0
1791355423,proc,27229,32864,SiriAUSP,0
1791355423,proc,27248,33792,MacinTalkAUSP,0
1791355423,proc,27250,33440,MauiAUSP,0
1791355423,proc,27251,31712,KonaSynthesizer,0
1791355423,proc,27634,55792,node,0
1791355423,proc,27705,23568,com.apple.siri.embeddedspeech,0
1791355423,proc,27832,22688,mdworker_shared,0
1791355423,proc,67031,2080,IntelligencePlatformComputeService,2144
1791355423,proc,89138,7040,generativeexperiencesd,1936
1791355423,sys,8999409,66,4475,
1791355424,proc,1081,2944,aned,11680
1791355424,proc,1643,10736,Ollama,18848
1791355424,proc,1664,12848,ollama,20480
1791355424,proc,14165,10256,translationd,327760
1791355424,proc,14236,29680,siriactionsd,2384
1791355424,proc,22597,1600,GenerativeExperiencesSafetyInferenceProvider,6848
1791355424,proc,22756,4869184,Python,25856
1791355424,proc,24758,14960,intelligenceflowd,7712
1791355424,proc,26531,92544,ibtoold,0
1791355424,proc,26610,1056,aneuserd,0
1791355424,proc,26939,132800,ibtoold,0
1791355424,proc,27215,20608,WardaSynthesizer,0
1791355424,proc,27229,32864,SiriAUSP,0
1791355424,proc,27248,33792,MacinTalkAUSP,0
1791355424,proc,27250,33440,MauiAUSP,0
1791355424,proc,27251,31712,KonaSynthesizer,0
1791355424,proc,27634,49696,node,0
1791355424,proc,27833,28592,BackgroundShortcutRunner,0
1791355424,proc,67031,1584,IntelligencePlatformComputeService,2144
1791355424,proc,89138,6208,generativeexperiencesd,1936
1791355424,sys,8999409,66,4093,
1791355425,proc,1081,2784,aned,11680
1791355425,proc,1643,10736,Ollama,18848
1791355425,proc,1664,12848,ollama,20480
1791355425,proc,14165,10256,translationd,327760
1791355425,proc,14236,36720,siriactionsd,2384
1791355425,proc,22597,1600,GenerativeExperiencesSafetyInferenceProvider,6848
1791355425,proc,22756,4803584,Python,25856
1791355425,proc,24758,14272,intelligenceflowd,7712
1791355425,proc,26531,92384,ibtoold,0
1791355425,proc,26610,1056,aneuserd,0
1791355425,proc,26939,126672,ibtoold,0
1791355425,proc,27215,20608,WardaSynthesizer,0
1791355425,proc,27229,32864,SiriAUSP,0
1791355425,proc,27248,33792,MacinTalkAUSP,0
1791355425,proc,27250,33440,MauiAUSP,0
1791355425,proc,27251,31712,KonaSynthesizer,0
1791355425,proc,27634,49552,node,0
1791355425,proc,27833,34384,BackgroundShortcutRunner,0
1791355425,proc,67031,1584,IntelligencePlatformComputeService,2144
1791355425,proc,89138,6128,generativeexperiencesd,1936
1791355425,sys,8999409,66,9156,
1791355426,proc,1081,2784,aned,11680
1791355426,proc,1643,10736,Ollama,18848
1791355426,proc,1664,12848,ollama,20480
1791355426,proc,14165,10304,translationd,327760
1791355426,proc,14236,27632,siriactionsd,2384
1791355426,proc,22597,1600,GenerativeExperiencesSafetyInferenceProvider,6848
1791355426,proc,22756,4455648,Python,25856
1791355426,proc,24758,14064,intelligenceflowd,7712
1791355426,proc,26531,86240,ibtoold,0
1791355426,proc,26610,1056,aneuserd,0
1791355426,proc,26939,99840,ibtoold,0
1791355426,proc,27215,20608,WardaSynthesizer,0
1791355426,proc,27229,32864,SiriAUSP,0
1791355426,proc,27248,33792,MacinTalkAUSP,0
1791355426,proc,27250,33440,MauiAUSP,0
1791355426,proc,27251,31712,KonaSynthesizer,0
1791355426,proc,27634,49344,node,0
1791355426,proc,27833,34272,BackgroundShortcutRunner,0
1791355426,proc,65475,333824,claude,305216
1791355426,proc,67031,1584,IntelligencePlatformComputeService,2144
1791355426,proc,89138,7440,generativeexperiencesd,1936
1791355426,sys,8999409,59,3614,
1791355427,proc,1081,2768,aned,11680
1791355427,proc,1643,17632,Ollama,18848
1791355427,proc,1664,12848,ollama,20480
1791355427,proc,14165,10288,translationd,327760
1791355427,proc,14236,26704,siriactionsd,2384
1791355427,proc,22597,1600,GenerativeExperiencesSafetyInferenceProvider,6848
1791355427,proc,22756,4541600,Python,25856
1791355427,proc,24758,14032,intelligenceflowd,7712
1791355427,proc,26531,86080,ibtoold,0
1791355427,proc,26610,1056,aneuserd,0
1791355427,proc,26939,99056,ibtoold,0
1791355427,proc,27215,20608,WardaSynthesizer,0
1791355427,proc,27229,32864,SiriAUSP,0
1791355427,proc,27248,33792,MacinTalkAUSP,0
1791355427,proc,27250,33440,MauiAUSP,0
1791355427,proc,27251,31712,KonaSynthesizer,0
1791355427,proc,27634,49264,node,0
1791355427,proc,27833,36624,BackgroundShortcutRunner,0
1791355427,proc,67031,1584,IntelligencePlatformComputeService,2144
1791355427,proc,89138,6128,generativeexperiencesd,1936
1791355427,sys,8999409,59,4381,
1791355428,proc,1081,2768,aned,11680
1791355428,proc,1643,12320,Ollama,18848
1791355428,proc,1664,12848,ollama,20480
1791355428,proc,14165,9152,translationd,327760
1791355428,proc,14236,24880,siriactionsd,2384
1791355428,proc,22597,1600,GenerativeExperiencesSafetyInferenceProvider,6848
1791355428,proc,22756,4337056,Python,25856
1791355428,proc,24758,14160,intelligenceflowd,7712
1791355428,proc,26531,82896,ibtoold,0
1791355428,proc,26610,1056,aneuserd,0
1791355428,proc,26939,97872,ibtoold,0
1791355428,proc,27215,20592,WardaSynthesizer,0
1791355428,proc,27229,32864,SiriAUSP,0
1791355428,proc,27248,33792,MacinTalkAUSP,0
1791355428,proc,27250,33440,MauiAUSP,0
1791355428,proc,27251,31712,KonaSynthesizer,0
1791355428,proc,27634,49264,node,0
1791355428,proc,27833,39056,BackgroundShortcutRunner,0
1791355428,proc,67031,1584,IntelligencePlatformComputeService,2144
1791355428,proc,89138,6128,generativeexperiencesd,1936
1791355428,sys,8999409,59,6921,
1791355429,proc,1081,2768,aned,11680
1791355429,proc,1643,12320,Ollama,18848
1791355429,proc,1664,12848,ollama,20480
1791355429,proc,14165,9152,translationd,327760
1791355429,proc,14236,27152,siriactionsd,2384
1791355429,proc,22597,1600,GenerativeExperiencesSafetyInferenceProvider,6848
1791355429,proc,22756,4738704,Python,25856
1791355429,proc,24758,13984,intelligenceflowd,7712
1791355429,proc,26531,82880,ibtoold,0
1791355429,proc,26610,1056,aneuserd,0
1791355429,proc,26939,82816,ibtoold,0
1791355429,proc,27229,29856,SiriAUSP,0
1791355429,proc,27248,29856,MacinTalkAUSP,0
1791355429,proc,27250,29552,MauiAUSP,0
1791355429,proc,27251,29856,KonaSynthesizer,0
1791355429,proc,27634,49264,node,0
1791355429,proc,27833,38208,BackgroundShortcutRunner,0
1791355429,proc,67031,1584,IntelligencePlatformComputeService,2144
1791355429,proc,89138,6128,generativeexperiencesd,1936
1791355429,sys,8999409,59,5866,
1791355431,proc,1081,2768,aned,11680
1791355431,proc,1643,12096,Ollama,18848
1791355431,proc,1664,12848,ollama,20480
1791355431,proc,14165,9056,translationd,327760
1791355431,proc,22597,1600,GenerativeExperiencesSafetyInferenceProvider,6848
1791355431,proc,22756,4519024,Python,25856
1791355431,proc,24758,13472,intelligenceflowd,7712
1791355431,proc,26531,82784,ibtoold,0
1791355431,proc,26610,1056,aneuserd,0
1791355431,proc,26939,83632,ibtoold,0
1791355431,proc,27229,29840,SiriAUSP,0
1791355431,proc,27248,29856,MacinTalkAUSP,0
1791355431,proc,27250,29552,MauiAUSP,0
1791355431,proc,27251,29824,KonaSynthesizer,0
1791355431,proc,27634,49248,node,0
1791355431,proc,27833,39264,BackgroundShortcutRunner,0
1791355431,proc,67031,1584,IntelligencePlatformComputeService,2144
1791355431,proc,89138,3680,generativeexperiencesd,1936
1791355431,sys,8999409,59,5057,
1791355432,proc,1081,1136,aned,11680
1791355432,proc,1643,12096,Ollama,18848
1791355432,proc,1664,11872,ollama,20480
1791355432,proc,14165,9040,translationd,327760
1791355432,proc,14236,23488,siriactionsd,2384
1791355432,proc,22597,1600,GenerativeExperiencesSafetyInferenceProvider,6848
1791355432,proc,22756,4426752,Python,25856
1791355432,proc,24758,3504,intelligenceflowd,7712
1791355432,proc,26531,83184,ibtoold,0
1791355432,proc,26610,1056,aneuserd,0
1791355432,proc,26939,83168,ibtoold,0
1791355432,proc,27229,29840,SiriAUSP,0
1791355432,proc,27248,29856,MacinTalkAUSP,0
1791355432,proc,27250,29552,MauiAUSP,0
1791355432,proc,27251,29824,KonaSynthesizer,0
1791355432,proc,27634,46656,node,0
1791355432,proc,27833,41664,BackgroundShortcutRunner,0
1791355432,proc,67031,1584,IntelligencePlatformComputeService,2144
1791355432,proc,89138,1984,generativeexperiencesd,1936
1791355432,sys,8999409,54,4556,
1791355433,proc,1081,1136,aned,11680
1791355433,proc,1643,12096,Ollama,18848
1791355433,proc,1664,11872,ollama,20480
1791355433,proc,14165,9520,translationd,327760
1791355433,proc,14236,27952,siriactionsd,2384
1791355433,proc,22597,1600,GenerativeExperiencesSafetyInferenceProvider,6848
1791355433,proc,22756,4439744,Python,25856
1791355433,proc,24758,3504,intelligenceflowd,7712
1791355433,proc,26531,82720,ibtoold,0
1791355433,proc,26610,1056,aneuserd,0
1791355433,proc,26939,83200,ibtoold,0
1791355433,proc,27229,29856,SiriAUSP,0
1791355433,proc,27248,29856,MacinTalkAUSP,0
1791355433,proc,27250,29552,MauiAUSP,0
1791355433,proc,27251,29840,KonaSynthesizer,0
1791355433,proc,27634,46672,node,0
1791355433,proc,67031,1584,IntelligencePlatformComputeService,2144
1791355433,proc,89138,3392,generativeexperiencesd,1936
1791355433,sys,8999409,54,4150,
1791355434,proc,1081,1136,aned,11680
1791355434,proc,1643,12096,Ollama,18848
1791355434,proc,1664,11872,ollama,20480
1791355434,proc,14165,9968,translationd,327760
1791355434,proc,14236,24832,siriactionsd,2384
1791355434,proc,22597,1600,GenerativeExperiencesSafetyInferenceProvider,6848
1791355434,proc,22756,4517968,Python,25856
1791355434,proc,24758,3712,intelligenceflowd,7712
1791355434,proc,26531,83104,ibtoold,0
1791355434,proc,26610,1056,aneuserd,0
1791355434,proc,26939,84048,ibtoold,0
1791355434,proc,27229,29856,SiriAUSP,0
1791355434,proc,27248,29856,MacinTalkAUSP,0
1791355434,proc,27250,29552,MauiAUSP,0
1791355434,proc,27251,29840,KonaSynthesizer,0
1791355434,proc,27634,46672,node,0
1791355434,proc,67031,1584,IntelligencePlatformComputeService,2144
1791355434,proc,89138,3392,generativeexperiencesd,1936
1791355434,sys,8999409,54,5522,
1791355435,proc,1081,1056,aned,11680
1791355435,proc,1643,12096,Ollama,18848
1791355435,proc,1664,11872,ollama,20480
1791355435,proc,14165,10288,translationd,327760
1791355435,proc,22597,1600,GenerativeExperiencesSafetyInferenceProvider,6848
1791355435,proc,22756,4527136,Python,25856
1791355435,proc,24758,3616,intelligenceflowd,7712
1791355435,proc,26531,83104,ibtoold,0
1791355435,proc,26610,1056,aneuserd,0
1791355435,proc,26939,84048,ibtoold,0
1791355435,proc,27229,29856,SiriAUSP,0
1791355435,proc,27248,29856,MacinTalkAUSP,0
1791355435,proc,27250,29552,MauiAUSP,0
1791355435,proc,27251,29840,KonaSynthesizer,0
1791355435,proc,27634,40288,node,0
1791355435,proc,67031,1584,IntelligencePlatformComputeService,2144
1791355435,proc,89138,2304,generativeexperiencesd,1936
1791355435,sys,8999409,54,7861,
1791355436,proc,1081,1056,aned,11680
1791355436,proc,1643,12096,Ollama,18848
1791355436,proc,1664,11872,ollama,20480
1791355436,proc,14165,9904,translationd,327760
1791355436,proc,22597,1600,GenerativeExperiencesSafetyInferenceProvider,6848
1791355436,proc,22756,4613296,Python,25856
1791355436,proc,24758,3408,intelligenceflowd,7712
1791355436,proc,26531,83152,ibtoold,0
1791355436,proc,26610,1056,aneuserd,0
1791355436,proc,26939,83792,ibtoold,0
1791355436,proc,27229,29856,SiriAUSP,0
1791355436,proc,27248,29856,MacinTalkAUSP,0
1791355436,proc,27250,29552,MauiAUSP,0
1791355436,proc,27251,29840,KonaSynthesizer,0
1791355436,proc,27634,39616,node,0
1791355436,proc,67031,1584,IntelligencePlatformComputeService,2144
1791355436,proc,89138,2304,generativeexperiencesd,1936
1791355436,sys,8999409,54,7803,
1791355437,proc,1081,1056,aned,11680
1791355437,proc,1643,12096,Ollama,18848
1791355437,proc,1664,11872,ollama,20480
1791355437,proc,14165,9904,translationd,327760
1791355437,proc,22597,1600,GenerativeExperiencesSafetyInferenceProvider,6848
1791355437,proc,22756,4117152,Python,25856
1791355437,proc,24758,3616,intelligenceflowd,7712
1791355437,proc,26531,83088,ibtoold,0
1791355437,proc,26610,1056,aneuserd,0
1791355437,proc,26939,83712,ibtoold,0
1791355437,proc,27229,29856,SiriAUSP,0
1791355437,proc,27248,29856,MacinTalkAUSP,0
1791355437,proc,27250,29552,MauiAUSP,0
1791355437,proc,27251,29840,KonaSynthesizer,0
1791355437,proc,27634,39536,node,0
1791355437,proc,67031,1584,IntelligencePlatformComputeService,2144
1791355437,proc,89138,2304,generativeexperiencesd,1936
1791355437,sys,8999409,51,3931,
1791355438,proc,1081,1056,aned,11680
1791355438,proc,1643,12096,Ollama,18848
1791355438,proc,1664,11872,ollama,20480
1791355438,proc,14165,9424,translationd,327760
1791355438,proc,22597,1600,GenerativeExperiencesSafetyInferenceProvider,6848
1791355438,proc,22756,4098736,Python,25856
1791355438,proc,24758,3408,intelligenceflowd,7712
1791355438,proc,26531,82896,ibtoold,0
1791355438,proc,26610,1056,aneuserd,0
1791355438,proc,26939,83712,ibtoold,0
1791355438,proc,27229,29856,SiriAUSP,0
1791355438,proc,27248,29856,MacinTalkAUSP,0
1791355438,proc,27250,29552,MauiAUSP,0
1791355438,proc,27251,29840,KonaSynthesizer,0
1791355438,proc,27634,39536,node,0
1791355438,proc,28358,82416,xcodebuild,0
1791355438,proc,67031,1584,IntelligencePlatformComputeService,2144
1791355438,proc,89138,2256,generativeexperiencesd,1936
1791355438,sys,8999409,51,6042,
1791355440,proc,1081,1056,aned,11680
1791355440,proc,1643,12080,Ollama,18848
1791355440,proc,1664,11872,ollama,20480
1791355440,proc,14165,9312,translationd,327760
1791355440,proc,22597,1600,GenerativeExperiencesSafetyInferenceProvider,6848
1791355440,proc,22756,4452672,Python,25856
1791355440,proc,24758,3408,intelligenceflowd,7712
1791355440,proc,26531,81744,ibtoold,0
1791355440,proc,26610,1056,aneuserd,0
1791355440,proc,26939,83712,ibtoold,0
1791355440,proc,27229,29856,SiriAUSP,0
1791355440,proc,27248,29856,MacinTalkAUSP,0
1791355440,proc,27250,29552,MauiAUSP,0
1791355440,proc,27251,29840,KonaSynthesizer,0
1791355440,proc,27634,39536,node,0
1791355440,proc,28358,135984,xcodebuild,0
1791355440,proc,28389,28400,SWBBuildService,0
1791355440,proc,67031,1584,IntelligencePlatformComputeService,2144
1791355440,proc,89138,2256,generativeexperiencesd,1936
1791355440,sys,8999409,51,4105,
1791355441,proc,1081,1056,aned,11680
1791355441,proc,1643,12080,Ollama,18848
1791355441,proc,1664,11872,ollama,20480
1791355441,proc,14165,9312,translationd,327760
1791355441,proc,22597,1600,GenerativeExperiencesSafetyInferenceProvider,6848
1791355441,proc,22756,3515280,Python,25856
1791355441,proc,24758,3408,intelligenceflowd,7712
1791355441,proc,26531,82720,ibtoold,0
1791355441,proc,26610,1056,aneuserd,0
1791355441,proc,26939,83712,ibtoold,0
1791355441,proc,27229,29856,SiriAUSP,0
1791355441,proc,27248,29856,MacinTalkAUSP,0
1791355441,proc,27250,29552,MauiAUSP,0
1791355441,proc,27251,29840,KonaSynthesizer,0
1791355441,proc,27634,39536,node,0
1791355441,proc,28358,133600,xcodebuild,0
1791355441,proc,28389,187504,SWBBuildService,0
1791355441,proc,28433,39888,swift-frontend,0
1791355441,proc,28434,40240,swift-frontend,0
1791355441,proc,28435,40224,swift-frontend,0
1791355441,proc,67031,1584,IntelligencePlatformComputeService,2144
1791355441,proc,89138,2256,generativeexperiencesd,1936
1791355441,sys,8999409,51,4758,
1791355442,proc,1081,1056,aned,11680
1791355442,proc,1643,12080,Ollama,18848
1791355442,proc,1664,11872,ollama,20480
1791355442,proc,14165,9312,translationd,327760
1791355442,proc,22597,1600,GenerativeExperiencesSafetyInferenceProvider,6848
1791355442,proc,22756,3539424,Python,25856
1791355442,proc,24758,3392,intelligenceflowd,7712
1791355442,proc,26531,82720,ibtoold,0
1791355442,proc,26610,1056,aneuserd,0
1791355442,proc,26939,84144,ibtoold,0
1791355442,proc,27229,29856,SiriAUSP,0
1791355442,proc,27248,29856,MacinTalkAUSP,0
1791355442,proc,27250,29552,MauiAUSP,0
1791355442,proc,27251,29840,KonaSynthesizer,0
1791355442,proc,27634,39536,node,0
1791355442,proc,28358,133632,xcodebuild,0
1791355442,proc,28389,168768,SWBBuildService,0
1791355442,proc,28458,189664,(ld),0
1791355442,proc,67031,1584,IntelligencePlatformComputeService,2144
1791355442,proc,89138,2256,generativeexperiencesd,1936
1791355442,sys,8999409,51,14384,
1791355443,proc,1081,1056,aned,11680
1791355443,proc,1643,12080,Ollama,18848
1791355443,proc,1664,11872,ollama,20480
1791355443,proc,14165,9760,translationd,327760
1791355443,proc,22597,1600,GenerativeExperiencesSafetyInferenceProvider,6848
1791355443,proc,22756,4620752,Python,25856
1791355443,proc,24758,3616,intelligenceflowd,7712
1791355443,proc,26531,83424,ibtoold,0
1791355443,proc,26610,1056,aneuserd,0
1791355443,proc,26939,84192,ibtoold,0
1791355443,proc,27229,29824,SiriAUSP,0
1791355443,proc,27248,29824,MacinTalkAUSP,0
1791355443,proc,27250,29520,MauiAUSP,0
1791355443,proc,27251,29808,KonaSynthesizer,0
1791355443,proc,27634,39536,node,0
1791355443,proc,28358,133520,xcodebuild,0
1791355443,proc,28389,179104,SWBBuildService,0
1791355443,proc,28482,61536,embeddedBinaryValidationUtility,0
1791355443,proc,67031,1584,IntelligencePlatformComputeService,2144
1791355443,proc,89138,1584,generativeexperiencesd,1936
1791355443,sys,8999409,51,4763,
1791355444,proc,1081,1056,aned,11680
1791355444,proc,1643,12080,Ollama,18848
1791355444,proc,1664,11872,ollama,20480
1791355444,proc,14165,9312,translationd,327760
1791355444,proc,22597,1600,GenerativeExperiencesSafetyInferenceProvider,6848
1791355444,proc,22756,4530880,Python,25856
1791355444,proc,24758,3392,intelligenceflowd,7712
1791355444,proc,26531,83360,ibtoold,0
1791355444,proc,26610,1056,aneuserd,0
1791355444,proc,26939,84144,ibtoold,0
1791355444,proc,27229,29824,SiriAUSP,0
1791355444,proc,27248,29824,MacinTalkAUSP,0
1791355444,proc,27250,29520,MauiAUSP,0
1791355444,proc,27251,29808,KonaSynthesizer,0
1791355444,proc,27634,39536,node,0
1791355444,proc,67031,1584,IntelligencePlatformComputeService,2144
1791355444,proc,89138,1584,generativeexperiencesd,1936
1791355444,sys,8999409,51,12674,
1791355445,proc,1081,1056,aned,11680
1791355445,proc,1643,12080,Ollama,18848
1791355445,proc,1664,11872,ollama,20480
1791355445,proc,14165,9440,translationd,327760
1791355445,proc,22597,1600,GenerativeExperiencesSafetyInferenceProvider,6848
1791355445,proc,22756,4763744,Python,25856
1791355445,proc,24758,3392,intelligenceflowd,7712
1791355445,proc,26531,83584,ibtoold,0
1791355445,proc,26610,1056,aneuserd,0
1791355445,proc,26939,84480,ibtoold,0
1791355445,proc,27229,29824,SiriAUSP,0
1791355445,proc,27248,29824,MacinTalkAUSP,0
1791355445,proc,27250,29520,MauiAUSP,0
1791355445,proc,27251,29808,KonaSynthesizer,0
1791355445,proc,27634,39536,node,0
1791355445,proc,67031,1584,IntelligencePlatformComputeService,2144
1791355445,proc,89138,1584,generativeexperiencesd,1936
1791355445,sys,8999409,51,9220,
1791355446,proc,1081,1056,aned,11680
1791355446,proc,1643,12080,Ollama,18848
1791355446,proc,1664,11872,ollama,20480
1791355446,proc,14165,9696,translationd,327760
1791355446,proc,22597,1600,GenerativeExperiencesSafetyInferenceProvider,6848
1791355446,proc,22756,4764400,Python,25856
1791355446,proc,24758,3600,intelligenceflowd,7712
1791355446,proc,26531,83584,ibtoold,0
1791355446,proc,26610,1056,aneuserd,0
1791355446,proc,26939,84480,ibtoold,0
1791355446,proc,27229,29824,SiriAUSP,0
1791355446,proc,27248,29824,MacinTalkAUSP,0
1791355446,proc,27250,29520,MauiAUSP,0
1791355446,proc,27251,29808,KonaSynthesizer,0
1791355446,proc,27634,39536,node,0
1791355446,proc,67031,1584,IntelligencePlatformComputeService,2144
1791355446,proc,89138,1584,generativeexperiencesd,1936
1791355446,sys,8999409,51,6400,
1791355448,proc,1081,1056,aned,11680
1791355448,proc,1643,12080,Ollama,18848
1791355448,proc,1664,11872,ollama,20480
1791355448,proc,14165,9696,translationd,327760
1791355448,proc,22597,1600,GenerativeExperiencesSafetyInferenceProvider,6848
1791355448,proc,22756,3531968,Python,25856
1791355448,proc,24758,3600,intelligenceflowd,7712
1791355448,proc,26531,83696,ibtoold,0
1791355448,proc,26610,1056,aneuserd,0
1791355448,proc,26939,84576,ibtoold,0
1791355448,proc,27229,29824,SiriAUSP,0
1791355448,proc,27248,29824,MacinTalkAUSP,0
1791355448,proc,27250,29520,MauiAUSP,0
1791355448,proc,27251,29808,KonaSynthesizer,0
1791355448,proc,27634,39536,node,0
1791355448,proc,67031,1584,IntelligencePlatformComputeService,2144
1791355448,proc,89138,1584,generativeexperiencesd,1936
1791355448,sys,8999409,51,93621,
1791355449,proc,1081,1056,aned,11680
1791355449,proc,1643,12080,Ollama,18848
1791355449,proc,1664,11872,ollama,20480
1791355449,proc,14165,9696,translationd,327760
1791355449,proc,22597,1600,GenerativeExperiencesSafetyInferenceProvider,6848
1791355449,proc,22756,3566960,Python,25856
1791355449,proc,24758,3600,intelligenceflowd,7712
1791355449,proc,26531,83696,ibtoold,0
1791355449,proc,26610,1056,aneuserd,0
1791355449,proc,26939,84624,ibtoold,0
1791355449,proc,27229,29824,SiriAUSP,0
1791355449,proc,27248,29824,MacinTalkAUSP,0
1791355449,proc,27250,29520,MauiAUSP,0
1791355449,proc,27251,29808,KonaSynthesizer,0
1791355449,proc,27634,39536,node,0
1791355449,proc,67031,1584,IntelligencePlatformComputeService,2144
1791355449,proc,89138,1584,generativeexperiencesd,1936
1791355449,sys,8999409,55,87927,
1791355450,proc,1081,1056,aned,11680
1791355450,proc,1643,12080,Ollama,18848
1791355450,proc,1664,11872,ollama,20480
1791355450,proc,14165,9696,translationd,327760
1791355450,proc,22597,1600,GenerativeExperiencesSafetyInferenceProvider,6848
1791355450,proc,22756,3567168,Python,25856
1791355450,proc,24758,3600,intelligenceflowd,7712
1791355450,proc,26531,83696,ibtoold,0
1791355450,proc,26610,1056,aneuserd,0
1791355450,proc,26939,84624,ibtoold,0
1791355450,proc,27229,29824,SiriAUSP,0
1791355450,proc,27248,29824,MacinTalkAUSP,0
1791355450,proc,27250,29520,MauiAUSP,0
1791355450,proc,27251,29808,KonaSynthesizer,0
1791355450,proc,27634,39536,node,0
1791355450,proc,67031,1584,IntelligencePlatformComputeService,2144
1791355450,proc,89138,1584,generativeexperiencesd,1936
1791355450,sys,8999409,55,83564,
1791355451,proc,1081,1056,aned,11680
1791355451,proc,1643,12080,Ollama,18848
1791355451,proc,1664,11872,ollama,20480
1791355451,proc,14165,9696,translationd,327760
1791355451,proc,22597,1600,GenerativeExperiencesSafetyInferenceProvider,6848
1791355451,proc,22756,3567296,Python,25856
1791355451,proc,24758,3600,intelligenceflowd,7712
1791355451,proc,26531,83744,ibtoold,0
1791355451,proc,26610,1056,aneuserd,0
1791355451,proc,26939,84736,ibtoold,0
1791355451,proc,27229,29824,SiriAUSP,0
1791355451,proc,27248,29824,MacinTalkAUSP,0
1791355451,proc,27250,29520,MauiAUSP,0
1791355451,proc,27251,29808,KonaSynthesizer,0
1791355451,proc,27634,39536,node,0
1791355451,proc,67031,1584,IntelligencePlatformComputeService,2144
1791355451,proc,89138,1584,generativeexperiencesd,1936
1791355451,sys,8999409,55,80555,
1791355452,proc,1081,1056,aned,11680
1791355452,proc,1643,12080,Ollama,18848
1791355452,proc,1664,11872,ollama,20480
1791355452,proc,14165,9696,translationd,327760
1791355452,proc,22597,1600,GenerativeExperiencesSafetyInferenceProvider,6848
1791355452,proc,22756,3540384,Python,25856
1791355452,proc,24758,3600,intelligenceflowd,7712
1791355452,proc,26531,83744,ibtoold,0
1791355452,proc,26610,1056,aneuserd,0
1791355452,proc,26939,84736,ibtoold,0
1791355452,proc,27229,29824,SiriAUSP,0
1791355452,proc,27248,29824,MacinTalkAUSP,0
1791355452,proc,27250,29520,MauiAUSP,0
1791355452,proc,27251,29808,KonaSynthesizer,0
1791355452,proc,27634,39536,node,0
1791355452,proc,67031,1584,IntelligencePlatformComputeService,2144
1791355452,proc,89138,1584,generativeexperiencesd,1936
1791355452,sys,8999409,55,81453,
1791355453,proc,1081,1056,aned,11680
1791355453,proc,1643,12080,Ollama,18848
1791355453,proc,1664,11872,ollama,20480
1791355453,proc,14165,9696,translationd,327760
1791355453,proc,22597,1600,GenerativeExperiencesSafetyInferenceProvider,6848
1791355453,proc,22756,2649088,Python,25856
1791355453,proc,24758,3600,intelligenceflowd,7712
1791355453,proc,26531,83760,ibtoold,0
1791355453,proc,26610,1056,aneuserd,0
1791355453,proc,26939,84768,ibtoold,0
1791355453,proc,27229,29824,SiriAUSP,0
1791355453,proc,27248,29824,MacinTalkAUSP,0
1791355453,proc,27250,29520,MauiAUSP,0
1791355453,proc,27251,29808,KonaSynthesizer,0
1791355453,proc,27634,39536,node,0
1791355453,proc,67031,1584,IntelligencePlatformComputeService,2144
1791355453,proc,89138,1584,generativeexperiencesd,1936
1791355453,sys,8999409,55,135853,
1791355454,proc,1081,1056,aned,11680
1791355454,proc,1643,12080,Ollama,18848
1791355454,proc,1664,11872,ollama,20480
1791355454,proc,14165,10128,translationd,327760
1791355454,proc,22597,1600,GenerativeExperiencesSafetyInferenceProvider,6848
1791355454,proc,22756,2682096,Python,25856
1791355454,proc,24758,3600,intelligenceflowd,7712
1791355454,proc,26531,83760,ibtoold,0
1791355454,proc,26610,1056,aneuserd,0
1791355454,proc,26939,84768,ibtoold,0
1791355454,proc,27229,29824,SiriAUSP,0
1791355454,proc,27248,29824,MacinTalkAUSP,0
1791355454,proc,27250,29520,MauiAUSP,0
1791355454,proc,27251,29808,KonaSynthesizer,0
1791355454,proc,27634,39536,node,0
1791355454,proc,28773,46240,swift-build,0
1791355454,proc,67031,1584,IntelligencePlatformComputeService,2144
1791355454,proc,89138,1584,generativeexperiencesd,1936
1791355454,sys,8999409,56,126173,
1791355455,proc,1081,1056,aned,11680
1791355455,proc,1643,12080,Ollama,18848
1791355455,proc,1664,11872,ollama,20480
1791355455,proc,14165,10128,translationd,327760
1791355455,proc,22597,1600,GenerativeExperiencesSafetyInferenceProvider,6848
1791355455,proc,22756,2592640,Python,25856
1791355455,proc,24758,3632,intelligenceflowd,7712
1791355455,proc,26531,83888,ibtoold,0
1791355455,proc,26610,1056,aneuserd,0
1791355455,proc,26939,84816,ibtoold,0
1791355455,proc,27229,29824,SiriAUSP,0
1791355455,proc,27248,29824,MacinTalkAUSP,0
1791355455,proc,27250,29520,MauiAUSP,0
1791355455,proc,27251,29808,KonaSynthesizer,0
1791355455,proc,27634,39536,node,0
1791355455,proc,28773,205664,swift-build,0
1791355455,proc,67031,1584,IntelligencePlatformComputeService,2144
1791355455,proc,89138,1584,generativeexperiencesd,1936
1791355455,sys,8999409,56,155113,
1791355456,proc,1081,1056,aned,11680
1791355456,proc,1643,12080,Ollama,18848
1791355456,proc,1664,11872,ollama,20480
1791355456,proc,14165,10128,translationd,327760
1791355456,proc,22597,1600,GenerativeExperiencesSafetyInferenceProvider,6848
1791355456,proc,22756,3588096,Python,25856
1791355456,proc,24758,3632,intelligenceflowd,7712
1791355456,proc,26531,83888,ibtoold,0
1791355456,proc,26610,1056,aneuserd,0
1791355456,proc,26939,84816,ibtoold,0
1791355456,proc,27229,29824,SiriAUSP,0
1791355456,proc,27248,29824,MacinTalkAUSP,0
1791355456,proc,27250,29520,MauiAUSP,0
1791355456,proc,27251,29808,KonaSynthesizer,0
1791355456,proc,27634,39536,node,0
1791355456,proc,28773,221920,swift-build,0
1791355456,proc,28833,184688,swift-frontend,0
1791355456,proc,67031,1584,IntelligencePlatformComputeService,2144
1791355456,proc,89138,1584,generativeexperiencesd,1936
1791355456,sys,8999409,56,131390,
1791355457,proc,1081,1056,aned,11680
1791355457,proc,1643,12080,Ollama,18848
1791355457,proc,1664,11872,ollama,20480
1791355457,proc,14165,10128,translationd,327760
1791355457,proc,22597,1600,GenerativeExperiencesSafetyInferenceProvider,6848
1791355457,proc,22756,3913504,Python,25856
1791355457,proc,24758,3632,intelligenceflowd,7712
1791355457,proc,26531,83936,ibtoold,0
1791355457,proc,26610,1056,aneuserd,0
1791355457,proc,26939,84816,ibtoold,0
1791355457,proc,27229,29824,SiriAUSP,0
1791355457,proc,27248,29824,MacinTalkAUSP,0
1791355457,proc,27250,29520,MauiAUSP,0
1791355457,proc,27251,29808,KonaSynthesizer,0
1791355457,proc,27634,39536,node,0
1791355457,proc,28773,221920,swift-build,0
1791355457,proc,28833,227648,swift-frontend,0
1791355457,proc,67031,1584,IntelligencePlatformComputeService,2144
1791355457,proc,89138,1584,generativeexperiencesd,1936
1791355457,sys,8999409,56,114250,
1791355458,proc,1081,1056,aned,11680
1791355458,proc,1643,12080,Ollama,18848
1791355458,proc,1664,11872,ollama,20480
1791355458,proc,14165,10128,translationd,327760
1791355458,proc,22597,1600,GenerativeExperiencesSafetyInferenceProvider,6848
1791355458,proc,22756,4065248,Python,25856
1791355458,proc,24758,3632,intelligenceflowd,7712
1791355458,proc,26531,83936,ibtoold,0
1791355458,proc,26610,1056,aneuserd,0
1791355458,proc,26939,84816,ibtoold,0
1791355458,proc,27229,29824,SiriAUSP,0
1791355458,proc,27248,29824,MacinTalkAUSP,0
1791355458,proc,27250,29520,MauiAUSP,0
1791355458,proc,27251,29808,KonaSynthesizer,0
1791355458,proc,27634,39552,node,0
1791355458,proc,28773,221920,swift-build,0
1791355458,proc,28833,238160,swift-frontend,0
1791355458,proc,67031,1584,IntelligencePlatformComputeService,2144
1791355458,proc,89138,1584,generativeexperiencesd,1936
1791355458,sys,8999409,56,104445,
1791355459,proc,1081,1056,aned,11680
1791355459,proc,1643,12080,Ollama,18848
1791355459,proc,1664,11872,ollama,20480
1791355459,proc,14165,10128,translationd,327760
1791355459,proc,22597,1600,GenerativeExperiencesSafetyInferenceProvider,6848
1791355459,proc,22756,4230704,Python,25856
1791355459,proc,24758,3632,intelligenceflowd,7712
1791355459,proc,26531,83984,ibtoold,0
1791355459,proc,26610,1056,aneuserd,0
1791355459,proc,26939,84864,ibtoold,0
1791355459,proc,27229,29824,SiriAUSP,0
1791355459,proc,27248,29824,MacinTalkAUSP,0
1791355459,proc,27250,29520,MauiAUSP,0
1791355459,proc,27251,29808,KonaSynthesizer,0
1791355459,proc,27634,39552,node,0
1791355459,proc,28773,221920,swift-build,0
1791355459,proc,28833,246592,swift-frontend,0
1791355459,proc,67031,1584,IntelligencePlatformComputeService,2144
1791355459,proc,89138,1584,generativeexperiencesd,1936
1791355459,sys,8999409,65,93800,
1791355460,proc,1081,1056,aned,11680
1791355460,proc,1643,12080,Ollama,18848
1791355460,proc,1664,11872,ollama,20480
1791355460,proc,14165,10128,translationd,327760
1791355460,proc,22597,1600,GenerativeExperiencesSafetyInferenceProvider,6848
1791355460,proc,22756,4349008,Python,25856
1791355460,proc,24758,3632,intelligenceflowd,7712
1791355460,proc,26531,84000,ibtoold,0
1791355460,proc,26610,1056,aneuserd,0
1791355460,proc,26939,84880,ibtoold,0
1791355460,proc,27229,29824,SiriAUSP,0
1791355460,proc,27248,29824,MacinTalkAUSP,0
1791355460,proc,27250,29520,MauiAUSP,0
1791355460,proc,27251,29808,KonaSynthesizer,0
1791355460,proc,27634,39552,node,0
1791355460,proc,28773,221504,swift-build,0
1791355460,proc,28833,257632,swift-frontend,0
1791355460,proc,67031,1584,IntelligencePlatformComputeService,2144
1791355460,proc,89138,1584,generativeexperiencesd,1936
1791355460,sys,8999409,65,84345,
1791355462,proc,1081,1056,aned,11680
1791355462,proc,1643,12080,Ollama,18848
1791355462,proc,1664,11872,ollama,20480
1791355462,proc,14165,10128,translationd,327760
1791355462,proc,22597,1600,GenerativeExperiencesSafetyInferenceProvider,6848
1791355462,proc,22756,4440224,Python,25856
1791355462,proc,24758,3632,intelligenceflowd,7712
1791355462,proc,26531,84000,ibtoold,0
1791355462,proc,26610,1056,aneuserd,0
1791355462,proc,26939,84880,ibtoold,0
1791355462,proc,27229,29824,SiriAUSP,0
1791355462,proc,27248,29824,MacinTalkAUSP,0
1791355462,proc,27250,29520,MauiAUSP,0
1791355462,proc,27251,29808,KonaSynthesizer,0
1791355462,proc,27634,39552,node,0
1791355462,proc,28773,221760,swift-build,0
1791355462,proc,29015,139824,(ld),0
1791355462,proc,67031,1584,IntelligencePlatformComputeService,2144
1791355462,proc,89138,1584,generativeexperiencesd,1936
1791355462,sys,8999409,65,86860,
1791355463,proc,1081,1056,aned,11680
1791355463,proc,1643,12080,Ollama,18848
1791355463,proc,1664,11872,ollama,20480
1791355463,proc,14165,10128,translationd,327760
1791355463,proc,22597,1600,GenerativeExperiencesSafetyInferenceProvider,6848
1791355463,proc,22756,4515776,Python,25856
1791355463,proc,24758,3632,intelligenceflowd,7712
1791355463,proc,26531,84016,ibtoold,0
1791355463,proc,26610,1056,aneuserd,0
1791355463,proc,26939,84896,ibtoold,0
1791355463,proc,27229,29824,SiriAUSP,0
1791355463,proc,27248,29824,MacinTalkAUSP,0
1791355463,proc,27250,29520,MauiAUSP,0
1791355463,proc,27251,29808,KonaSynthesizer,0
1791355463,proc,27634,39552,node,0
1791355463,proc,67031,1584,IntelligencePlatformComputeService,2144
1791355463,proc,89138,1584,generativeexperiencesd,1936
1791355463,sys,8999409,65,89837,
1791355464,proc,1081,1056,aned,11680
1791355464,proc,1643,12080,Ollama,18848
1791355464,proc,1664,11872,ollama,20480
1791355464,proc,14165,10128,translationd,327760
1791355464,proc,22597,1600,GenerativeExperiencesSafetyInferenceProvider,6848
1791355464,proc,22756,4534528,Python,25856
1791355464,proc,24758,3632,intelligenceflowd,7712
1791355464,proc,26531,84016,ibtoold,0
1791355464,proc,26610,1056,aneuserd,0
1791355464,proc,26939,84896,ibtoold,0
1791355464,proc,27229,29824,SiriAUSP,0
1791355464,proc,27248,29824,MacinTalkAUSP,0
1791355464,proc,27250,29520,MauiAUSP,0
1791355464,proc,27251,29808,KonaSynthesizer,0
1791355464,proc,27634,39552,node,0
1791355464,proc,67031,1584,IntelligencePlatformComputeService,2144
1791355464,proc,89138,1584,generativeexperiencesd,1936
1791355464,sys,8999409,65,88949,
1791355465,proc,1081,1056,aned,11680
1791355465,proc,1643,12080,Ollama,18848
1791355465,proc,1664,11872,ollama,20480
1791355465,proc,14165,10576,translationd,327760
1791355465,proc,22597,1600,GenerativeExperiencesSafetyInferenceProvider,6848
1791355465,proc,22756,4547344,Python,25856
1791355465,proc,24758,3632,intelligenceflowd,7712
1791355465,proc,26531,84032,ibtoold,0
1791355465,proc,26610,1056,aneuserd,0
1791355465,proc,26939,84912,ibtoold,0
1791355465,proc,27229,29824,SiriAUSP,0
1791355465,proc,27248,29824,MacinTalkAUSP,0
1791355465,proc,27250,29520,MauiAUSP,0
1791355465,proc,27251,29808,KonaSynthesizer,0
1791355465,proc,27634,39552,node,0
1791355465,proc,67031,1584,IntelligencePlatformComputeService,2144
1791355465,proc,89138,1584,generativeexperiencesd,1936
1791355465,sys,8999409,65,84619,
1791355466,proc,1081,1056,aned,11680
1791355466,proc,1643,12080,Ollama,18848
1791355466,proc,1664,11872,ollama,20480
1791355466,proc,14165,10576,translationd,327760
1791355466,proc,22597,1600,GenerativeExperiencesSafetyInferenceProvider,6848
1791355466,proc,22756,3912048,Python,25856
1791355466,proc,24758,3632,intelligenceflowd,7712
1791355466,proc,26531,84032,ibtoold,0
1791355466,proc,26610,1056,aneuserd,0
1791355466,proc,26939,84912,ibtoold,0
1791355466,proc,27229,29824,SiriAUSP,0
1791355466,proc,27248,29824,MacinTalkAUSP,0
1791355466,proc,27250,29520,MauiAUSP,0
1791355466,proc,27251,29808,KonaSynthesizer,0
1791355466,proc,27634,39552,node,0
1791355466,proc,67031,1584,IntelligencePlatformComputeService,2144
1791355466,proc,89138,1584,generativeexperiencesd,1936
1791355466,sys,8999409,65,123092,
1791355467,proc,1081,1056,aned,11680
1791355467,proc,1643,12080,Ollama,18848
1791355467,proc,1664,11872,ollama,20480
1791355467,proc,14165,10576,translationd,327760
1791355467,proc,22597,1600,GenerativeExperiencesSafetyInferenceProvider,6848
1791355467,proc,22756,3997152,Python,25856
1791355467,proc,24758,3632,intelligenceflowd,7712
1791355467,proc,26531,84048,ibtoold,0
1791355467,proc,26610,1056,aneuserd,0
1791355467,proc,26939,84976,ibtoold,0
1791355467,proc,27229,29824,SiriAUSP,0
1791355467,proc,27248,29824,MacinTalkAUSP,0
1791355467,proc,27250,29520,MauiAUSP,0
1791355467,proc,27251,29808,KonaSynthesizer,0
1791355467,proc,27634,39552,node,0
1791355467,proc,67031,1584,IntelligencePlatformComputeService,2144
1791355467,proc,89138,1584,generativeexperiencesd,1936
1791355467,sys,8999409,65,118088,
1791355468,proc,1081,1056,aned,11680
1791355468,proc,1643,12080,Ollama,18848
1791355468,proc,1664,11872,ollama,20480
1791355468,proc,14165,10576,translationd,327760
1791355468,proc,22597,1600,GenerativeExperiencesSafetyInferenceProvider,6848
1791355468,proc,22756,3531440,Python,25856
1791355468,proc,24758,3632,intelligenceflowd,7712
1791355468,proc,26531,84048,ibtoold,0
1791355468,proc,26610,1056,aneuserd,0
1791355468,proc,26939,84976,ibtoold,0
1791355468,proc,27229,29824,SiriAUSP,0
1791355468,proc,27248,29824,MacinTalkAUSP,0
1791355468,proc,27250,29520,MauiAUSP,0
1791355468,proc,27251,29808,KonaSynthesizer,0
1791355468,proc,27634,39552,node,0
1791355468,proc,67031,1584,IntelligencePlatformComputeService,2144
1791355468,proc,89138,1584,generativeexperiencesd,1936
1791355468,sys,8999409,65,144656,
1791355469,proc,1081,1056,aned,11680
1791355469,proc,1643,12080,Ollama,18848
1791355469,proc,1664,11872,ollama,20480
1791355469,proc,14165,10576,translationd,327760
1791355469,proc,22597,1600,GenerativeExperiencesSafetyInferenceProvider,6848
1791355469,proc,22756,3550528,Python,25856
1791355469,proc,24758,3632,intelligenceflowd,7712
1791355469,proc,26531,84064,ibtoold,0
1791355469,proc,26610,1056,aneuserd,0
1791355469,proc,26939,85008,ibtoold,0
1791355469,proc,27229,29824,SiriAUSP,0
1791355469,proc,27248,29824,MacinTalkAUSP,0
1791355469,proc,27250,29520,MauiAUSP,0
1791355469,proc,27251,29808,KonaSynthesizer,0
1791355469,proc,27634,39552,node,0
1791355469,proc,67031,1584,IntelligencePlatformComputeService,2144
1791355469,proc,89138,1584,generativeexperiencesd,1936
1791355469,sys,8999409,65,139947,
1791355469,mark,end,,,
1791355469,mark,stop,,,
