epoch,kind,f1,f2,f3,f4
1791362469,proc,1081,624,aned,624
1791362469,proc,1643,29136,Ollama,29136
1791362469,proc,1664,20768,ollama,20768
1791362469,proc,14165,4496,translationd,4496
1791362469,proc,22597,1440,GenerativeExperiencesSafetyInferenceProvider,1440
1791362469,proc,24758,8768,intelligenceflowd,8768
1791362469,proc,63538,3056,intelligencecontextd,3056
1791362469,proc,69280,752,intelligencetasksd,752
1791362469,proc,72488,1168,AppleIntelligenceReportingProcessingService,1168
1791362469,proc,76300,1088,IntelligencePlatformComputeService,1088
1791362469,proc,82708,640,ANECompilerService,640
1791362469,proc,89138,1648,generativeexperiencesd,1648
1791362469,sys,9029425,73,388058,
1791362470,proc,1081,624,aned,624
1791362470,proc,1643,29136,Ollama,29136
1791362470,proc,1664,29040,ollama,20768
1791362470,proc,14165,4496,translationd,4496
1791362470,proc,20853,58304,node,0
1791362470,proc,20861,184768,llama-server,0
1791362470,proc,22597,1440,GenerativeExperiencesSafetyInferenceProvider,1440
1791362470,proc,24758,8768,intelligenceflowd,8768
1791362470,proc,63538,3056,intelligencecontextd,3056
1791362470,proc,69280,752,intelligencetasksd,752
1791362470,proc,72488,1168,AppleIntelligenceReportingProcessingService,1168
1791362470,proc,76300,1088,IntelligencePlatformComputeService,1088
1791362470,proc,82708,640,ANECompilerService,640
1791362470,proc,89138,1648,generativeexperiencesd,1648
1791362470,sys,9029425,73,371723,
1791362471,proc,1081,624,aned,624
1791362471,proc,1643,29136,Ollama,29136
1791362471,proc,1664,29040,ollama,20768
1791362471,proc,14165,4496,translationd,4496
1791362471,proc,20853,58304,node,0
1791362471,proc,20861,1953184,llama-server,0
1791362471,proc,22597,1440,GenerativeExperiencesSafetyInferenceProvider,1440
1791362471,proc,24758,8768,intelligenceflowd,8768
1791362471,proc,63538,3056,intelligencecontextd,3056
1791362471,proc,69280,752,intelligencetasksd,752
1791362471,proc,72488,1168,AppleIntelligenceReportingProcessingService,1168
1791362471,proc,76300,1088,IntelligencePlatformComputeService,1088
1791362471,proc,82708,640,ANECompilerService,640
1791362471,proc,89138,1648,generativeexperiencesd,1648
1791362471,sys,9029425,73,254510,
1791362472,proc,1081,624,aned,624
1791362472,proc,1643,29136,Ollama,29136
1791362472,proc,1664,29072,ollama,20768
1791362472,proc,14165,4496,translationd,4496
1791362472,proc,20853,58336,node,0
1791362472,proc,20861,2573728,llama-server,0
1791362472,proc,20881,22336,mdworker_shared,0
1791362472,proc,22597,1440,GenerativeExperiencesSafetyInferenceProvider,1440
1791362472,proc,24758,8768,intelligenceflowd,8768
1791362472,proc,63538,3056,intelligencecontextd,3056
1791362472,proc,69280,752,intelligencetasksd,752
1791362472,proc,72488,1168,AppleIntelligenceReportingProcessingService,1168
1791362472,proc,76300,1088,IntelligencePlatformComputeService,1088
1791362472,proc,82708,640,ANECompilerService,640
1791362472,proc,89138,1648,generativeexperiencesd,1648
1791362472,sys,9029425,73,77627,
1791362473,proc,1081,624,aned,624
1791362473,proc,1643,23920,Ollama,29136
1791362473,proc,1664,23008,ollama,20768
1791362473,proc,14165,2656,translationd,4496
1791362473,proc,20853,42784,node,0
1791362473,proc,20861,2223376,llama-server,0
1791362473,proc,22597,1440,GenerativeExperiencesSafetyInferenceProvider,1440
1791362473,proc,24758,5744,intelligenceflowd,8768
1791362473,proc,63538,2944,intelligencecontextd,3056
1791362473,proc,69280,752,intelligencetasksd,752
1791362473,proc,72488,1168,AppleIntelligenceReportingProcessingService,1168
1791362473,proc,76300,1088,IntelligencePlatformComputeService,1088
1791362473,proc,82708,640,ANECompilerService,640
1791362473,proc,89138,1648,generativeexperiencesd,1648
1791362473,sys,9029425,73,4253,
1791362475,proc,1081,464,aned,624
1791362475,proc,1643,10176,Ollama,29136
1791362475,proc,1664,16304,ollama,20768
1791362475,proc,14165,816,translationd,4496
1791362475,proc,20861,3247664,llama-server,0
1791362475,proc,22597,608,GenerativeExperiencesSafetyInferenceProvider,1440
1791362475,proc,24758,2208,intelligenceflowd,8768
1791362475,proc,63538,576,intelligencecontextd,3056
1791362475,proc,69280,496,intelligencetasksd,752
1791362475,proc,72488,608,AppleIntelligenceReportingProcessingService,1168
1791362475,proc,76300,544,IntelligencePlatformComputeService,1088
1791362475,proc,82708,432,ANECompilerService,640
1791362475,proc,89138,592,generativeexperiencesd,1648
1791362475,sys,9029425,15,3985,
1791362476,proc,1081,464,aned,624
1791362476,proc,1643,9664,Ollama,29136
1791362476,proc,1664,18592,ollama,20768
1791362476,proc,14165,464,translationd,4496
1791362476,proc,20861,3325744,llama-server,0
1791362476,proc,20929,22688,MTLCompilerService,0
1791362476,proc,22597,608,GenerativeExperiencesSafetyInferenceProvider,1440
1791362476,proc,24758,1984,intelligenceflowd,8768
1791362476,proc,63538,464,intelligencecontextd,3056
1791362476,proc,69280,480,intelligencetasksd,752
1791362476,proc,72488,608,AppleIntelligenceReportingProcessingService,1168
1791362476,proc,76300,512,IntelligencePlatformComputeService,1088
1791362476,proc,82708,432,ANECompilerService,640
1791362476,proc,89138,592,generativeexperiencesd,1648
1791362476,sys,9029425,15,5540,
1791362477,proc,1081,464,aned,624
1791362477,proc,1643,9664,Ollama,29136
1791362477,proc,1664,16928,ollama,20768
1791362477,proc,14165,464,translationd,4496
1791362477,proc,20861,3316576,llama-server,0
1791362477,proc,22597,608,GenerativeExperiencesSafetyInferenceProvider,1440
1791362477,proc,24758,1984,intelligenceflowd,8768
1791362477,proc,63538,464,intelligencecontextd,3056
1791362477,proc,69280,480,intelligencetasksd,752
1791362477,proc,72488,608,AppleIntelligenceReportingProcessingService,1168
1791362477,proc,76300,512,IntelligencePlatformComputeService,1088
1791362477,proc,82708,432,ANECompilerService,640
1791362477,proc,89138,592,generativeexperiencesd,1648
1791362477,sys,9029425,15,4500,
1791362478,proc,1081,464,aned,624
1791362478,proc,1643,9664,Ollama,29136
1791362478,proc,1664,16928,ollama,20768
1791362478,proc,14165,464,translationd,4496
1791362478,proc,20853,23360,node,0
1791362478,proc,20861,3321552,llama-server,0
1791362478,proc,20929,24368,MTLCompilerService,0
1791362478,proc,22597,608,GenerativeExperiencesSafetyInferenceProvider,1440
1791362478,proc,24758,2128,intelligenceflowd,8768
1791362478,proc,63538,464,intelligencecontextd,3056
1791362478,proc,69280,480,intelligencetasksd,752
1791362478,proc,72488,608,AppleIntelligenceReportingProcessingService,1168
1791362478,proc,76300,512,IntelligencePlatformComputeService,1088
1791362478,proc,82708,432,ANECompilerService,640
1791362478,proc,89138,592,generativeexperiencesd,1648
1791362478,sys,9029425,15,4141,
1791362479,proc,1081,464,aned,624
1791362479,proc,1643,9664,Ollama,29136
1791362479,proc,1664,16944,ollama,20768
1791362479,proc,14165,464,translationd,4496
1791362479,proc,20853,23232,node,0
1791362479,proc,20861,3332304,llama-server,0
1791362479,proc,20929,24432,MTLCompilerService,0
1791362479,proc,22597,608,GenerativeExperiencesSafetyInferenceProvider,1440
1791362479,proc,24758,2128,intelligenceflowd,8768
1791362479,proc,63538,464,intelligencecontextd,3056
1791362479,proc,69280,480,intelligencetasksd,752
1791362479,proc,72488,608,AppleIntelligenceReportingProcessingService,1168
1791362479,proc,76300,512,IntelligencePlatformComputeService,1088
1791362479,proc,82708,432,ANECompilerService,640
1791362479,proc,89138,592,generativeexperiencesd,1648
1791362479,sys,9029425,15,4204,
1791362480,proc,1081,464,aned,624
1791362480,proc,1643,9664,Ollama,29136
1791362480,proc,1664,17152,ollama,20768
1791362480,proc,14165,464,translationd,4496
1791362480,proc,20853,23232,node,0
1791362480,proc,20861,3338608,llama-server,0
1791362480,proc,20929,27472,MTLCompilerService,0
1791362480,proc,22597,608,GenerativeExperiencesSafetyInferenceProvider,1440
1791362480,proc,24758,2128,intelligenceflowd,8768
1791362480,proc,63538,464,intelligencecontextd,3056
1791362480,proc,69280,480,intelligencetasksd,752
1791362480,proc,72488,608,AppleIntelligenceReportingProcessingService,1168
1791362480,proc,76300,512,IntelligencePlatformComputeService,1088
1791362480,proc,82708,432,ANECompilerService,640
1791362480,proc,89138,592,generativeexperiencesd,1648
1791362480,sys,9029425,14,4367,
1791362481,proc,1081,464,aned,624
1791362481,proc,1643,9664,Ollama,29136
1791362481,proc,1664,17248,ollama,20768
1791362481,proc,14165,464,translationd,4496
1791362481,proc,20853,23344,node,0
1791362481,proc,20861,3268128,llama-server,0
1791362481,proc,20929,27472,MTLCompilerService,0
1791362481,proc,22597,608,GenerativeExperiencesSafetyInferenceProvider,1440
1791362481,proc,24758,2144,intelligenceflowd,8768
1791362481,proc,63538,464,intelligencecontextd,3056
1791362481,proc,69280,480,intelligencetasksd,752
1791362481,proc,72488,608,AppleIntelligenceReportingProcessingService,1168
1791362481,proc,76300,512,IntelligencePlatformComputeService,1088
1791362481,proc,82708,432,ANECompilerService,640
1791362481,proc,89138,592,generativeexperiencesd,1648
1791362481,sys,9029425,14,10148,
1791362482,proc,1081,464,aned,624
1791362482,proc,1643,9664,Ollama,29136
1791362482,proc,1664,17328,ollama,20768
1791362482,proc,14165,464,translationd,4496
1791362482,proc,20853,23344,node,0
1791362482,proc,20861,3268704,llama-server,0
1791362482,proc,20929,27472,MTLCompilerService,0
1791362482,proc,22597,608,GenerativeExperiencesSafetyInferenceProvider,1440
1791362482,proc,24758,2144,intelligenceflowd,8768
1791362482,proc,63538,464,intelligencecontextd,3056
1791362482,proc,69280,480,intelligencetasksd,752
1791362482,proc,72488,608,AppleIntelligenceReportingProcessingService,1168
1791362482,proc,76300,512,IntelligencePlatformComputeService,1088
1791362482,proc,82708,432,ANECompilerService,640
1791362482,proc,89138,592,generativeexperiencesd,1648
1791362482,sys,9029425,14,7273,
1791362483,proc,1081,464,aned,624
1791362483,proc,1643,9664,Ollama,29136
1791362483,proc,1664,17424,ollama,20768
1791362483,proc,14165,1104,translationd,4496
1791362483,proc,20853,23344,node,0
1791362483,proc,20861,3269200,llama-server,0
1791362483,proc,20929,27472,MTLCompilerService,0
1791362483,proc,22597,608,GenerativeExperiencesSafetyInferenceProvider,1440
1791362483,proc,24758,2144,intelligenceflowd,8768
1791362483,proc,63538,464,intelligencecontextd,3056
1791362483,proc,69280,480,intelligencetasksd,752
1791362483,proc,72488,608,AppleIntelligenceReportingProcessingService,1168
1791362483,proc,76300,512,IntelligencePlatformComputeService,1088
1791362483,proc,82708,432,ANECompilerService,640
1791362483,proc,89138,592,generativeexperiencesd,1648
1791362483,sys,9029425,14,4552,
1791362484,proc,1081,464,aned,624
1791362484,proc,1643,9664,Ollama,29136
1791362484,proc,1664,17488,ollama,20768
1791362484,proc,14165,1104,translationd,4496
1791362484,proc,20853,23360,node,0
1791362484,proc,20861,3269808,llama-server,0
1791362484,proc,20929,27472,MTLCompilerService,0
1791362484,proc,22597,608,GenerativeExperiencesSafetyInferenceProvider,1440
1791362484,proc,24758,2144,intelligenceflowd,8768
1791362484,proc,63538,464,intelligencecontextd,3056
1791362484,proc,69280,480,intelligencetasksd,752
1791362484,proc,72488,608,AppleIntelligenceReportingProcessingService,1168
1791362484,proc,76300,512,IntelligencePlatformComputeService,1088
1791362484,proc,82708,432,ANECompilerService,640
1791362484,proc,89138,592,generativeexperiencesd,1648
1791362484,sys,9029425,14,4910,
1791362485,proc,1081,464,aned,624
1791362485,proc,1643,9328,Ollama,29136
1791362485,proc,1664,17536,ollama,20768
1791362485,proc,14165,1664,translationd,4496
1791362485,proc,20853,23360,node,0
1791362485,proc,20861,3270880,llama-server,0
1791362485,proc,20929,27472,MTLCompilerService,0
1791362485,proc,22597,608,GenerativeExperiencesSafetyInferenceProvider,1440
1791362485,proc,24758,2144,intelligenceflowd,8768
1791362485,proc,63538,464,intelligencecontextd,3056
1791362485,proc,69280,480,intelligencetasksd,752
1791362485,proc,72488,608,AppleIntelligenceReportingProcessingService,1168
1791362485,proc,76300,512,IntelligencePlatformComputeService,1088
1791362485,proc,82708,432,ANECompilerService,640
1791362485,proc,89138,592,generativeexperiencesd,1648
1791362485,sys,9029425,14,4197,
1791362486,proc,1081,464,aned,624
1791362486,proc,1643,9296,Ollama,29136
1791362486,proc,1664,17568,ollama,20768
1791362486,proc,14165,1664,translationd,4496
1791362486,proc,20853,23360,node,0
1791362486,proc,20861,3271344,llama-server,0
1791362486,proc,20929,27472,MTLCompilerService,0
1791362486,proc,22597,608,GenerativeExperiencesSafetyInferenceProvider,1440
1791362486,proc,24758,2144,intelligenceflowd,8768
1791362486,proc,63538,464,intelligencecontextd,3056
1791362486,proc,69280,480,intelligencetasksd,752
1791362486,proc,72488,608,AppleIntelligenceReportingProcessingService,1168
1791362486,proc,76300,512,IntelligencePlatformComputeService,1088
1791362486,proc,82708,432,ANECompilerService,640
1791362486,proc,89138,592,generativeexperiencesd,1648
1791362486,sys,9029425,14,4620,
1791362487,proc,1081,464,aned,624
1791362487,proc,1643,8624,Ollama,29136
1791362487,proc,1664,17664,ollama,20768
1791362487,proc,14165,1664,translationd,4496
1791362487,proc,20853,23360,node,0
1791362487,proc,20861,3271456,llama-server,0
1791362487,proc,20929,27472,MTLCompilerService,0
1791362487,proc,22597,608,GenerativeExperiencesSafetyInferenceProvider,1440
1791362487,proc,24758,2144,intelligenceflowd,8768
1791362487,proc,63538,464,intelligencecontextd,3056
1791362487,proc,69280,480,intelligencetasksd,752
1791362487,proc,72488,608,AppleIntelligenceReportingProcessingService,1168
1791362487,proc,76300,512,IntelligencePlatformComputeService,1088
1791362487,proc,82708,432,ANECompilerService,640
1791362487,proc,89138,592,generativeexperiencesd,1648
1791362487,sys,9029425,14,4252,
1791362488,proc,1081,464,aned,624
1791362488,proc,1643,9328,Ollama,29136
1791362488,proc,1664,17520,ollama,20768
1791362488,proc,14165,2928,translationd,4496
1791362488,proc,20853,20912,node,0
1791362488,proc,20861,3270336,llama-server,0
1791362488,proc,22597,608,GenerativeExperiencesSafetyInferenceProvider,1440
1791362488,proc,24758,2720,intelligenceflowd,8768
1791362488,proc,63538,1680,intelligencecontextd,3056
1791362488,proc,69280,480,intelligencetasksd,752
1791362488,proc,72488,608,AppleIntelligenceReportingProcessingService,1168
1791362488,proc,76300,512,IntelligencePlatformComputeService,1088
1791362488,proc,82708,432,ANECompilerService,640
1791362488,proc,89138,2000,generativeexperiencesd,1648
1791362488,sys,9029425,14,5416,
1791362489,proc,1081,464,aned,624
1791362489,proc,1643,9328,Ollama,29136
1791362489,proc,1664,17504,ollama,20768
1791362489,proc,14165,2576,translationd,4496
1791362489,proc,20853,20912,node,0
1791362489,proc,20861,3323472,llama-server,0
1791362489,proc,22597,608,GenerativeExperiencesSafetyInferenceProvider,1440
1791362489,proc,24758,2832,intelligenceflowd,8768
1791362489,proc,63538,1680,intelligencecontextd,3056
1791362489,proc,69280,480,intelligencetasksd,752
1791362489,proc,72488,608,AppleIntelligenceReportingProcessingService,1168
1791362489,proc,76300,1008,IntelligencePlatformComputeService,1088
1791362489,proc,82708,432,ANECompilerService,640
1791362489,proc,89138,2128,generativeexperiencesd,1648
1791362489,sys,9029425,14,4193,
1791362491,proc,1081,464,aned,624
1791362491,proc,1643,9328,Ollama,29136
1791362491,proc,1664,17584,ollama,20768
1791362491,proc,14165,2576,translationd,4496
1791362491,proc,20853,20912,node,0
1791362491,proc,20861,3327872,llama-server,0
1791362491,proc,22597,608,GenerativeExperiencesSafetyInferenceProvider,1440
1791362491,proc,24758,2864,intelligenceflowd,8768
1791362491,proc,63538,1680,intelligencecontextd,3056
1791362491,proc,69280,480,intelligencetasksd,752
1791362491,proc,72488,608,AppleIntelligenceReportingProcessingService,1168
1791362491,proc,76300,1008,IntelligencePlatformComputeService,1088
1791362491,proc,82708,432,ANECompilerService,640
1791362491,proc,89138,2160,generativeexperiencesd,1648
1791362491,sys,9029425,15,4952,
1791362492,proc,1081,464,aned,624
1791362492,proc,1643,9328,Ollama,29136
1791362492,proc,1664,17600,ollama,20768
1791362492,proc,14165,2432,translationd,4496
1791362492,proc,20853,20848,node,0
1791362492,proc,20861,3328128,llama-server,0
1791362492,proc,22597,608,GenerativeExperiencesSafetyInferenceProvider,1440
1791362492,proc,24758,2864,intelligenceflowd,8768
1791362492,proc,63538,1664,intelligencecontextd,3056
1791362492,proc,69280,480,intelligencetasksd,752
1791362492,proc,72488,608,AppleIntelligenceReportingProcessingService,1168
1791362492,proc,76300,1008,IntelligencePlatformComputeService,1088
1791362492,proc,82708,432,ANECompilerService,640
1791362492,proc,89138,2144,generativeexperiencesd,1648
1791362492,sys,9029425,15,3984,
1791362493,proc,1081,464,aned,624
1791362493,proc,1643,9328,Ollama,29136
1791362493,proc,1664,17632,ollama,20768
1791362493,proc,14165,2560,translationd,4496
1791362493,proc,20853,20848,node,0
1791362493,proc,20861,3328864,llama-server,0
1791362493,proc,22597,608,GenerativeExperiencesSafetyInferenceProvider,1440
1791362493,proc,24758,2864,intelligenceflowd,8768
1791362493,proc,63538,1664,intelligencecontextd,3056
1791362493,proc,69280,480,intelligencetasksd,752
1791362493,proc,72488,608,AppleIntelligenceReportingProcessingService,1168
1791362493,proc,76300,1008,IntelligencePlatformComputeService,1088
1791362493,proc,82708,432,ANECompilerService,640
1791362493,proc,89138,2160,generativeexperiencesd,1648
1791362493,sys,9029425,15,4061,
1791362494,proc,1081,464,aned,624
1791362494,proc,1643,9456,Ollama,29136
1791362494,proc,1664,17360,ollama,20768
1791362494,proc,14165,2240,translationd,4496
1791362494,proc,20861,3322464,llama-server,0
1791362494,proc,22597,608,GenerativeExperiencesSafetyInferenceProvider,1440
1791362494,proc,24758,2864,intelligenceflowd,8768
1791362494,proc,63538,1664,intelligencecontextd,3056
1791362494,proc,69280,480,intelligencetasksd,752
1791362494,proc,72488,608,AppleIntelligenceReportingProcessingService,1168
1791362494,proc,76300,1008,IntelligencePlatformComputeService,1088
1791362494,proc,82708,432,ANECompilerService,640
1791362494,proc,89138,2160,generativeexperiencesd,1648
1791362494,sys,9029425,15,4449,
1791362495,proc,1081,464,aned,624
1791362495,proc,1643,9456,Ollama,29136
1791362495,proc,1664,16880,ollama,20768
1791362495,proc,14165,2240,translationd,4496
1791362495,proc,20861,3249632,llama-server,0
1791362495,proc,22597,608,GenerativeExperiencesSafetyInferenceProvider,1440
1791362495,proc,24758,2864,intelligenceflowd,8768
1791362495,proc,63538,1664,intelligencecontextd,3056
1791362495,proc,69280,480,intelligencetasksd,752
1791362495,proc,72488,608,AppleIntelligenceReportingProcessingService,1168
1791362495,proc,76300,1008,IntelligencePlatformComputeService,1088
1791362495,proc,82708,432,ANECompilerService,640
1791362495,proc,89138,2160,generativeexperiencesd,1648
1791362495,sys,9029425,15,4209,
1791362496,proc,1081,464,aned,624
1791362496,proc,1643,9456,Ollama,29136
1791362496,proc,1664,15296,ollama,20768
1791362496,proc,14165,2240,translationd,4496
1791362496,proc,20861,3250064,llama-server,0
1791362496,proc,22597,608,GenerativeExperiencesSafetyInferenceProvider,1440
1791362496,proc,24758,2864,intelligenceflowd,8768
1791362496,proc,63538,1664,intelligencecontextd,3056
1791362496,proc,69280,480,intelligencetasksd,752
1791362496,proc,72488,608,AppleIntelligenceReportingProcessingService,1168
1791362496,proc,76300,1008,IntelligencePlatformComputeService,1088
1791362496,proc,82708,432,ANECompilerService,640
1791362496,proc,89138,2128,generativeexperiencesd,1648
1791362496,sys,9029425,15,4585,
1791362497,proc,1081,464,aned,624
1791362497,proc,1643,9456,Ollama,29136
1791362497,proc,1664,15344,ollama,20768
1791362497,proc,14165,2256,translationd,4496
1791362497,proc,20861,3250464,llama-server,0
1791362497,proc,22597,608,GenerativeExperiencesSafetyInferenceProvider,1440
1791362497,proc,24758,2848,intelligenceflowd,8768
1791362497,proc,63538,1664,intelligencecontextd,3056
1791362497,proc,69280,480,intelligencetasksd,752
1791362497,proc,72488,608,AppleIntelligenceReportingProcessingService,1168
1791362497,proc,76300,1008,IntelligencePlatformComputeService,1088
1791362497,proc,82708,432,ANECompilerService,640
1791362497,proc,89138,2096,generativeexperiencesd,1648
1791362497,sys,9029425,15,5527,
1791362498,proc,1081,464,aned,624
1791362498,proc,1643,9312,Ollama,29136
1791362498,proc,1664,15488,ollama,20768
1791362498,proc,14165,2176,translationd,4496
1791362498,proc,20861,3251440,llama-server,0
1791362498,proc,22597,608,GenerativeExperiencesSafetyInferenceProvider,1440
1791362498,proc,24758,2816,intelligenceflowd,8768
1791362498,proc,63538,1664,intelligencecontextd,3056
1791362498,proc,69280,480,intelligencetasksd,752
1791362498,proc,72488,608,AppleIntelligenceReportingProcessingService,1168
1791362498,proc,76300,1008,IntelligencePlatformComputeService,1088
1791362498,proc,82708,432,ANECompilerService,640
1791362498,proc,89138,2096,generativeexperiencesd,1648
1791362498,sys,9029425,15,5185,
1791362499,proc,1081,464,aned,624
1791362499,proc,1643,9344,Ollama,29136
1791362499,proc,1664,15616,ollama,20768
1791362499,proc,14165,2240,translationd,4496
1791362499,proc,20861,3252064,llama-server,0
1791362499,proc,22597,608,GenerativeExperiencesSafetyInferenceProvider,1440
1791362499,proc,24758,2816,intelligenceflowd,8768
1791362499,proc,63538,1664,intelligencecontextd,3056
1791362499,proc,69280,480,intelligencetasksd,752
1791362499,proc,72488,608,AppleIntelligenceReportingProcessingService,1168
1791362499,proc,76300,1008,IntelligencePlatformComputeService,1088
1791362499,proc,82708,432,ANECompilerService,640
1791362499,proc,89138,2096,generativeexperiencesd,1648
1791362499,sys,9029425,15,4507,
1791362500,proc,1081,464,aned,624
1791362500,proc,1643,9344,Ollama,29136
1791362500,proc,1664,15680,ollama,20768
1791362500,proc,14165,2240,translationd,4496
1791362500,proc,20861,3252656,llama-server,0
1791362500,proc,22597,608,GenerativeExperiencesSafetyInferenceProvider,1440
1791362500,proc,24758,2816,intelligenceflowd,8768
1791362500,proc,63538,1664,intelligencecontextd,3056
1791362500,proc,69280,480,intelligencetasksd,752
1791362500,proc,72488,608,AppleIntelligenceReportingProcessingService,1168
1791362500,proc,76300,1008,IntelligencePlatformComputeService,1088
1791362500,proc,82708,432,ANECompilerService,640
1791362500,proc,89138,2096,generativeexperiencesd,1648
1791362500,sys,9029425,15,4386,
1791362501,proc,1081,464,aned,624
1791362501,proc,1643,9344,Ollama,29136
1791362501,proc,1664,15712,ollama,20768
1791362501,proc,14165,2192,translationd,4496
1791362501,proc,20861,3253184,llama-server,0
1791362501,proc,22597,608,GenerativeExperiencesSafetyInferenceProvider,1440
1791362501,proc,24758,2816,intelligenceflowd,8768
1791362501,proc,63538,1664,intelligencecontextd,3056
1791362501,proc,69280,480,intelligencetasksd,752
1791362501,proc,72488,608,AppleIntelligenceReportingProcessingService,1168
1791362501,proc,76300,1008,IntelligencePlatformComputeService,1088
1791362501,proc,82708,432,ANECompilerService,640
1791362501,proc,89138,2736,generativeexperiencesd,1648
1791362501,sys,9029425,14,4160,
1791362502,proc,1081,464,aned,624
1791362502,proc,1643,9344,Ollama,29136
1791362502,proc,1664,15792,ollama,20768
1791362502,proc,14165,2192,translationd,4496
1791362502,proc,20861,3253920,llama-server,0
1791362502,proc,22597,608,GenerativeExperiencesSafetyInferenceProvider,1440
1791362502,proc,24758,2816,intelligenceflowd,8768
1791362502,proc,63538,1664,intelligencecontextd,3056
1791362502,proc,69280,480,intelligencetasksd,752
1791362502,proc,72488,608,AppleIntelligenceReportingProcessingService,1168
1791362502,proc,76300,1008,IntelligencePlatformComputeService,1088
1791362502,proc,82708,432,ANECompilerService,640
1791362502,proc,89138,2736,generativeexperiencesd,1648
1791362502,sys,9029425,14,4849,
1791362503,proc,1081,464,aned,624
1791362503,proc,1643,9344,Ollama,29136
1791362503,proc,1664,21600,ollama,20768
1791362503,proc,14165,2240,translationd,4496
1791362503,proc,20861,3253920,llama-server,0
1791362503,proc,22597,608,GenerativeExperiencesSafetyInferenceProvider,1440
1791362503,proc,24758,2800,intelligenceflowd,8768
1791362503,proc,63538,1648,intelligencecontextd,3056
1791362503,proc,69280,480,intelligencetasksd,752
1791362503,proc,72488,608,AppleIntelligenceReportingProcessingService,1168
1791362503,proc,76300,1008,IntelligencePlatformComputeService,1088
1791362503,proc,82708,432,ANECompilerService,640
1791362503,proc,89138,2736,generativeexperiencesd,1648
1791362503,sys,9029425,14,4274,
1791362504,proc,1081,464,aned,624
1791362504,proc,1643,9344,Ollama,29136
1791362504,proc,1664,21136,ollama,20768
1791362504,proc,14165,2240,translationd,4496
1791362504,proc,20861,3238912,llama-server,0
1791362504,proc,22597,608,GenerativeExperiencesSafetyInferenceProvider,1440
1791362504,proc,24758,2800,intelligenceflowd,8768
1791362504,proc,63538,1648,intelligencecontextd,3056
1791362504,proc,69280,480,intelligencetasksd,752
1791362504,proc,72488,608,AppleIntelligenceReportingProcessingService,1168
1791362504,proc,76300,1008,IntelligencePlatformComputeService,1088
1791362504,proc,82708,432,ANECompilerService,640
1791362504,proc,89138,2736,generativeexperiencesd,1648
1791362504,sys,9029425,14,4525,
1791362505,proc,1081,464,aned,624
1791362505,proc,1643,8912,Ollama,29136
1791362505,proc,1664,21136,ollama,20768
1791362505,proc,14165,2240,translationd,4496
1791362505,proc,20861,3237760,llama-server,0
1791362505,proc,22597,608,GenerativeExperiencesSafetyInferenceProvider,1440
1791362505,proc,24758,2800,intelligenceflowd,8768
1791362505,proc,63538,1648,intelligencecontextd,3056
1791362505,proc,69280,480,intelligencetasksd,752
1791362505,proc,72488,608,AppleIntelligenceReportingProcessingService,1168
1791362505,proc,76300,1008,IntelligencePlatformComputeService,1088
1791362505,proc,82708,432,ANECompilerService,640
1791362505,proc,89138,2736,generativeexperiencesd,1648
1791362505,sys,9029425,14,4905,
1791362506,proc,1081,464,aned,624
1791362506,proc,1643,15296,Ollama,29136
1791362506,proc,1664,21152,ollama,20768
1791362506,proc,14165,2240,translationd,4496
1791362506,proc,20861,3238000,llama-server,0
1791362506,proc,22597,608,GenerativeExperiencesSafetyInferenceProvider,1440
1791362506,proc,24758,2800,intelligenceflowd,8768
1791362506,proc,63538,1648,intelligencecontextd,3056
1791362506,proc,69280,480,intelligencetasksd,752
1791362506,proc,72488,608,AppleIntelligenceReportingProcessingService,1168
1791362506,proc,76300,1008,IntelligencePlatformComputeService,1088
1791362506,proc,82708,432,ANECompilerService,640
1791362506,proc,89138,2736,generativeexperiencesd,1648
1791362506,sys,9029425,15,4415,
1791362507,proc,1081,464,aned,624
1791362507,proc,1643,15216,Ollama,29136
1791362507,proc,1664,21152,ollama,20768
1791362507,proc,14165,2144,translationd,4496
1791362507,proc,20861,3225664,llama-server,0
1791362507,proc,22597,608,GenerativeExperiencesSafetyInferenceProvider,1440
1791362507,proc,24758,6288,intelligenceflowd,8768
1791362507,proc,63538,1648,intelligencecontextd,3056
1791362507,proc,69280,480,intelligencetasksd,752
1791362507,proc,72488,608,AppleIntelligenceReportingProcessingService,1168
1791362507,proc,76300,1008,IntelligencePlatformComputeService,1088
1791362507,proc,82708,432,ANECompilerService,640
1791362507,proc,89138,2112,generativeexperiencesd,1648
1791362507,sys,9029425,15,4290,
1791362509,proc,1081,464,aned,624
1791362509,proc,1643,15216,Ollama,29136
1791362509,proc,1664,18592,ollama,20768
1791362509,proc,14165,2144,translationd,4496
1791362509,proc,20861,3225888,llama-server,0
1791362509,proc,22597,608,GenerativeExperiencesSafetyInferenceProvider,1440
1791362509,proc,24758,6288,intelligenceflowd,8768
1791362509,proc,63538,1648,intelligencecontextd,3056
1791362509,proc,69280,480,intelligencetasksd,752
1791362509,proc,72488,608,AppleIntelligenceReportingProcessingService,1168
1791362509,proc,76300,1008,IntelligencePlatformComputeService,1088
1791362509,proc,82708,432,ANECompilerService,640
1791362509,proc,89138,2112,generativeexperiencesd,1648
1791362509,sys,9029425,15,4203,
1791362510,proc,1081,464,aned,624
1791362510,proc,1643,15216,Ollama,29136
1791362510,proc,1664,17936,ollama,20768
1791362510,proc,14165,2096,translationd,4496
1791362510,proc,20861,3216608,llama-server,0
1791362510,proc,22597,608,GenerativeExperiencesSafetyInferenceProvider,1440
1791362510,proc,24758,6288,intelligenceflowd,8768
1791362510,proc,63538,1696,intelligencecontextd,3056
1791362510,proc,69280,480,intelligencetasksd,752
1791362510,proc,72488,608,AppleIntelligenceReportingProcessingService,1168
1791362510,proc,76300,1008,IntelligencePlatformComputeService,1088
1791362510,proc,82708,432,ANECompilerService,640
1791362510,proc,89138,2160,generativeexperiencesd,1648
1791362510,sys,9029425,15,5277,
1791362511,proc,1081,464,aned,624
1791362511,proc,1643,15216,Ollama,29136
1791362511,proc,1664,17968,ollama,20768
1791362511,proc,14165,2096,translationd,4496
1791362511,proc,20861,3214720,llama-server,0
1791362511,proc,22597,608,GenerativeExperiencesSafetyInferenceProvider,1440
1791362511,proc,24758,6288,intelligenceflowd,8768
1791362511,proc,63538,1696,intelligencecontextd,3056
1791362511,proc,69280,480,intelligencetasksd,752
1791362511,proc,72488,608,AppleIntelligenceReportingProcessingService,1168
1791362511,proc,76300,1008,IntelligencePlatformComputeService,1088
1791362511,proc,82708,432,ANECompilerService,640
1791362511,proc,89138,2160,generativeexperiencesd,1648
1791362511,sys,9029425,15,4867,
1791362512,proc,1081,464,aned,624
1791362512,proc,1643,15216,Ollama,29136
1791362512,proc,1664,16016,ollama,20768
1791362512,proc,14165,2944,translationd,4496
1791362512,proc,20861,3202768,llama-server,0
1791362512,proc,22597,608,GenerativeExperiencesSafetyInferenceProvider,1440
1791362512,proc,24758,6288,intelligenceflowd,8768
1791362512,proc,63538,1696,intelligencecontextd,3056
1791362512,proc,69280,480,intelligencetasksd,752
1791362512,proc,72488,608,AppleIntelligenceReportingProcessingService,1168
1791362512,proc,76300,1008,IntelligencePlatformComputeService,1088
1791362512,proc,82708,432,ANECompilerService,640
1791362512,proc,89138,2160,generativeexperiencesd,1648
1791362512,sys,9029425,15,5552,
1791362513,proc,1081,464,aned,624
1791362513,proc,1643,10048,Ollama,29136
1791362513,proc,1664,16064,ollama,20768
1791362513,proc,14165,2976,translationd,4496
1791362513,proc,20861,3203168,llama-server,0
1791362513,proc,22597,608,GenerativeExperiencesSafetyInferenceProvider,1440
1791362513,proc,24758,6272,intelligenceflowd,8768
1791362513,proc,63538,1696,intelligencecontextd,3056
1791362513,proc,69280,480,intelligencetasksd,752
1791362513,proc,72488,608,AppleIntelligenceReportingProcessingService,1168
1791362513,proc,76300,1008,IntelligencePlatformComputeService,1088
1791362513,proc,82708,432,ANECompilerService,640
1791362513,proc,89138,2160,generativeexperiencesd,1648
1791362513,sys,9029425,15,4085,
1791362514,proc,1081,464,aned,624
1791362514,proc,1643,10048,Ollama,29136
1791362514,proc,1664,16096,ollama,20768
1791362514,proc,14165,2976,translationd,4496
1791362514,proc,20861,3203472,llama-server,0
1791362514,proc,22597,608,GenerativeExperiencesSafetyInferenceProvider,1440
1791362514,proc,24758,6272,intelligenceflowd,8768
1791362514,proc,63538,1712,intelligencecontextd,3056
1791362514,proc,69280,480,intelligencetasksd,752
1791362514,proc,72488,608,AppleIntelligenceReportingProcessingService,1168
1791362514,proc,76300,1008,IntelligencePlatformComputeService,1088
1791362514,proc,82708,432,ANECompilerService,640
1791362514,proc,89138,3472,generativeexperiencesd,1648
1791362514,sys,9029425,15,4409,
1791362515,proc,1081,464,aned,624
1791362515,proc,1643,9552,Ollama,29136
1791362515,proc,1664,16128,ollama,20768
1791362515,proc,14165,3296,translationd,4496
1791362515,proc,20861,3203184,llama-server,0
1791362515,proc,22597,608,GenerativeExperiencesSafetyInferenceProvider,1440
1791362515,proc,24758,6288,intelligenceflowd,8768
1791362515,proc,63538,1712,intelligencecontextd,3056
1791362515,proc,69280,480,intelligencetasksd,752
1791362515,proc,72488,608,AppleIntelligenceReportingProcessingService,1168
1791362515,proc,76300,1008,IntelligencePlatformComputeService,1088
1791362515,proc,82708,432,ANECompilerService,640
1791362515,proc,89138,3472,generativeexperiencesd,1648
1791362515,sys,9029425,15,5679,
1791362516,proc,1081,464,aned,624
1791362516,proc,1643,9088,Ollama,29136
1791362516,proc,1664,16176,ollama,20768
1791362516,proc,14165,3296,translationd,4496
1791362516,proc,20861,3203872,llama-server,0
1791362516,proc,22597,608,GenerativeExperiencesSafetyInferenceProvider,1440
1791362516,proc,24758,4144,intelligenceflowd,8768
1791362516,proc,63538,1712,intelligencecontextd,3056
1791362516,proc,69280,480,intelligencetasksd,752
1791362516,proc,72488,608,AppleIntelligenceReportingProcessingService,1168
1791362516,proc,76300,1008,IntelligencePlatformComputeService,1088
1791362516,proc,82708,432,ANECompilerService,640
1791362516,proc,89138,3472,generativeexperiencesd,1648
1791362516,sys,9029425,15,4114,
1791362517,proc,1081,464,aned,624
1791362517,proc,1643,9088,Ollama,29136
1791362517,proc,1664,20672,ollama,20768
1791362517,proc,14165,2608,translationd,4496
1791362517,proc,20861,3324368,llama-server,0
1791362517,proc,21880,58032,node,0
1791362517,proc,22597,608,GenerativeExperiencesSafetyInferenceProvider,1440
1791362517,proc,24758,3296,intelligenceflowd,8768
1791362517,proc,63538,1664,intelligencecontextd,3056
1791362517,proc,69280,480,intelligencetasksd,752
1791362517,proc,72488,608,AppleIntelligenceReportingProcessingService,1168
1791362517,proc,76300,1008,IntelligencePlatformComputeService,1088
1791362517,proc,82708,432,ANECompilerService,640
1791362517,proc,89138,2400,generativeexperiencesd,1648
1791362517,sys,9029425,15,4229,
1791362518,proc,1081,464,aned,624
1791362518,proc,1643,9088,Ollama,29136
1791362518,proc,1664,20672,ollama,20768
1791362518,proc,14165,2608,translationd,4496
1791362518,proc,20861,3330192,llama-server,0
1791362518,proc,21880,58032,node,0
1791362518,proc,22597,608,GenerativeExperiencesSafetyInferenceProvider,1440
1791362518,proc,24758,3312,intelligenceflowd,8768
1791362518,proc,63538,1664,intelligencecontextd,3056
1791362518,proc,69280,480,intelligencetasksd,752
1791362518,proc,72488,608,AppleIntelligenceReportingProcessingService,1168
1791362518,proc,76300,1008,IntelligencePlatformComputeService,1088
1791362518,proc,82708,432,ANECompilerService,640
1791362518,proc,89138,2400,generativeexperiencesd,1648
1791362518,sys,9029425,15,4378,
1791362519,proc,1081,464,aned,624
1791362519,proc,1643,9072,Ollama,29136
1791362519,proc,1664,20608,ollama,20768
1791362519,proc,14165,2288,translationd,4496
1791362519,proc,20861,3332944,llama-server,0
1791362519,proc,21880,57360,node,0
1791362519,proc,22597,608,GenerativeExperiencesSafetyInferenceProvider,1440
1791362519,proc,24758,3312,intelligenceflowd,8768
1791362519,proc,63538,1664,intelligencecontextd,3056
1791362519,proc,69280,480,intelligencetasksd,752
1791362519,proc,72488,608,AppleIntelligenceReportingProcessingService,1168
1791362519,proc,76300,1008,IntelligencePlatformComputeService,1088
1791362519,proc,82708,432,ANECompilerService,640
1791362519,proc,89138,2384,generativeexperiencesd,1648
1791362519,sys,9029425,15,4887,
1791362520,proc,1081,464,aned,624
1791362520,proc,1643,9072,Ollama,29136
1791362520,proc,1664,20528,ollama,20768
1791362520,proc,14165,2240,translationd,4496
1791362520,proc,20861,3334848,llama-server,0
1791362520,proc,21880,56064,node,0
1791362520,proc,22597,608,GenerativeExperiencesSafetyInferenceProvider,1440
1791362520,proc,24758,3312,intelligenceflowd,8768
1791362520,proc,63538,1664,intelligencecontextd,3056
1791362520,proc,69280,480,intelligencetasksd,752
1791362520,proc,72488,608,AppleIntelligenceReportingProcessingService,1168
1791362520,proc,76300,1008,IntelligencePlatformComputeService,1088
1791362520,proc,82708,432,ANECompilerService,640
1791362520,proc,89138,2384,generativeexperiencesd,1648
1791362520,sys,9029425,15,4209,
1791362521,proc,1081,464,aned,624
1791362521,proc,1643,8608,Ollama,29136
1791362521,proc,1664,19792,ollama,20768
1791362521,proc,14165,2240,translationd,4496
1791362521,proc,20861,3334096,llama-server,0
1791362521,proc,21880,51520,node,0
1791362521,proc,22597,608,GenerativeExperiencesSafetyInferenceProvider,1440
1791362521,proc,24758,3152,intelligenceflowd,8768
1791362521,proc,63538,1664,intelligencecontextd,3056
1791362521,proc,69280,480,intelligencetasksd,752
1791362521,proc,76300,1008,IntelligencePlatformComputeService,1088
1791362521,proc,82708,432,ANECompilerService,640
1791362521,proc,89138,2400,generativeexperiencesd,1648
1791362521,sys,9029425,15,4749,
1791362522,proc,1081,464,aned,624
1791362522,proc,1643,8608,Ollama,29136
1791362522,proc,1664,18144,ollama,20768
1791362522,proc,14165,2176,translationd,4496
1791362522,proc,20861,3334128,llama-server,0
1791362522,proc,21880,50128,node,0
1791362522,proc,22597,608,GenerativeExperiencesSafetyInferenceProvider,1440
1791362522,proc,24758,3152,intelligenceflowd,8768
1791362522,proc,63538,1664,intelligencecontextd,3056
1791362522,proc,69280,480,intelligencetasksd,752
1791362522,proc,76300,1008,IntelligencePlatformComputeService,1088
1791362522,proc,82708,432,ANECompilerService,640
1791362522,proc,89138,2400,generativeexperiencesd,1648
1791362522,sys,9029425,15,4950,
1791362523,proc,1081,464,aned,624
1791362523,proc,1643,8608,Ollama,29136
1791362523,proc,1664,18192,ollama,20768
1791362523,proc,14165,2208,translationd,4496
1791362523,proc,20861,3334752,llama-server,0
1791362523,proc,21880,50240,node,0
1791362523,proc,22597,608,GenerativeExperiencesSafetyInferenceProvider,1440
1791362523,proc,24758,3152,intelligenceflowd,8768
1791362523,proc,63538,1664,intelligencecontextd,3056
1791362523,proc,69280,480,intelligencetasksd,752
1791362523,proc,76300,1008,IntelligencePlatformComputeService,1088
1791362523,proc,82708,432,ANECompilerService,640
1791362523,proc,89138,2400,generativeexperiencesd,1648
1791362523,sys,9029425,15,4219,
1791362524,proc,1081,464,aned,624
1791362524,proc,1643,8608,Ollama,29136
1791362524,proc,1664,18272,ollama,20768
1791362524,proc,14165,2208,translationd,4496
1791362524,proc,20861,3335296,llama-server,0
1791362524,proc,21880,50240,node,0
1791362524,proc,22597,608,GenerativeExperiencesSafetyInferenceProvider,1440
1791362524,proc,24758,3152,intelligenceflowd,8768
1791362524,proc,63538,1664,intelligencecontextd,3056
1791362524,proc,69280,480,intelligencetasksd,752
1791362524,proc,76300,1008,IntelligencePlatformComputeService,1088
1791362524,proc,82708,432,ANECompilerService,640
1791362524,proc,89138,2400,generativeexperiencesd,1648
1791362524,sys,9029425,15,4261,
1791362526,proc,1081,464,aned,624
1791362526,proc,1643,8608,Ollama,29136
1791362526,proc,1664,18112,ollama,20768
1791362526,proc,14165,2208,translationd,4496
1791362526,proc,20861,3335744,llama-server,0
1791362526,proc,21880,53584,node,0
1791362526,proc,22597,608,GenerativeExperiencesSafetyInferenceProvider,1440
1791362526,proc,24758,3152,intelligenceflowd,8768
1791362526,proc,63538,1664,intelligencecontextd,3056
1791362526,proc,69280,480,intelligencetasksd,752
1791362526,proc,76300,1008,IntelligencePlatformComputeService,1088
1791362526,proc,82708,432,ANECompilerService,640
1791362526,proc,89138,2400,generativeexperiencesd,1648
1791362526,sys,9029425,15,4238,
1791362527,proc,1081,464,aned,624
1791362527,proc,1643,8608,Ollama,29136
1791362527,proc,1664,18096,ollama,20768
1791362527,proc,14165,2272,translationd,4496
1791362527,proc,20861,3336064,llama-server,0
1791362527,proc,21880,53040,node,0
1791362527,proc,22597,608,GenerativeExperiencesSafetyInferenceProvider,1440
1791362527,proc,24758,3152,intelligenceflowd,8768
1791362527,proc,63538,1664,intelligencecontextd,3056
1791362527,proc,69280,480,intelligencetasksd,752
1791362527,proc,76300,1008,IntelligencePlatformComputeService,1088
1791362527,proc,82708,432,ANECompilerService,640
1791362527,proc,89138,2400,generativeexperiencesd,1648
1791362527,sys,9029425,15,4495,
1791362528,proc,1081,464,aned,624
1791362528,proc,1643,8608,Ollama,29136
1791362528,proc,1664,18032,ollama,20768
1791362528,proc,14165,2304,translationd,4496
1791362528,proc,20861,3335696,llama-server,0
1791362528,proc,21880,53008,node,0
1791362528,proc,22597,608,GenerativeExperiencesSafetyInferenceProvider,1440
1791362528,proc,24758,2192,intelligenceflowd,8768
1791362528,proc,63538,1104,intelligencecontextd,3056
1791362528,proc,69280,480,intelligencetasksd,752
1791362528,proc,76300,1008,IntelligencePlatformComputeService,1088
1791362528,proc,82708,432,ANECompilerService,640
1791362528,proc,89138,2256,generativeexperiencesd,1648
1791362528,sys,9029425,15,4152,
1791362529,proc,1081,464,aned,624
1791362529,proc,1643,8608,Ollama,29136
1791362529,proc,1664,18016,ollama,20768
1791362529,proc,14165,2272,translationd,4496
1791362529,proc,20861,3335072,llama-server,0
1791362529,proc,21880,52992,node,0
1791362529,proc,22597,608,GenerativeExperiencesSafetyInferenceProvider,1440
1791362529,proc,24758,2192,intelligenceflowd,8768
1791362529,proc,63538,544,intelligencecontextd,3056
1791362529,proc,69280,480,intelligencetasksd,752
1791362529,proc,76300,1008,IntelligencePlatformComputeService,1088
1791362529,proc,82708,432,ANECompilerService,640
1791362529,proc,89138,2256,generativeexperiencesd,1648
1791362529,sys,9029425,15,4375,
1791362530,proc,1081,464,aned,624
1791362530,proc,1643,8608,Ollama,29136
1791362530,proc,1664,22352,ollama,20768
1791362530,proc,14165,2272,translationd,4496
1791362530,proc,20861,3336000,llama-server,0
1791362530,proc,21880,52992,node,0
1791362530,proc,22597,608,GenerativeExperiencesSafetyInferenceProvider,1440
1791362530,proc,24758,2192,intelligenceflowd,8768
1791362530,proc,63538,544,intelligencecontextd,3056
1791362530,proc,69280,480,intelligencetasksd,752
1791362530,proc,76300,1008,IntelligencePlatformComputeService,1088
1791362530,proc,82708,432,ANECompilerService,640
1791362530,proc,89138,2256,generativeexperiencesd,1648
1791362530,sys,9029425,15,4612,
1791362531,proc,1081,464,aned,624
1791362531,proc,1643,8608,Ollama,29136
1791362531,proc,1664,22320,ollama,20768
1791362531,proc,14165,1488,translationd,4496
1791362531,proc,20861,3425408,llama-server,0
1791362531,proc,21880,52960,node,0
1791362531,proc,22597,608,GenerativeExperiencesSafetyInferenceProvider,1440
1791362531,proc,24758,2192,intelligenceflowd,8768
1791362531,proc,63538,528,intelligencecontextd,3056
1791362531,proc,69280,480,intelligencetasksd,752
1791362531,proc,76300,1008,IntelligencePlatformComputeService,1088
1791362531,proc,82708,432,ANECompilerService,640
1791362531,proc,89138,1488,generativeexperiencesd,1648
1791362531,sys,9029425,15,4231,
1791362532,proc,1081,464,aned,624
1791362532,proc,1643,8608,Ollama,29136
1791362532,proc,1664,22320,ollama,20768
1791362532,proc,14165,1488,translationd,4496
1791362532,proc,20861,3425440,llama-server,0
1791362532,proc,21880,52864,node,0
1791362532,proc,22597,608,GenerativeExperiencesSafetyInferenceProvider,1440
1791362532,proc,24758,2192,intelligenceflowd,8768
1791362532,proc,63538,528,intelligencecontextd,3056
1791362532,proc,69280,480,intelligencetasksd,752
1791362532,proc,76300,1008,IntelligencePlatformComputeService,1088
1791362532,proc,82708,432,ANECompilerService,640
1791362532,proc,89138,1680,generativeexperiencesd,1648
1791362532,sys,9029425,15,4570,
1791362533,proc,1081,464,aned,624
1791362533,proc,1643,8608,Ollama,29136
1791362533,proc,1664,22320,ollama,20768
1791362533,proc,14165,1440,translationd,4496
1791362533,proc,20861,3389344,llama-server,0
1791362533,proc,21880,51904,node,0
1791362533,proc,22597,608,GenerativeExperiencesSafetyInferenceProvider,1440
1791362533,proc,24758,2192,intelligenceflowd,8768
1791362533,proc,63538,528,intelligencecontextd,3056
1791362533,proc,69280,480,intelligencetasksd,752
1791362533,proc,76300,1008,IntelligencePlatformComputeService,1088
1791362533,proc,82708,432,ANECompilerService,640
1791362533,proc,89138,1680,generativeexperiencesd,1648
1791362533,sys,9029425,16,8608,
1791362534,proc,1081,464,aned,624
1791362534,proc,1643,8608,Ollama,29136
1791362534,proc,1664,22320,ollama,20768
1791362534,proc,14165,1440,translationd,4496
1791362534,proc,20861,3318192,llama-server,0
1791362534,proc,21880,51904,node,0
1791362534,proc,22597,608,GenerativeExperiencesSafetyInferenceProvider,1440
1791362534,proc,24758,2192,intelligenceflowd,8768
1791362534,proc,63538,528,intelligencecontextd,3056
1791362534,proc,69280,480,intelligencetasksd,752
1791362534,proc,76300,1008,IntelligencePlatformComputeService,1088
1791362534,proc,82708,432,ANECompilerService,640
1791362534,proc,89138,1680,generativeexperiencesd,1648
1791362534,sys,9029425,16,10401,
1791362535,proc,1081,464,aned,624
1791362535,proc,1643,8608,Ollama,29136
1791362535,proc,1664,22320,ollama,20768
1791362535,proc,14165,1440,translationd,4496
1791362535,proc,20861,3318304,llama-server,0
1791362535,proc,21880,51904,node,0
1791362535,proc,22597,608,GenerativeExperiencesSafetyInferenceProvider,1440
1791362535,proc,24758,2192,intelligenceflowd,8768
1791362535,proc,63538,528,intelligencecontextd,3056
1791362535,proc,69280,480,intelligencetasksd,752
1791362535,proc,76300,1008,IntelligencePlatformComputeService,1088
1791362535,proc,82708,432,ANECompilerService,640
1791362535,proc,89138,1680,generativeexperiencesd,1648
1791362535,sys,9029425,16,9079,
1791362536,proc,1081,464,aned,624
1791362536,proc,1643,8608,Ollama,29136
1791362536,proc,1664,22320,ollama,20768
1791362536,proc,14165,1440,translationd,4496
1791362536,proc,20861,3318496,llama-server,0
1791362536,proc,21880,51904,node,0
1791362536,proc,22597,608,GenerativeExperiencesSafetyInferenceProvider,1440
1791362536,proc,24758,2192,intelligenceflowd,8768
1791362536,proc,63538,528,intelligencecontextd,3056
1791362536,proc,69280,480,intelligencetasksd,752
1791362536,proc,76300,1008,IntelligencePlatformComputeService,1088
1791362536,proc,82708,432,ANECompilerService,640
1791362536,proc,89138,1680,generativeexperiencesd,1648
1791362536,sys,9029425,16,7293,
1791362537,proc,1081,464,aned,624
1791362537,proc,1643,8608,Ollama,29136
1791362537,proc,1664,22320,ollama,20768
1791362537,proc,14165,1440,translationd,4496
1791362537,proc,20861,3318592,llama-server,0
1791362537,proc,21880,51920,node,0
1791362537,proc,22597,608,GenerativeExperiencesSafetyInferenceProvider,1440
1791362537,proc,24758,2192,intelligenceflowd,8768
1791362537,proc,63538,528,intelligencecontextd,3056
1791362537,proc,69280,480,intelligencetasksd,752
1791362537,proc,76300,1008,IntelligencePlatformComputeService,1088
1791362537,proc,82708,432,ANECompilerService,640
1791362537,proc,89138,1664,generativeexperiencesd,1648
1791362537,sys,9029425,16,5617,
1791362538,proc,1081,464,aned,624
1791362538,proc,1643,8608,Ollama,29136
1791362538,proc,1664,22320,ollama,20768
1791362538,proc,14165,1440,translationd,4496
1791362538,proc,20861,3318704,llama-server,0
1791362538,proc,21880,51920,node,0
1791362538,proc,22597,608,GenerativeExperiencesSafetyInferenceProvider,1440
1791362538,proc,24758,2192,intelligenceflowd,8768
1791362538,proc,63538,528,intelligencecontextd,3056
1791362538,proc,69280,480,intelligencetasksd,752
1791362538,proc,76300,1008,IntelligencePlatformComputeService,1088
1791362538,proc,82708,432,ANECompilerService,640
1791362538,proc,89138,1664,generativeexperiencesd,1648
1791362538,sys,9029425,16,4493,
1791362539,proc,1081,464,aned,624
1791362539,proc,1643,8608,Ollama,29136
1791362539,proc,1664,22320,ollama,20768
1791362539,proc,14165,1440,translationd,4496
1791362539,proc,20861,3318800,llama-server,0
1791362539,proc,21880,51920,node,0
1791362539,proc,22597,608,GenerativeExperiencesSafetyInferenceProvider,1440
1791362539,proc,24758,2192,intelligenceflowd,8768
1791362539,proc,63538,528,intelligencecontextd,3056
1791362539,proc,69280,480,intelligencetasksd,752
1791362539,proc,76300,1008,IntelligencePlatformComputeService,1088
1791362539,proc,82708,432,ANECompilerService,640
1791362539,proc,89138,1664,generativeexperiencesd,1648
1791362539,sys,9029425,16,5550,
1791362540,proc,1081,464,aned,624
1791362540,proc,1643,8608,Ollama,29136
1791362540,proc,1664,22336,ollama,20768
1791362540,proc,14165,1440,translationd,4496
1791362540,proc,20861,3318896,llama-server,0
1791362540,proc,21880,51920,node,0
1791362540,proc,22597,608,GenerativeExperiencesSafetyInferenceProvider,1440
1791362540,proc,24758,2192,intelligenceflowd,8768
1791362540,proc,63538,528,intelligencecontextd,3056
1791362540,proc,69280,480,intelligencetasksd,752
1791362540,proc,76300,1008,IntelligencePlatformComputeService,1088
1791362540,proc,82708,432,ANECompilerService,640
1791362540,proc,89138,1664,generativeexperiencesd,1648
1791362540,sys,9029425,16,4544,
1791362541,proc,1081,464,aned,624
1791362541,proc,1643,8608,Ollama,29136
1791362541,proc,1664,22336,ollama,20768
1791362541,proc,14165,1440,translationd,4496
1791362541,proc,20861,3318944,llama-server,0
1791362541,proc,21880,51920,node,0
1791362541,proc,22597,608,GenerativeExperiencesSafetyInferenceProvider,1440
1791362541,proc,24758,2192,intelligenceflowd,8768
1791362541,proc,63538,528,intelligencecontextd,3056
1791362541,proc,69280,480,intelligencetasksd,752
1791362541,proc,76300,1008,IntelligencePlatformComputeService,1088
1791362541,proc,82708,432,ANECompilerService,640
1791362541,proc,89138,1664,generativeexperiencesd,1648
1791362541,sys,9029425,16,4504,
1791362542,proc,1081,464,aned,624
1791362542,proc,1643,8608,Ollama,29136
1791362542,proc,1664,22336,ollama,20768
1791362542,proc,14165,1440,translationd,4496
1791362542,proc,20861,3318976,llama-server,0
1791362542,proc,21880,51184,node,0
1791362542,proc,22597,608,GenerativeExperiencesSafetyInferenceProvider,1440
1791362542,proc,24758,2192,intelligenceflowd,8768
1791362542,proc,63538,528,intelligencecontextd,3056
1791362542,proc,69280,480,intelligencetasksd,752
1791362542,proc,76300,1008,IntelligencePlatformComputeService,1088
1791362542,proc,82708,432,ANECompilerService,640
1791362542,proc,89138,1664,generativeexperiencesd,1648
1791362542,sys,9029425,16,5730,
1791362543,proc,1081,464,aned,624
1791362543,proc,1643,8608,Ollama,29136
1791362543,proc,1664,22368,ollama,20768
1791362543,proc,14165,1440,translationd,4496
1791362543,proc,20861,3319056,llama-server,0
1791362543,proc,21880,51184,node,0
1791362543,proc,22597,608,GenerativeExperiencesSafetyInferenceProvider,1440
1791362543,proc,24758,2192,intelligenceflowd,8768
1791362543,proc,63538,528,intelligencecontextd,3056
1791362543,proc,69280,480,intelligencetasksd,752
1791362543,proc,76300,1008,IntelligencePlatformComputeService,1088
1791362543,proc,82708,432,ANECompilerService,640
1791362543,proc,89138,1664,generativeexperiencesd,1648
1791362543,sys,9029425,15,4983,
1791362545,proc,1081,464,aned,624
1791362545,proc,1643,8608,Ollama,29136
1791362545,proc,1664,22384,ollama,20768
1791362545,proc,14165,1440,translationd,4496
1791362545,proc,20861,3319184,llama-server,0
1791362545,proc,21880,51184,node,0
1791362545,proc,22597,608,GenerativeExperiencesSafetyInferenceProvider,1440
1791362545,proc,24758,2192,intelligenceflowd,8768
1791362545,proc,63538,528,intelligencecontextd,3056
1791362545,proc,76300,1008,IntelligencePlatformComputeService,1088
1791362545,proc,82708,432,ANECompilerService,640
1791362545,proc,89138,1664,generativeexperiencesd,1648
1791362545,sys,9029425,15,4813,
1791362546,proc,1081,464,aned,624
1791362546,proc,1643,8608,Ollama,29136
1791362546,proc,1664,22400,ollama,20768
1791362546,proc,14165,1824,translationd,4496
1791362546,proc,20861,3318944,llama-server,0
1791362546,proc,21880,50576,node,0
1791362546,proc,22597,608,GenerativeExperiencesSafetyInferenceProvider,1440
1791362546,proc,24758,2192,intelligenceflowd,8768
1791362546,proc,63538,528,intelligencecontextd,3056
1791362546,proc,76300,1008,IntelligencePlatformComputeService,1088
1791362546,proc,82708,432,ANECompilerService,640
1791362546,proc,89138,1664,generativeexperiencesd,1648
1791362546,sys,9029425,15,4980,
1791362547,proc,1081,464,aned,624
1791362547,proc,1643,8608,Ollama,29136
1791362547,proc,1664,20672,ollama,20768
1791362547,proc,14165,1824,translationd,4496
1791362547,proc,20861,3351504,llama-server,0
1791362547,proc,21880,49136,node,0
1791362547,proc,22597,608,GenerativeExperiencesSafetyInferenceProvider,1440
1791362547,proc,24758,2192,intelligenceflowd,8768
1791362547,proc,63538,528,intelligencecontextd,3056
1791362547,proc,76300,1008,IntelligencePlatformComputeService,1088
1791362547,proc,82708,432,ANECompilerService,640
1791362547,proc,89138,1664,generativeexperiencesd,1648
1791362547,sys,9029425,15,4171,
1791362548,proc,1081,464,aned,624
1791362548,proc,1643,8560,Ollama,29136
1791362548,proc,1664,19504,ollama,20768
1791362548,proc,14165,1824,translationd,4496
1791362548,proc,20861,3342464,llama-server,0
1791362548,proc,21880,49088,node,0
1791362548,proc,22597,608,GenerativeExperiencesSafetyInferenceProvider,1440
1791362548,proc,24758,2176,intelligenceflowd,8768
1791362548,proc,63538,528,intelligencecontextd,3056
1791362548,proc,76300,1008,IntelligencePlatformComputeService,1088
1791362548,proc,82708,432,ANECompilerService,640
1791362548,proc,89138,1664,generativeexperiencesd,1648
1791362548,sys,9029425,15,4534,
1791362549,proc,1081,464,aned,624
1791362549,proc,1643,8560,Ollama,29136
1791362549,proc,1664,19056,ollama,20768
1791362549,proc,14165,1824,translationd,4496
1791362549,proc,20861,3333968,llama-server,0
1791362549,proc,21880,49088,node,0
1791362549,proc,22597,608,GenerativeExperiencesSafetyInferenceProvider,1440
1791362549,proc,24758,2176,intelligenceflowd,8768
1791362549,proc,63538,528,intelligencecontextd,3056
1791362549,proc,76300,1008,IntelligencePlatformComputeService,1088
1791362549,proc,82708,432,ANECompilerService,640
1791362549,proc,89138,1664,generativeexperiencesd,1648
1791362549,sys,9029425,15,4325,
1791362550,proc,1081,464,aned,624
1791362550,proc,1643,8560,Ollama,29136
1791362550,proc,1664,19088,ollama,20768
1791362550,proc,14165,1824,translationd,4496
1791362550,proc,20861,3332592,llama-server,0
1791362550,proc,21880,49088,node,0
1791362550,proc,22597,608,GenerativeExperiencesSafetyInferenceProvider,1440
1791362550,proc,24758,2176,intelligenceflowd,8768
1791362550,proc,63538,528,intelligencecontextd,3056
1791362550,proc,76300,1008,IntelligencePlatformComputeService,1088
1791362550,proc,82708,432,ANECompilerService,640
1791362550,proc,89138,1488,generativeexperiencesd,1648
1791362550,sys,9029425,15,4469,
1791362551,proc,1081,464,aned,624
1791362551,proc,1643,8560,Ollama,29136
1791362551,proc,1664,19120,ollama,20768
1791362551,proc,14165,1824,translationd,4496
1791362551,proc,20861,3332656,llama-server,0
1791362551,proc,21880,49088,node,0
1791362551,proc,22597,608,GenerativeExperiencesSafetyInferenceProvider,1440
1791362551,proc,24758,2176,intelligenceflowd,8768
1791362551,proc,63538,528,intelligencecontextd,3056
1791362551,proc,76300,1008,IntelligencePlatformComputeService,1088
1791362551,proc,89138,1488,generativeexperiencesd,1648
1791362551,sys,9029425,15,6006,
1791362552,proc,1081,464,aned,624
1791362552,proc,1643,8560,Ollama,29136
1791362552,proc,1664,18784,ollama,20768
1791362552,proc,14165,1824,translationd,4496
1791362552,proc,20861,3330880,llama-server,0
1791362552,proc,21880,49088,node,0
1791362552,proc,22597,608,GenerativeExperiencesSafetyInferenceProvider,1440
1791362552,proc,24758,2176,intelligenceflowd,8768
1791362552,proc,63538,528,intelligencecontextd,3056
1791362552,proc,76300,1008,IntelligencePlatformComputeService,1088
1791362552,proc,89138,1488,generativeexperiencesd,1648
1791362552,sys,9029425,15,4645,
1791362553,proc,1081,464,aned,624
1791362553,proc,1643,8560,Ollama,29136
1791362553,proc,1664,18800,ollama,20768
1791362553,proc,14165,2464,translationd,4496
1791362553,proc,20861,3297088,llama-server,0
1791362553,proc,21880,49088,node,0
1791362553,proc,22597,608,GenerativeExperiencesSafetyInferenceProvider,1440
1791362553,proc,24758,2176,intelligenceflowd,8768
1791362553,proc,63538,528,intelligencecontextd,3056
1791362553,proc,76300,1008,IntelligencePlatformComputeService,1088
1791362553,proc,89138,1488,generativeexperiencesd,1648
1791362553,sys,9029425,15,4108,
1791362554,proc,1081,448,aned,624
1791362554,proc,1643,11680,Ollama,29136
1791362554,proc,1664,16864,ollama,20768
1791362554,proc,14165,1440,translationd,4496
1791362554,proc,20861,3288064,llama-server,0
1791362554,proc,21880,49056,node,0
1791362554,proc,22597,592,GenerativeExperiencesSafetyInferenceProvider,1440
1791362554,proc,24758,4016,intelligenceflowd,8768
1791362554,proc,63538,512,intelligencecontextd,3056
1791362554,proc,76300,992,IntelligencePlatformComputeService,1088
1791362554,proc,89138,1424,generativeexperiencesd,1648
1791362554,sys,9029425,15,4152,
1791362555,proc,1081,448,aned,624
1791362555,proc,1643,11680,Ollama,29136
1791362555,proc,1664,15648,ollama,20768
1791362555,proc,14165,896,translationd,4496
1791362555,proc,20861,3204224,llama-server,0
1791362555,proc,21880,39888,node,0
1791362555,proc,22597,592,GenerativeExperiencesSafetyInferenceProvider,1440
1791362555,proc,24758,4000,intelligenceflowd,8768
1791362555,proc,63538,448,intelligencecontextd,3056
1791362555,proc,76300,992,IntelligencePlatformComputeService,1088
1791362555,proc,89138,976,generativeexperiencesd,1648
1791362555,sys,9029425,15,4269,
1791362556,proc,1081,448,aned,624
1791362556,proc,1643,11680,Ollama,29136
1791362556,proc,1664,14752,ollama,20768
1791362556,proc,14165,800,translationd,4496
1791362556,proc,20861,3204000,llama-server,0
1791362556,proc,21880,39808,node,0
1791362556,proc,22597,592,GenerativeExperiencesSafetyInferenceProvider,1440
1791362556,proc,24758,4016,intelligenceflowd,8768
1791362556,proc,63538,448,intelligencecontextd,3056
1791362556,proc,76300,992,IntelligencePlatformComputeService,1088
1791362556,proc,89138,960,generativeexperiencesd,1648
1791362556,sys,9029425,15,4243,
1791362557,proc,1081,448,aned,624
1791362557,proc,1643,11680,Ollama,29136
1791362557,proc,1664,14192,ollama,20768
1791362557,proc,14165,640,translationd,4496
1791362557,proc,20861,3199376,llama-server,0
1791362557,proc,21880,39504,node,0
1791362557,proc,22597,592,GenerativeExperiencesSafetyInferenceProvider,1440
1791362557,proc,24758,3920,intelligenceflowd,8768
1791362557,proc,63538,448,intelligencecontextd,3056
1791362557,proc,76300,496,IntelligencePlatformComputeService,1088
1791362557,proc,89138,832,generativeexperiencesd,1648
1791362557,sys,9029425,15,4223,
1791362558,proc,1081,448,aned,624
1791362558,proc,1643,11680,Ollama,29136
1791362558,proc,1664,23456,ollama,20768
1791362558,proc,14165,832,translationd,4496
1791362558,proc,20861,3333472,llama-server,0
1791362558,proc,22597,592,GenerativeExperiencesSafetyInferenceProvider,1440
1791362558,proc,22755,58192,node,0
1791362558,proc,24758,3808,intelligenceflowd,8768
1791362558,proc,63538,448,intelligencecontextd,3056
1791362558,proc,76300,496,IntelligencePlatformComputeService,1088
1791362558,proc,89138,816,generativeexperiencesd,1648
1791362558,sys,9029425,15,4428,
1791362559,proc,1081,448,aned,624
1791362559,proc,1643,11680,Ollama,29136
1791362559,proc,1664,23456,ollama,20768
1791362559,proc,14165,832,translationd,4496
1791362559,proc,20861,3341552,llama-server,0
1791362559,proc,22597,592,GenerativeExperiencesSafetyInferenceProvider,1440
1791362559,proc,22755,58192,node,0
1791362559,proc,24758,3088,intelligenceflowd,8768
1791362559,proc,63538,448,intelligencecontextd,3056
1791362559,proc,76300,496,IntelligencePlatformComputeService,1088
1791362559,proc,89138,816,generativeexperiencesd,1648
1791362559,sys,9029425,15,5380,
1791362560,proc,1081,448,aned,624
1791362560,proc,1643,11680,Ollama,29136
1791362560,proc,1664,23456,ollama,20768
1791362560,proc,14165,832,translationd,4496
1791362560,proc,20861,3341552,llama-server,0
1791362560,proc,22597,592,GenerativeExperiencesSafetyInferenceProvider,1440
1791362560,proc,22755,58208,node,0
1791362560,proc,24758,3088,intelligenceflowd,8768
1791362560,proc,63538,448,intelligencecontextd,3056
1791362560,proc,76300,496,IntelligencePlatformComputeService,1088
1791362560,proc,89138,816,generativeexperiencesd,1648
1791362560,sys,9029425,15,5655,
1791362561,proc,1081,448,aned,624
1791362561,proc,1643,10032,Ollama,29136
1791362561,proc,1664,23456,ollama,20768
1791362561,proc,14165,752,translationd,4496
1791362561,proc,20861,3344704,llama-server,0
1791362561,proc,22597,592,GenerativeExperiencesSafetyInferenceProvider,1440
1791362561,proc,22755,58224,node,0
1791362561,proc,24758,3088,intelligenceflowd,8768
1791362561,proc,63538,448,intelligencecontextd,3056
1791362561,proc,76300,496,IntelligencePlatformComputeService,1088
1791362561,proc,89138,816,generativeexperiencesd,1648
1791362561,sys,9029425,15,4716,
1791362563,proc,1081,448,aned,624
1791362563,proc,1643,9872,Ollama,29136
1791362563,proc,1664,23456,ollama,20768
1791362563,proc,14165,752,translationd,4496
1791362563,proc,20861,3345504,llama-server,0
1791362563,proc,22597,592,GenerativeExperiencesSafetyInferenceProvider,1440
1791362563,proc,22755,58240,node,0
1791362563,proc,24758,3088,intelligenceflowd,8768
1791362563,proc,63538,448,intelligencecontextd,3056
1791362563,proc,76300,496,IntelligencePlatformComputeService,1088
1791362563,proc,89138,816,generativeexperiencesd,1648
1791362563,sys,9029425,15,4768,
1791362564,proc,1081,448,aned,624
1791362564,proc,1643,9664,Ollama,29136
1791362564,proc,1664,23376,ollama,20768
1791362564,proc,14165,1232,translationd,4496
1791362564,proc,20861,3339776,llama-server,0
1791362564,proc,22597,592,GenerativeExperiencesSafetyInferenceProvider,1440
1791362564,proc,22755,58208,node,0
1791362564,proc,24758,3088,intelligenceflowd,8768
1791362564,proc,63538,448,intelligencecontextd,3056
1791362564,proc,76300,496,IntelligencePlatformComputeService,1088
1791362564,proc,89138,816,generativeexperiencesd,1648
1791362564,sys,9029425,15,4208,
1791362565,proc,1081,448,aned,624
1791362565,proc,1643,8752,Ollama,29136
1791362565,proc,1664,22464,ollama,20768
1791362565,proc,14165,1424,translationd,4496
1791362565,proc,20861,3329344,llama-server,0
1791362565,proc,22597,592,GenerativeExperiencesSafetyInferenceProvider,1440
1791362565,proc,22755,48080,node,0
1791362565,proc,24758,3168,intelligenceflowd,8768
1791362565,proc,63538,448,intelligencecontextd,3056
1791362565,proc,76300,992,IntelligencePlatformComputeService,1088
1791362565,proc,89138,1344,generativeexperiencesd,1648
1791362565,sys,9029425,15,4243,
1791362566,proc,1081,448,aned,624
1791362566,proc,1643,8752,Ollama,29136
1791362566,proc,1664,21792,ollama,20768
1791362566,proc,14165,1424,translationd,4496
1791362566,proc,20861,3329920,llama-server,0
1791362566,proc,22597,592,GenerativeExperiencesSafetyInferenceProvider,1440
1791362566,proc,22755,48016,node,0
1791362566,proc,24758,3168,intelligenceflowd,8768
1791362566,proc,63538,448,intelligencecontextd,3056
1791362566,proc,76300,992,IntelligencePlatformComputeService,1088
1791362566,proc,89138,1344,generativeexperiencesd,1648
1791362566,sys,9029425,15,4642,
1791362567,proc,1081,448,aned,624
1791362567,proc,1643,9488,Ollama,29136
1791362567,proc,1664,21040,ollama,20768
1791362567,proc,14165,1328,translationd,4496
1791362567,proc,20861,3328560,llama-server,0
1791362567,proc,22597,592,GenerativeExperiencesSafetyInferenceProvider,1440
1791362567,proc,22755,52832,node,0
1791362567,proc,24758,3168,intelligenceflowd,8768
1791362567,proc,63538,448,intelligencecontextd,3056
1791362567,proc,76300,992,IntelligencePlatformComputeService,1088
1791362567,proc,89138,1344,generativeexperiencesd,1648
1791362567,sys,9029425,15,3806,
1791362568,proc,1081,448,aned,624
1791362568,proc,1643,9488,Ollama,29136
1791362568,proc,1664,20128,ollama,20768
1791362568,proc,14165,1328,translationd,4496
1791362568,proc,20861,3328832,llama-server,0
1791362568,proc,22597,592,GenerativeExperiencesSafetyInferenceProvider,1440
1791362568,proc,22755,52688,node,0
1791362568,proc,24758,2816,intelligenceflowd,8768
1791362568,proc,63538,448,intelligencecontextd,3056
1791362568,proc,76300,992,IntelligencePlatformComputeService,1088
1791362568,proc,89138,1344,generativeexperiencesd,1648
1791362568,sys,9029425,15,3943,
1791362569,proc,1081,448,aned,624
1791362569,proc,1643,9488,Ollama,29136
1791362569,proc,1664,20176,ollama,20768
1791362569,proc,14165,1328,translationd,4496
1791362569,proc,20861,3329024,llama-server,0
1791362569,proc,22597,592,GenerativeExperiencesSafetyInferenceProvider,1440
1791362569,proc,22755,52672,node,0
1791362569,proc,24758,2816,intelligenceflowd,8768
1791362569,proc,63538,448,intelligencecontextd,3056
1791362569,proc,76300,992,IntelligencePlatformComputeService,1088
1791362569,proc,89138,1344,generativeexperiencesd,1648
1791362569,sys,9029425,15,6069,
1791362570,proc,1081,448,aned,624
1791362570,proc,1643,9488,Ollama,29136
1791362570,proc,1664,20240,ollama,20768
1791362570,proc,14165,1328,translationd,4496
1791362570,proc,20861,3329136,llama-server,0
1791362570,proc,22597,592,GenerativeExperiencesSafetyInferenceProvider,1440
1791362570,proc,22755,52672,node,0
1791362570,proc,24758,2704,intelligenceflowd,8768
1791362570,proc,63538,448,intelligencecontextd,3056
1791362570,proc,76300,992,IntelligencePlatformComputeService,1088
1791362570,proc,89138,1344,generativeexperiencesd,1648
1791362570,sys,9029425,15,4263,
1791362571,proc,1081,448,aned,624
1791362571,proc,1643,9488,Ollama,29136
1791362571,proc,1664,20256,ollama,20768
1791362571,proc,14165,1024,translationd,4496
1791362571,proc,20861,3328640,llama-server,0
1791362571,proc,22597,592,GenerativeExperiencesSafetyInferenceProvider,1440
1791362571,proc,22755,52672,node,0
1791362571,proc,24758,6176,intelligenceflowd,8768
1791362571,proc,63538,448,intelligencecontextd,3056
1791362571,proc,76300,992,IntelligencePlatformComputeService,1088
1791362571,proc,89138,1344,generativeexperiencesd,1648
1791362571,sys,9029425,15,4607,
1791362572,proc,1081,448,aned,624
1791362572,proc,1643,9488,Ollama,29136
1791362572,proc,1664,20320,ollama,20768
1791362572,proc,14165,1024,translationd,4496
1791362572,proc,20861,3328880,llama-server,0
1791362572,proc,22597,592,GenerativeExperiencesSafetyInferenceProvider,1440
1791362572,proc,22755,52672,node,0
1791362572,proc,24758,6176,intelligenceflowd,8768
1791362572,proc,63538,448,intelligencecontextd,3056
1791362572,proc,76300,992,IntelligencePlatformComputeService,1088
1791362572,proc,89138,1344,generativeexperiencesd,1648
1791362572,sys,9029425,15,3840,
1791362573,proc,1081,448,aned,624
1791362573,proc,1643,9488,Ollama,29136
1791362573,proc,1664,20368,ollama,20768
1791362573,proc,14165,1328,translationd,4496
1791362573,proc,20861,3329248,llama-server,0
1791362573,proc,22597,592,GenerativeExperiencesSafetyInferenceProvider,1440
1791362573,proc,22755,52672,node,0
1791362573,proc,24758,6176,intelligenceflowd,8768
1791362573,proc,63538,448,intelligencecontextd,3056
1791362573,proc,76300,992,IntelligencePlatformComputeService,1088
1791362573,proc,89138,1344,generativeexperiencesd,1648
1791362573,sys,9029425,15,4035,
1791362574,proc,1081,448,aned,624
1791362574,proc,1643,9488,Ollama,29136
1791362574,proc,1664,20400,ollama,20768
1791362574,proc,14165,1328,translationd,4496
1791362574,proc,20861,3329392,llama-server,0
1791362574,proc,22597,592,GenerativeExperiencesSafetyInferenceProvider,1440
1791362574,proc,22755,52672,node,0
1791362574,proc,24758,6176,intelligenceflowd,8768
1791362574,proc,63538,448,intelligencecontextd,3056
1791362574,proc,76300,992,IntelligencePlatformComputeService,1088
1791362574,proc,89138,1344,generativeexperiencesd,1648
1791362574,sys,9029425,15,4241,
1791362575,proc,1081,448,aned,624
1791362575,proc,1643,9488,Ollama,29136
1791362575,proc,1664,20432,ollama,20768
1791362575,proc,14165,1792,translationd,4496
1791362575,proc,20861,3329680,llama-server,0
1791362575,proc,22597,592,GenerativeExperiencesSafetyInferenceProvider,1440
1791362575,proc,22755,52672,node,0
1791362575,proc,24758,6176,intelligenceflowd,8768
1791362575,proc,63538,448,intelligencecontextd,3056
1791362575,proc,76300,992,IntelligencePlatformComputeService,1088
1791362575,proc,89138,1344,generativeexperiencesd,1648
1791362575,sys,9029425,15,4021,
1791362576,proc,1081,448,aned,624
1791362576,proc,1643,9184,Ollama,29136
1791362576,proc,1664,20176,ollama,20768
1791362576,proc,14165,1792,translationd,4496
1791362576,proc,20861,3336400,llama-server,0
1791362576,proc,22597,592,GenerativeExperiencesSafetyInferenceProvider,1440
1791362576,proc,22755,52672,node,0
1791362576,proc,24758,6336,intelligenceflowd,8768
1791362576,proc,63538,448,intelligencecontextd,3056
1791362576,proc,76300,992,IntelligencePlatformComputeService,1088
1791362576,proc,89138,1344,generativeexperiencesd,1648
1791362576,sys,9029425,15,4312,
1791362577,proc,1081,448,aned,624
1791362577,proc,1643,9184,Ollama,29136
1791362577,proc,1664,20208,ollama,20768
1791362577,proc,14165,1792,translationd,4496
1791362577,proc,20861,3336656,llama-server,0
1791362577,proc,22597,592,GenerativeExperiencesSafetyInferenceProvider,1440
1791362577,proc,22755,52672,node,0
1791362577,proc,24758,6336,intelligenceflowd,8768
1791362577,proc,63538,448,intelligencecontextd,3056
1791362577,proc,76300,992,IntelligencePlatformComputeService,1088
1791362577,proc,89138,1344,generativeexperiencesd,1648
1791362577,sys,9029425,15,4696,
1791362578,proc,1081,448,aned,624
1791362578,proc,1643,8752,Ollama,29136
1791362578,proc,1664,20208,ollama,20768
1791362578,proc,14165,1792,translationd,4496
1791362578,proc,20861,3336752,llama-server,0
1791362578,proc,22597,592,GenerativeExperiencesSafetyInferenceProvider,1440
1791362578,proc,22755,50384,node,0
1791362578,proc,24758,6336,intelligenceflowd,8768
1791362578,proc,63538,448,intelligencecontextd,3056
1791362578,proc,76300,992,IntelligencePlatformComputeService,1088
1791362578,proc,89138,1344,generativeexperiencesd,1648
1791362578,sys,9029425,15,4564,
1791362579,proc,1081,448,aned,624
1791362579,proc,1643,8752,Ollama,29136
1791362579,proc,1664,20256,ollama,20768
1791362579,proc,14165,1792,translationd,4496
1791362579,proc,20861,3337008,llama-server,0
1791362579,proc,22597,592,GenerativeExperiencesSafetyInferenceProvider,1440
1791362579,proc,22755,48928,node,0
1791362579,proc,24758,6336,intelligenceflowd,8768
1791362579,proc,63538,448,intelligencecontextd,3056
1791362579,proc,76300,992,IntelligencePlatformComputeService,1088
1791362579,proc,89138,1344,generativeexperiencesd,1648
1791362579,sys,9029425,15,4420,
1791362581,proc,1081,448,aned,624
1791362581,proc,1643,8752,Ollama,29136
1791362581,proc,1664,19584,ollama,20768
1791362581,proc,14165,1792,translationd,4496
1791362581,proc,20861,3337216,llama-server,0
1791362581,proc,22597,592,GenerativeExperiencesSafetyInferenceProvider,1440
1791362581,proc,22755,48224,node,0
1791362581,proc,24758,6320,intelligenceflowd,8768
1791362581,proc,63538,448,intelligencecontextd,3056
1791362581,proc,76300,992,IntelligencePlatformComputeService,1088
1791362581,proc,89138,1344,generativeexperiencesd,1648
1791362581,sys,9029425,16,4251,
1791362582,proc,1081,448,aned,624
1791362582,proc,1643,8752,Ollama,29136
1791362582,proc,1664,19632,ollama,20768
1791362582,proc,14165,1792,translationd,4496
1791362582,proc,20861,3337440,llama-server,0
1791362582,proc,22597,592,GenerativeExperiencesSafetyInferenceProvider,1440
1791362582,proc,22755,48240,node,0
1791362582,proc,24758,6048,intelligenceflowd,8768
1791362582,proc,63538,448,intelligencecontextd,3056
1791362582,proc,76300,992,IntelligencePlatformComputeService,1088
1791362582,proc,89138,1344,generativeexperiencesd,1648
1791362582,sys,9029425,16,4378,
1791362583,proc,1081,448,aned,624
1791362583,proc,1643,8752,Ollama,29136
1791362583,proc,1664,19664,ollama,20768
1791362583,proc,14165,2368,translationd,4496
1791362583,proc,20861,3337696,llama-server,0
1791362583,proc,22597,592,GenerativeExperiencesSafetyInferenceProvider,1440
1791362583,proc,22755,48240,node,0
1791362583,proc,24758,6048,intelligenceflowd,8768
1791362583,proc,63538,448,intelligencecontextd,3056
1791362583,proc,76300,992,IntelligencePlatformComputeService,1088
1791362583,proc,89138,1344,generativeexperiencesd,1648
1791362583,sys,9029425,16,4348,
1791362584,proc,1081,448,aned,624
1791362584,proc,1643,8752,Ollama,29136
1791362584,proc,1664,19792,ollama,20768
1791362584,proc,14165,2368,translationd,4496
1791362584,proc,20861,3337952,llama-server,0
1791362584,proc,22597,592,GenerativeExperiencesSafetyInferenceProvider,1440
1791362584,proc,22755,48240,node,0
1791362584,proc,24758,3216,intelligenceflowd,8768
1791362584,proc,63538,448,intelligencecontextd,3056
1791362584,proc,76300,992,IntelligencePlatformComputeService,1088
1791362584,proc,89138,1344,generativeexperiencesd,1648
1791362584,sys,9029425,16,4686,
1791362585,proc,1081,448,aned,624
1791362585,proc,1643,8752,Ollama,29136
1791362585,proc,1664,19696,ollama,20768
1791362585,proc,14165,2368,translationd,4496
1791362585,proc,20861,3338144,llama-server,0
1791362585,proc,22597,592,GenerativeExperiencesSafetyInferenceProvider,1440
1791362585,proc,22755,47728,node,0
1791362585,proc,24758,2928,intelligenceflowd,8768
1791362585,proc,63538,448,intelligencecontextd,3056
1791362585,proc,76300,992,IntelligencePlatformComputeService,1088
1791362585,proc,89138,1344,generativeexperiencesd,1648
1791362585,sys,9029425,16,4477,
1791362586,proc,1081,448,aned,624
1791362586,proc,1643,8752,Ollama,29136
1791362586,proc,1664,19744,ollama,20768
1791362586,proc,14165,2368,translationd,4496
1791362586,proc,20861,3338432,llama-server,0
1791362586,proc,22597,592,GenerativeExperiencesSafetyInferenceProvider,1440
1791362586,proc,22755,47728,node,0
1791362586,proc,24758,2928,intelligenceflowd,8768
1791362586,proc,63538,448,intelligencecontextd,3056
1791362586,proc,76300,992,IntelligencePlatformComputeService,1088
1791362586,proc,89138,1344,generativeexperiencesd,1648
1791362586,sys,9029425,16,4261,
1791362587,proc,1081,448,aned,624
1791362587,proc,1643,8752,Ollama,29136
1791362587,proc,1664,19760,ollama,20768
1791362587,proc,14165,1936,translationd,4496
1791362587,proc,20861,3338496,llama-server,0
1791362587,proc,22597,592,GenerativeExperiencesSafetyInferenceProvider,1440
1791362587,proc,22755,47728,node,0
1791362587,proc,24758,2928,intelligenceflowd,8768
1791362587,proc,63538,448,intelligencecontextd,3056
1791362587,proc,76300,992,IntelligencePlatformComputeService,1088
1791362587,proc,89138,1344,generativeexperiencesd,1648
1791362587,sys,9029425,16,4667,
1791362588,proc,1081,448,aned,624
1791362588,proc,1643,8752,Ollama,29136
1791362588,proc,1664,19808,ollama,20768
1791362588,proc,14165,1856,translationd,4496
1791362588,proc,20861,3338608,llama-server,0
1791362588,proc,22597,592,GenerativeExperiencesSafetyInferenceProvider,1440
1791362588,proc,22755,47728,node,0
1791362588,proc,24758,2720,intelligenceflowd,8768
1791362588,proc,63538,448,intelligencecontextd,3056
1791362588,proc,76300,992,IntelligencePlatformComputeService,1088
1791362588,proc,89138,1344,generativeexperiencesd,1648
1791362588,sys,9029425,16,4319,
1791362589,proc,1081,448,aned,624
1791362589,proc,1643,8752,Ollama,29136
1791362589,proc,1664,19824,ollama,20768
1791362589,proc,14165,1856,translationd,4496
1791362589,proc,20861,3338736,llama-server,0
1791362589,proc,22597,592,GenerativeExperiencesSafetyInferenceProvider,1440
1791362589,proc,22755,47728,node,0
1791362589,proc,24758,2720,intelligenceflowd,8768
1791362589,proc,63538,448,intelligencecontextd,3056
1791362589,proc,76300,992,IntelligencePlatformComputeService,1088
1791362589,proc,89138,1344,generativeexperiencesd,1648
1791362589,sys,9029425,16,4786,
1791362590,proc,1081,448,aned,624
1791362590,proc,1643,11024,Ollama,29136
1791362590,proc,1664,19840,ollama,20768
1791362590,proc,14165,1856,translationd,4496
1791362590,proc,20861,3339056,llama-server,0
1791362590,proc,22597,592,GenerativeExperiencesSafetyInferenceProvider,1440
1791362590,proc,22755,47728,node,0
1791362590,proc,24758,2720,intelligenceflowd,8768
1791362590,proc,63538,448,intelligencecontextd,3056
1791362590,proc,76300,992,IntelligencePlatformComputeService,1088
1791362590,proc,89138,1344,generativeexperiencesd,1648
1791362590,sys,9029425,16,4832,
1791362591,proc,1081,448,aned,624
1791362591,proc,1643,11024,Ollama,29136
1791362591,proc,1664,19840,ollama,20768
1791362591,proc,14165,1856,translationd,4496
1791362591,proc,20861,3334976,llama-server,0
1791362591,proc,22597,592,GenerativeExperiencesSafetyInferenceProvider,1440
1791362591,proc,22755,47728,node,0
1791362591,proc,24758,2704,intelligenceflowd,8768
1791362591,proc,63538,448,intelligencecontextd,3056
1791362591,proc,76300,992,IntelligencePlatformComputeService,1088
1791362591,proc,89138,1344,generativeexperiencesd,1648
1791362591,sys,9029425,15,4546,
1791362592,proc,1081,448,aned,624
1791362592,proc,1643,11024,Ollama,29136
1791362592,proc,1664,19856,ollama,20768
1791362592,proc,14165,1856,translationd,4496
1791362592,proc,20861,3333760,llama-server,0
1791362592,proc,22597,592,GenerativeExperiencesSafetyInferenceProvider,1440
1791362592,proc,22755,47728,node,0
1791362592,proc,24758,2704,intelligenceflowd,8768
1791362592,proc,63538,448,intelligencecontextd,3056
1791362592,proc,76300,992,IntelligencePlatformComputeService,1088
1791362592,proc,89138,1344,generativeexperiencesd,1648
1791362592,sys,9029425,15,4354,
1791362593,proc,1081,448,aned,624
1791362593,proc,1643,11024,Ollama,29136
1791362593,proc,1664,20080,ollama,20768
1791362593,proc,14165,1856,translationd,4496
1791362593,proc,20861,3333808,llama-server,0
1791362593,proc,22597,592,GenerativeExperiencesSafetyInferenceProvider,1440
1791362593,proc,22755,47728,node,0
1791362593,proc,24758,2688,intelligenceflowd,8768
1791362593,proc,63538,448,intelligencecontextd,3056
1791362593,proc,76300,992,IntelligencePlatformComputeService,1088
1791362593,proc,89138,1344,generativeexperiencesd,1648
1791362593,sys,9029425,15,4364,
1791362594,proc,1081,448,aned,624
1791362594,proc,1643,11024,Ollama,29136
1791362594,proc,1664,20096,ollama,20768
1791362594,proc,14165,1376,translationd,4496
1791362594,proc,20861,3333824,llama-server,0
1791362594,proc,22597,592,GenerativeExperiencesSafetyInferenceProvider,1440
1791362594,proc,22755,47728,node,0
1791362594,proc,24758,2176,intelligenceflowd,8768
1791362594,proc,63538,448,intelligencecontextd,3056
1791362594,proc,76300,992,IntelligencePlatformComputeService,1088
1791362594,proc,89138,1344,generativeexperiencesd,1648
1791362594,sys,9029425,15,4308,
1791362595,proc,1081,448,aned,624
1791362595,proc,1643,11008,Ollama,29136
1791362595,proc,1664,20160,ollama,20768
1791362595,proc,14165,1376,translationd,4496
1791362595,proc,20861,3334224,llama-server,0
1791362595,proc,22597,592,GenerativeExperiencesSafetyInferenceProvider,1440
1791362595,proc,22755,47728,node,0
1791362595,proc,24758,2176,intelligenceflowd,8768
1791362595,proc,63538,448,intelligencecontextd,3056
1791362595,proc,76300,992,IntelligencePlatformComputeService,1088
1791362595,proc,89138,1344,generativeexperiencesd,1648
1791362595,sys,9029425,15,4345,
1791362596,proc,1081,448,aned,624
1791362596,proc,1643,11008,Ollama,29136
1791362596,proc,1664,20160,ollama,20768
1791362596,proc,14165,1376,translationd,4496
1791362596,proc,20861,3334704,llama-server,0
1791362596,proc,22597,592,GenerativeExperiencesSafetyInferenceProvider,1440
1791362596,proc,22755,47728,node,0
1791362596,proc,24758,2176,intelligenceflowd,8768
1791362596,proc,63538,448,intelligencecontextd,3056
1791362596,proc,76300,992,IntelligencePlatformComputeService,1088
1791362596,proc,89138,1344,generativeexperiencesd,1648
1791362596,sys,9029425,16,4666,
1791362597,proc,1081,448,aned,624
1791362597,proc,1643,11008,Ollama,29136
1791362597,proc,1664,20128,ollama,20768
1791362597,proc,14165,1376,translationd,4496
1791362597,proc,20861,3334960,llama-server,0
1791362597,proc,22597,592,GenerativeExperiencesSafetyInferenceProvider,1440
1791362597,proc,22755,47728,node,0
1791362597,proc,24758,2176,intelligenceflowd,8768
1791362597,proc,63538,448,intelligencecontextd,3056
1791362597,proc,76300,992,IntelligencePlatformComputeService,1088
1791362597,proc,89138,1344,generativeexperiencesd,1648
1791362597,sys,9029425,16,4522,
1791362598,proc,1081,448,aned,624
1791362598,proc,1643,11008,Ollama,29136
1791362598,proc,1664,20144,ollama,20768
1791362598,proc,14165,1376,translationd,4496
1791362598,proc,20861,3335152,llama-server,0
1791362598,proc,22597,592,GenerativeExperiencesSafetyInferenceProvider,1440
1791362598,proc,22755,47728,node,0
1791362598,proc,24758,2176,intelligenceflowd,8768
1791362598,proc,63538,448,intelligencecontextd,3056
1791362598,proc,76300,992,IntelligencePlatformComputeService,1088
1791362598,proc,89138,1344,generativeexperiencesd,1648
1791362598,sys,9029425,16,4659,
1791362600,proc,1081,448,aned,624
1791362600,proc,1643,11008,Ollama,29136
1791362600,proc,1664,20160,ollama,20768
1791362600,proc,14165,1376,translationd,4496
1791362600,proc,20861,3335216,llama-server,0
1791362600,proc,22597,592,GenerativeExperiencesSafetyInferenceProvider,1440
1791362600,proc,22755,47728,node,0
1791362600,proc,24758,2176,intelligenceflowd,8768
1791362600,proc,63538,448,intelligencecontextd,3056
1791362600,proc,76300,992,IntelligencePlatformComputeService,1088
1791362600,proc,89138,1344,generativeexperiencesd,1648
1791362600,sys,9029425,16,4978,
1791362601,proc,1081,448,aned,624
1791362601,proc,1643,11008,Ollama,29136
1791362601,proc,1664,20176,ollama,20768
1791362601,proc,14165,1376,translationd,4496
1791362601,proc,20861,3335616,llama-server,0
1791362601,proc,22597,592,GenerativeExperiencesSafetyInferenceProvider,1440
1791362601,proc,22755,47728,node,0
1791362601,proc,24758,2176,intelligenceflowd,8768
1791362601,proc,63538,448,intelligencecontextd,3056
1791362601,proc,76300,992,IntelligencePlatformComputeService,1088
1791362601,proc,89138,1344,generativeexperiencesd,1648
1791362601,sys,9029425,16,4697,
1791362602,proc,1081,448,aned,624
1791362602,proc,1643,9648,Ollama,29136
1791362602,proc,1664,20224,ollama,20768
1791362602,proc,14165,1376,translationd,4496
1791362602,proc,20861,3356768,llama-server,0
1791362602,proc,22597,592,GenerativeExperiencesSafetyInferenceProvider,1440
1791362602,proc,22755,47728,node,0
1791362602,proc,24758,2176,intelligenceflowd,8768
1791362602,proc,63538,448,intelligencecontextd,3056
1791362602,proc,76300,992,IntelligencePlatformComputeService,1088
1791362602,proc,89138,1344,generativeexperiencesd,1648
1791362602,sys,9029425,16,4584,
1791362603,proc,1081,448,aned,624
1791362603,proc,1643,9168,Ollama,29136
1791362603,proc,1664,24240,ollama,20768
1791362603,proc,14165,1376,translationd,4496
1791362603,proc,20861,3406496,llama-server,0
1791362603,proc,22597,592,GenerativeExperiencesSafetyInferenceProvider,1440
1791362603,proc,23681,58080,node,0
1791362603,proc,24758,2160,intelligenceflowd,8768
1791362603,proc,63538,448,intelligencecontextd,3056
1791362603,proc,76300,992,IntelligencePlatformComputeService,1088
1791362603,proc,89138,1344,generativeexperiencesd,1648
1791362603,sys,9029425,16,4502,
1791362604,proc,1081,448,aned,624
1791362604,proc,1643,9120,Ollama,29136
1791362604,proc,1664,21920,ollama,20768
1791362604,proc,14165,1376,translationd,4496
1791362604,proc,20861,3368272,llama-server,0
1791362604,proc,22597,592,GenerativeExperiencesSafetyInferenceProvider,1440
1791362604,proc,23681,46768,node,0
1791362604,proc,23712,22176,mdworker_shared,0
1791362604,proc,24758,2576,intelligenceflowd,8768
1791362604,proc,63538,448,intelligencecontextd,3056
1791362604,proc,76300,992,IntelligencePlatformComputeService,1088
1791362604,proc,89138,1344,generativeexperiencesd,1648
1791362604,sys,9029425,16,4422,
1791362605,proc,1081,448,aned,624
1791362605,proc,1643,9120,Ollama,29136
1791362605,proc,1664,21872,ollama,20768
1791362605,proc,14165,1376,translationd,4496
1791362605,proc,20861,3342432,llama-server,0
1791362605,proc,22597,592,GenerativeExperiencesSafetyInferenceProvider,1440
1791362605,proc,23681,46992,node,0
1791362605,proc,23712,22176,mdworker_shared,0
1791362605,proc,24758,2560,intelligenceflowd,8768
1791362605,proc,63538,448,intelligencecontextd,3056
1791362605,proc,76300,992,IntelligencePlatformComputeService,1088
1791362605,proc,89138,1344,generativeexperiencesd,1648
1791362605,sys,9029425,16,6516,
1791362606,proc,1081,448,aned,624
1791362606,proc,1643,9120,Ollama,29136
1791362606,proc,1664,21760,ollama,20768
1791362606,proc,14165,1840,translationd,4496
1791362606,proc,20861,3341424,llama-server,0
1791362606,proc,22597,592,GenerativeExperiencesSafetyInferenceProvider,1440
1791362606,proc,23681,47040,node,0
1791362606,proc,23712,22176,mdworker_shared,0
1791362606,proc,24758,2560,intelligenceflowd,8768
1791362606,proc,63538,448,intelligencecontextd,3056
1791362606,proc,76300,992,IntelligencePlatformComputeService,1088
1791362606,proc,89138,1344,generativeexperiencesd,1648
1791362606,sys,9029425,16,4609,
1791362607,proc,1081,448,aned,624
1791362607,proc,1643,9120,Ollama,29136
1791362607,proc,1664,21792,ollama,20768
1791362607,proc,14165,1840,translationd,4496
1791362607,proc,20861,3341552,llama-server,0
1791362607,proc,22597,592,GenerativeExperiencesSafetyInferenceProvider,1440
1791362607,proc,23681,47136,node,0
1791362607,proc,23712,22176,mdworker_shared,0
1791362607,proc,24758,2528,intelligenceflowd,8768
1791362607,proc,63538,448,intelligencecontextd,3056
1791362607,proc,76300,992,IntelligencePlatformComputeService,1088
1791362607,proc,89138,1344,generativeexperiencesd,1648
1791362607,sys,9029425,15,4263,
1791362608,proc,1081,448,aned,624
1791362608,proc,1643,7200,Ollama,29136
1791362608,proc,1664,11712,ollama,20768
1791362608,proc,14165,1136,translationd,4496
1791362608,proc,20861,3220336,llama-server,0
1791362608,proc,22597,592,GenerativeExperiencesSafetyInferenceProvider,1440
1791362608,proc,23681,46240,node,0
1791362608,proc,24758,4032,intelligenceflowd,8768
1791362608,proc,63538,448,intelligencecontextd,3056
1791362608,proc,76300,992,IntelligencePlatformComputeService,1088
1791362608,proc,89138,1328,generativeexperiencesd,1648
1791362608,sys,9029425,15,4128,
1791362609,proc,1081,448,aned,624
1791362609,proc,1643,7200,Ollama,29136
1791362609,proc,1664,12032,ollama,20768
1791362609,proc,14165,800,translationd,4496
1791362609,proc,20861,3220720,llama-server,0
1791362609,proc,22597,592,GenerativeExperiencesSafetyInferenceProvider,1440
1791362609,proc,23681,46240,node,0
1791362609,proc,24758,3632,intelligenceflowd,8768
1791362609,proc,63538,448,intelligencecontextd,3056
1791362609,proc,76300,496,IntelligencePlatformComputeService,1088
1791362609,proc,89138,800,generativeexperiencesd,1648
1791362609,sys,9029425,15,5105,
1791362610,proc,1081,448,aned,624
1791362610,proc,1643,7200,Ollama,29136
1791362610,proc,1664,12096,ollama,20768
1791362610,proc,14165,800,translationd,4496
1791362610,proc,20861,3221376,llama-server,0
1791362610,proc,22597,592,GenerativeExperiencesSafetyInferenceProvider,1440
1791362610,proc,23681,51856,node,0
1791362610,proc,24758,3648,intelligenceflowd,8768
1791362610,proc,63538,448,intelligencecontextd,3056
1791362610,proc,76300,496,IntelligencePlatformComputeService,1088
1791362610,proc,89138,800,generativeexperiencesd,1648
1791362610,sys,9029425,15,4567,
1791362611,proc,1081,448,aned,624
1791362611,proc,1643,7200,Ollama,29136
1791362611,proc,1664,12064,ollama,20768
1791362611,proc,14165,464,translationd,4496
1791362611,proc,20861,3222448,llama-server,0
1791362611,proc,22597,592,GenerativeExperiencesSafetyInferenceProvider,1440
1791362611,proc,23681,51904,node,0
1791362611,proc,24758,3344,intelligenceflowd,8768
1791362611,proc,63538,448,intelligencecontextd,3056
1791362611,proc,76300,496,IntelligencePlatformComputeService,1088
1791362611,proc,89138,800,generativeexperiencesd,1648
1791362611,sys,9029425,15,5278,
1791362612,proc,1081,448,aned,624
1791362612,proc,1643,7200,Ollama,29136
1791362612,proc,1664,11904,ollama,20768
1791362612,proc,14165,416,translationd,4496
1791362612,proc,20861,3222064,llama-server,0
1791362612,proc,22597,592,GenerativeExperiencesSafetyInferenceProvider,1440
1791362612,proc,23681,51904,node,0
1791362612,proc,24758,3360,intelligenceflowd,8768
1791362612,proc,63538,448,intelligencecontextd,3056
1791362612,proc,76300,496,IntelligencePlatformComputeService,1088
1791362612,proc,89138,800,generativeexperiencesd,1648
1791362612,sys,9029425,13,4647,
1791362613,proc,1081,448,aned,624
1791362613,proc,1643,7200,Ollama,29136
1791362613,proc,1664,11936,ollama,20768
1791362613,proc,14165,1056,translationd,4496
1791362613,proc,20861,3222320,llama-server,0
1791362613,proc,22597,592,GenerativeExperiencesSafetyInferenceProvider,1440
1791362613,proc,23681,51792,node,0
1791362613,proc,24758,3360,intelligenceflowd,8768
1791362613,proc,63538,448,intelligencecontextd,3056
1791362613,proc,76300,496,IntelligencePlatformComputeService,1088
1791362613,proc,89138,800,generativeexperiencesd,1648
1791362613,sys,9029425,13,4282,
1791362614,proc,1081,448,aned,624
1791362614,proc,1643,7200,Ollama,29136
1791362614,proc,1664,12000,ollama,20768
1791362614,proc,14165,1056,translationd,4496
1791362614,proc,20861,3222896,llama-server,0
1791362614,proc,22597,592,GenerativeExperiencesSafetyInferenceProvider,1440
1791362614,proc,23681,50928,node,0
1791362614,proc,24758,3360,intelligenceflowd,8768
1791362614,proc,63538,448,intelligencecontextd,3056
1791362614,proc,76300,496,IntelligencePlatformComputeService,1088
1791362614,proc,89138,800,generativeexperiencesd,1648
1791362614,sys,9029425,13,4342,
1791362615,proc,1081,448,aned,624
1791362615,proc,1643,7200,Ollama,29136
1791362615,proc,1664,12080,ollama,20768
1791362615,proc,14165,1056,translationd,4496
1791362615,proc,20861,3223104,llama-server,0
1791362615,proc,22597,592,GenerativeExperiencesSafetyInferenceProvider,1440
1791362615,proc,23681,50928,node,0
1791362615,proc,24758,3360,intelligenceflowd,8768
1791362615,proc,63538,448,intelligencecontextd,3056
1791362615,proc,76300,496,IntelligencePlatformComputeService,1088
1791362615,proc,89138,800,generativeexperiencesd,1648
1791362615,sys,9029425,13,5321,
1791362617,proc,1081,448,aned,624
1791362617,proc,1643,7200,Ollama,29136
1791362617,proc,1664,12192,ollama,20768
1791362617,proc,14165,1056,translationd,4496
1791362617,proc,20861,3223632,llama-server,0
1791362617,proc,22597,592,GenerativeExperiencesSafetyInferenceProvider,1440
1791362617,proc,23681,50512,node,0
1791362617,proc,24758,3360,intelligenceflowd,8768
1791362617,proc,63538,448,intelligencecontextd,3056
1791362617,proc,76300,496,IntelligencePlatformComputeService,1088
1791362617,proc,89138,800,generativeexperiencesd,1648
1791362617,sys,9029425,13,4350,
1791362618,proc,1081,448,aned,624
1791362618,proc,1643,7200,Ollama,29136
1791362618,proc,1664,12336,ollama,20768
1791362618,proc,14165,1056,translationd,4496
1791362618,proc,20861,3246032,llama-server,0
1791362618,proc,22597,592,GenerativeExperiencesSafetyInferenceProvider,1440
1791362618,proc,23681,50464,node,0
1791362618,proc,24758,3360,intelligenceflowd,8768
1791362618,proc,63538,448,intelligencecontextd,3056
1791362618,proc,76300,496,IntelligencePlatformComputeService,1088
1791362618,proc,89138,800,generativeexperiencesd,1648
1791362618,sys,9029425,14,5424,
1791362619,proc,1081,448,aned,624
1791362619,proc,1643,6896,Ollama,29136
1791362619,proc,1664,12080,ollama,20768
1791362619,proc,14165,416,translationd,4496
1791362619,proc,20861,3349488,llama-server,0
1791362619,proc,22597,592,GenerativeExperiencesSafetyInferenceProvider,1440
1791362619,proc,23681,50368,node,0
1791362619,proc,24758,3200,intelligenceflowd,8768
1791362619,proc,63538,448,intelligencecontextd,3056
1791362619,proc,76300,496,IntelligencePlatformComputeService,1088
1791362619,proc,89138,800,generativeexperiencesd,1648
1791362619,sys,9029425,14,4289,
1791362620,proc,1081,448,aned,624
1791362620,proc,1643,6896,Ollama,29136
1791362620,proc,1664,12192,ollama,20768
1791362620,proc,14165,416,translationd,4496
1791362620,proc,20861,3349712,llama-server,0
1791362620,proc,22597,592,GenerativeExperiencesSafetyInferenceProvider,1440
1791362620,proc,23681,50368,node,0
1791362620,proc,24758,3200,intelligenceflowd,8768
1791362620,proc,63538,448,intelligencecontextd,3056
1791362620,proc,76300,496,IntelligencePlatformComputeService,1088
1791362620,proc,89138,800,generativeexperiencesd,1648
1791362620,sys,9029425,14,5269,
1791362621,proc,1081,448,aned,624
1791362621,proc,1643,6896,Ollama,29136
1791362621,proc,1664,12272,ollama,20768
1791362621,proc,14165,416,translationd,4496
1791362621,proc,20861,3349840,llama-server,0
1791362621,proc,22597,592,GenerativeExperiencesSafetyInferenceProvider,1440
1791362621,proc,23681,50368,node,0
1791362621,proc,24758,3200,intelligenceflowd,8768
1791362621,proc,63538,448,intelligencecontextd,3056
1791362621,proc,76300,496,IntelligencePlatformComputeService,1088
1791362621,proc,89138,800,generativeexperiencesd,1648
1791362621,sys,9029425,14,4443,
1791362622,proc,1081,448,aned,624
1791362622,proc,1643,6896,Ollama,29136
1791362622,proc,1664,12336,ollama,20768
1791362622,proc,14165,416,translationd,4496
1791362622,proc,20861,3350224,llama-server,0
1791362622,proc,22597,592,GenerativeExperiencesSafetyInferenceProvider,1440
1791362622,proc,23681,50400,node,0
1791362622,proc,24758,3200,intelligenceflowd,8768
1791362622,proc,63538,448,intelligencecontextd,3056
1791362622,proc,76300,496,IntelligencePlatformComputeService,1088
1791362622,proc,89138,800,generativeexperiencesd,1648
1791362622,sys,9029425,14,4709,
1791362623,proc,1081,448,aned,624
1791362623,proc,1643,6896,Ollama,29136
1791362623,proc,1664,12416,ollama,20768
1791362623,proc,14165,1056,translationd,4496
1791362623,proc,20861,3350496,llama-server,0
1791362623,proc,22597,592,GenerativeExperiencesSafetyInferenceProvider,1440
1791362623,proc,23681,50384,node,0
1791362623,proc,24758,3200,intelligenceflowd,8768
1791362623,proc,63538,448,intelligencecontextd,3056
1791362623,proc,76300,496,IntelligencePlatformComputeService,1088
1791362623,proc,89138,800,generativeexperiencesd,1648
1791362623,sys,9029425,15,4282,
1791362624,proc,1081,448,aned,624
1791362624,proc,1643,6896,Ollama,29136
1791362624,proc,1664,12448,ollama,20768
1791362624,proc,14165,1056,translationd,4496
1791362624,proc,20861,3303536,llama-server,0
1791362624,proc,22597,592,GenerativeExperiencesSafetyInferenceProvider,1440
1791362624,proc,23681,50384,node,0
1791362624,proc,24758,3200,intelligenceflowd,8768
1791362624,proc,63538,448,intelligencecontextd,3056
1791362624,proc,76300,496,IntelligencePlatformComputeService,1088
1791362624,proc,89138,800,generativeexperiencesd,1648
1791362624,sys,9029425,15,4521,
1791362625,proc,1081,448,aned,624
1791362625,proc,1643,6896,Ollama,29136
1791362625,proc,1664,12576,ollama,20768
1791362625,proc,14165,1056,translationd,4496
1791362625,proc,20861,3243136,llama-server,0
1791362625,proc,22597,592,GenerativeExperiencesSafetyInferenceProvider,1440
1791362625,proc,23681,50384,node,0
1791362625,proc,24758,3200,intelligenceflowd,8768
1791362625,proc,63538,448,intelligencecontextd,3056
1791362625,proc,76300,496,IntelligencePlatformComputeService,1088
1791362625,proc,89138,800,generativeexperiencesd,1648
1791362625,sys,9029425,15,3689,
1791362626,proc,1081,448,aned,624
1791362626,proc,1643,14096,Ollama,29136
1791362626,proc,1664,11840,ollama,20768
1791362626,proc,14165,416,translationd,4496
1791362626,proc,20861,3316992,llama-server,0
1791362626,proc,22597,592,GenerativeExperiencesSafetyInferenceProvider,1440
1791362626,proc,23681,43872,node,0
1791362626,proc,24758,3200,intelligenceflowd,8768
1791362626,proc,63538,448,intelligencecontextd,3056
1791362626,proc,76300,496,IntelligencePlatformComputeService,1088
1791362626,proc,89138,800,generativeexperiencesd,1648
1791362626,sys,9029425,15,4382,
1791362627,proc,1081,448,aned,624
1791362627,proc,1643,14096,Ollama,29136
1791362627,proc,1664,11952,ollama,20768
1791362627,proc,14165,416,translationd,4496
1791362627,proc,20861,3292560,llama-server,0
1791362627,proc,22597,592,GenerativeExperiencesSafetyInferenceProvider,1440
1791362627,proc,23681,43888,node,0
1791362627,proc,24758,3200,intelligenceflowd,8768
1791362627,proc,63538,448,intelligencecontextd,3056
1791362627,proc,76300,496,IntelligencePlatformComputeService,1088
1791362627,proc,89138,800,generativeexperiencesd,1648
1791362627,sys,9029425,15,4034,
1791362628,proc,1081,448,aned,624
1791362628,proc,1643,14096,Ollama,29136
1791362628,proc,1664,12032,ollama,20768
1791362628,proc,14165,416,translationd,4496
1791362628,proc,20861,3236336,llama-server,0
1791362628,proc,22597,592,GenerativeExperiencesSafetyInferenceProvider,1440
1791362628,proc,23681,43888,node,0
1791362628,proc,24758,2800,intelligenceflowd,8768
1791362628,proc,63538,448,intelligencecontextd,3056
1791362628,proc,76300,496,IntelligencePlatformComputeService,1088
1791362628,proc,89138,800,generativeexperiencesd,1648
1791362628,sys,9029425,15,6662,
1791362629,proc,1081,448,aned,624
1791362629,proc,1643,14096,Ollama,29136
1791362629,proc,1664,12080,ollama,20768
1791362629,proc,14165,416,translationd,4496
1791362629,proc,20861,3206944,llama-server,0
1791362629,proc,22597,592,GenerativeExperiencesSafetyInferenceProvider,1440
1791362629,proc,23681,43888,node,0
1791362629,proc,24758,2800,intelligenceflowd,8768
1791362629,proc,63538,448,intelligencecontextd,3056
1791362629,proc,76300,496,IntelligencePlatformComputeService,1088
1791362629,proc,89138,800,generativeexperiencesd,1648
1791362629,sys,9029425,15,8258,
1791362630,proc,1081,448,aned,624
1791362630,proc,1643,14096,Ollama,29136
1791362630,proc,1664,12208,ollama,20768
1791362630,proc,14165,416,translationd,4496
1791362630,proc,20861,3207040,llama-server,0
1791362630,proc,22597,592,GenerativeExperiencesSafetyInferenceProvider,1440
1791362630,proc,23681,43888,node,0
1791362630,proc,24758,2800,intelligenceflowd,8768
1791362630,proc,63538,448,intelligencecontextd,3056
1791362630,proc,76300,496,IntelligencePlatformComputeService,1088
1791362630,proc,89138,800,generativeexperiencesd,1648
1791362630,sys,9029425,15,7724,
1791362631,proc,1081,448,aned,624
1791362631,proc,1643,8816,Ollama,29136
1791362631,proc,1664,12176,ollama,20768
1791362631,proc,14165,416,translationd,4496
1791362631,proc,20861,3200928,llama-server,0
1791362631,proc,22597,592,GenerativeExperiencesSafetyInferenceProvider,1440
1791362631,proc,23681,43776,node,0
1791362631,proc,24758,2800,intelligenceflowd,8768
1791362631,proc,39063,661280,Claude Helper (Renderer),524992
1791362631,proc,63538,448,intelligencecontextd,3056
1791362631,proc,76300,496,IntelligencePlatformComputeService,1088
1791362631,proc,89138,800,generativeexperiencesd,1648
1791362631,sys,9029425,15,4529,
1791362632,proc,1081,448,aned,624
1791362632,proc,1643,8816,Ollama,29136
1791362632,proc,1664,12064,ollama,20768
1791362632,proc,14165,416,translationd,4496
1791362632,proc,20861,3306400,llama-server,0
1791362632,proc,22597,592,GenerativeExperiencesSafetyInferenceProvider,1440
1791362632,proc,23681,43696,node,0
1791362632,proc,24758,2800,intelligenceflowd,8768
1791362632,proc,63538,448,intelligencecontextd,3056
1791362632,proc,76300,496,IntelligencePlatformComputeService,1088
1791362632,proc,89138,800,generativeexperiencesd,1648
1791362632,sys,9029425,15,4348,
1791362633,proc,1081,448,aned,624
1791362633,proc,1643,8816,Ollama,29136
1791362633,proc,1664,12128,ollama,20768
1791362633,proc,14165,1056,translationd,4496
1791362633,proc,20861,3297760,llama-server,0
1791362633,proc,22597,592,GenerativeExperiencesSafetyInferenceProvider,1440
1791362633,proc,23681,43696,node,0
1791362633,proc,24758,6208,intelligenceflowd,8768
1791362633,proc,63538,448,intelligencecontextd,3056
1791362633,proc,76300,496,IntelligencePlatformComputeService,1088
1791362633,proc,89138,800,generativeexperiencesd,1648
1791362633,sys,9029425,14,4372,
1791362635,proc,1081,448,aned,624
1791362635,proc,1643,8816,Ollama,29136
1791362635,proc,1664,12208,ollama,20768
1791362635,proc,14165,1056,translationd,4496
1791362635,proc,20861,3361136,llama-server,0
1791362635,proc,22597,592,GenerativeExperiencesSafetyInferenceProvider,1440
1791362635,proc,23681,43696,node,0
1791362635,proc,24758,5520,intelligenceflowd,8768
1791362635,proc,63538,448,intelligencecontextd,3056
1791362635,proc,76300,496,IntelligencePlatformComputeService,1088
1791362635,proc,89138,800,generativeexperiencesd,1648
1791362635,sys,9029425,14,4381,
1791362636,proc,1081,448,aned,624
1791362636,proc,1643,8816,Ollama,29136
1791362636,proc,1664,12304,ollama,20768
1791362636,proc,14165,1584,translationd,4496
1791362636,proc,20861,3361408,llama-server,0
1791362636,proc,22597,592,GenerativeExperiencesSafetyInferenceProvider,1440
1791362636,proc,23681,43696,node,0
1791362636,proc,24758,5456,intelligenceflowd,8768
1791362636,proc,63538,448,intelligencecontextd,3056
1791362636,proc,76300,496,IntelligencePlatformComputeService,1088
1791362636,proc,89138,800,generativeexperiencesd,1648
1791362636,sys,9029425,14,4275,
1791362637,proc,1081,448,aned,624
1791362637,proc,1643,8816,Ollama,29136
1791362637,proc,1664,12368,ollama,20768
1791362637,proc,14165,1584,translationd,4496
1791362637,proc,20861,3302352,llama-server,0
1791362637,proc,22597,592,GenerativeExperiencesSafetyInferenceProvider,1440
1791362637,proc,23681,43696,node,0
1791362637,proc,24758,5456,intelligenceflowd,8768
1791362637,proc,63538,448,intelligencecontextd,3056
1791362637,proc,76300,496,IntelligencePlatformComputeService,1088
1791362637,proc,89138,800,generativeexperiencesd,1648
1791362637,sys,9029425,14,7401,
1791362638,proc,1081,448,aned,624
1791362638,proc,1643,8816,Ollama,29136
1791362638,proc,1664,12432,ollama,20768
1791362638,proc,14165,1584,translationd,4496
1791362638,proc,20861,3224288,llama-server,0
1791362638,proc,22597,592,GenerativeExperiencesSafetyInferenceProvider,1440
1791362638,proc,23681,43696,node,0
1791362638,proc,24758,5456,intelligenceflowd,8768
1791362638,proc,63538,448,intelligencecontextd,3056
1791362638,proc,76300,496,IntelligencePlatformComputeService,1088
1791362638,proc,89138,800,generativeexperiencesd,1648
1791362638,sys,9029425,14,11649,
1791362639,proc,1081,448,aned,624
1791362639,proc,1643,8816,Ollama,29136
1791362639,proc,1664,12496,ollama,20768
1791362639,proc,14165,1584,translationd,4496
1791362639,proc,20861,3224416,llama-server,0
1791362639,proc,22597,592,GenerativeExperiencesSafetyInferenceProvider,1440
1791362639,proc,23681,43696,node,0
1791362639,proc,24758,5632,intelligenceflowd,8768
1791362639,proc,63538,448,intelligencecontextd,3056
1791362639,proc,76300,496,IntelligencePlatformComputeService,1088
1791362639,proc,89138,800,generativeexperiencesd,1648
1791362639,sys,9029425,14,9448,
1791362640,proc,1081,448,aned,624
1791362640,proc,1643,8816,Ollama,29136
1791362640,proc,1664,12576,ollama,20768
1791362640,proc,14165,1584,translationd,4496
1791362640,proc,20861,3224880,llama-server,0
1791362640,proc,22597,592,GenerativeExperiencesSafetyInferenceProvider,1440
1791362640,proc,23681,43696,node,0
1791362640,proc,24758,5632,intelligenceflowd,8768
1791362640,proc,63538,448,intelligencecontextd,3056
1791362640,proc,76300,496,IntelligencePlatformComputeService,1088
1791362640,proc,89138,800,generativeexperiencesd,1648
1791362640,sys,9029425,14,8958,
1791362641,proc,1081,448,aned,624
1791362641,proc,1643,8816,Ollama,29136
1791362641,proc,1664,12656,ollama,20768
1791362641,proc,14165,1584,translationd,4496
1791362641,proc,20861,3225216,llama-server,0
1791362641,proc,22597,592,GenerativeExperiencesSafetyInferenceProvider,1440
1791362641,proc,23681,43696,node,0
1791362641,proc,24758,5632,intelligenceflowd,8768
1791362641,proc,63538,448,intelligencecontextd,3056
1791362641,proc,76300,496,IntelligencePlatformComputeService,1088
1791362641,proc,89138,800,generativeexperiencesd,1648
1791362641,sys,9029425,14,8474,
1791362642,proc,1081,448,aned,624
1791362642,proc,1643,8816,Ollama,29136
1791362642,proc,1664,12752,ollama,20768
1791362642,proc,14165,1584,translationd,4496
1791362642,proc,20861,3225392,llama-server,0
1791362642,proc,22597,592,GenerativeExperiencesSafetyInferenceProvider,1440
1791362642,proc,23681,43696,node,0
1791362642,proc,24758,5632,intelligenceflowd,8768
1791362642,proc,63538,448,intelligencecontextd,3056
1791362642,proc,76300,496,IntelligencePlatformComputeService,1088
1791362642,proc,89138,800,generativeexperiencesd,1648
1791362642,sys,9029425,14,6864,
1791362643,proc,1081,448,aned,624
1791362643,proc,1643,8816,Ollama,29136
1791362643,proc,1664,12768,ollama,20768
1791362643,proc,14165,1584,translationd,4496
1791362643,proc,20861,3225456,llama-server,0
1791362643,proc,22597,592,GenerativeExperiencesSafetyInferenceProvider,1440
1791362643,proc,23681,43696,node,0
1791362643,proc,24758,5632,intelligenceflowd,8768
1791362643,proc,63538,448,intelligencecontextd,3056
1791362643,proc,76300,496,IntelligencePlatformComputeService,1088
1791362643,proc,89138,800,generativeexperiencesd,1648
1791362643,sys,9029425,14,7643,
1791362644,proc,1081,448,aned,624
1791362644,proc,1643,8816,Ollama,29136
1791362644,proc,1664,12864,ollama,20768
1791362644,proc,14165,1584,translationd,4496
1791362644,proc,20861,3225520,llama-server,0
1791362644,proc,22597,592,GenerativeExperiencesSafetyInferenceProvider,1440
1791362644,proc,23681,43696,node,0
1791362644,proc,24758,5632,intelligenceflowd,8768
1791362644,proc,63538,448,intelligencecontextd,3056
1791362644,proc,76300,496,IntelligencePlatformComputeService,1088
1791362644,proc,89138,800,generativeexperiencesd,1648
1791362644,sys,9029425,16,7263,
1791362645,proc,1081,448,aned,624
1791362645,proc,1643,8816,Ollama,29136
1791362645,proc,1664,12912,ollama,20768
1791362645,proc,14165,1584,translationd,4496
1791362645,proc,20861,3225584,llama-server,0
1791362645,proc,22597,592,GenerativeExperiencesSafetyInferenceProvider,1440
1791362645,proc,23681,43696,node,0
1791362645,proc,24758,5632,intelligenceflowd,8768
1791362645,proc,63538,448,intelligencecontextd,3056
1791362645,proc,76300,496,IntelligencePlatformComputeService,1088
1791362645,proc,89138,800,generativeexperiencesd,1648
1791362645,sys,9029425,16,6484,
1791362646,proc,1081,448,aned,624
1791362646,proc,1643,8816,Ollama,29136
1791362646,proc,1664,12928,ollama,20768
1791362646,proc,14165,1584,translationd,4496
1791362646,proc,20861,3225840,llama-server,0
1791362646,proc,22597,592,GenerativeExperiencesSafetyInferenceProvider,1440
1791362646,proc,23681,43696,node,0
1791362646,proc,24758,5632,intelligenceflowd,8768
1791362646,proc,63538,448,intelligencecontextd,3056
1791362646,proc,76300,496,IntelligencePlatformComputeService,1088
1791362646,proc,89138,800,generativeexperiencesd,1648
1791362646,sys,9029425,16,4321,
1791362647,proc,1081,448,aned,624
1791362647,proc,1643,8816,Ollama,29136
1791362647,proc,1664,12816,ollama,20768
1791362647,proc,14165,1584,translationd,4496
1791362647,proc,20861,3220464,llama-server,0
1791362647,proc,22597,592,GenerativeExperiencesSafetyInferenceProvider,1440
1791362647,proc,23681,43696,node,0
1791362647,proc,24758,5632,intelligenceflowd,8768
1791362647,proc,63538,448,intelligencecontextd,3056
1791362647,proc,76300,496,IntelligencePlatformComputeService,1088
1791362647,proc,89138,800,generativeexperiencesd,1648
1791362647,sys,9029425,16,4103,
1791362648,proc,1081,448,aned,624
1791362648,proc,1643,8816,Ollama,29136
1791362648,proc,1664,12864,ollama,20768
1791362648,proc,14165,1584,translationd,4496
1791362648,proc,20861,3216400,llama-server,0
1791362648,proc,22597,592,GenerativeExperiencesSafetyInferenceProvider,1440
1791362648,proc,23681,43696,node,0
1791362648,proc,24758,5632,intelligenceflowd,8768
1791362648,proc,63538,448,intelligencecontextd,3056
1791362648,proc,76300,496,IntelligencePlatformComputeService,1088
1791362648,proc,89138,800,generativeexperiencesd,1648
1791362648,sys,9029425,16,4555,
1791362649,proc,1081,448,aned,624
1791362649,proc,1643,8816,Ollama,29136
1791362649,proc,1664,12976,ollama,20768
1791362649,proc,14165,1584,translationd,4496
1791362649,proc,20861,3216608,llama-server,0
1791362649,proc,22597,592,GenerativeExperiencesSafetyInferenceProvider,1440
1791362649,proc,23681,43712,node,0
1791362649,proc,24758,5632,intelligenceflowd,8768
1791362649,proc,63538,448,intelligencecontextd,3056
1791362649,proc,76300,496,IntelligencePlatformComputeService,1088
1791362649,proc,89138,800,generativeexperiencesd,1648
1791362649,sys,9029425,16,4268,
1791362650,proc,1081,448,aned,624
1791362650,proc,1643,8816,Ollama,29136
1791362650,proc,1664,13088,ollama,20768
1791362650,proc,14165,1584,translationd,4496
1791362650,proc,20861,3217024,llama-server,0
1791362650,proc,22597,592,GenerativeExperiencesSafetyInferenceProvider,1440
1791362650,proc,23681,43712,node,0
1791362650,proc,24758,5632,intelligenceflowd,8768
1791362650,proc,63538,448,intelligencecontextd,3056
1791362650,proc,76300,496,IntelligencePlatformComputeService,1088
1791362650,proc,89138,800,generativeexperiencesd,1648
1791362650,sys,9029425,16,5337,
1791362651,proc,1081,448,aned,624
1791362651,proc,1643,8800,Ollama,29136
1791362651,proc,1664,12288,ollama,20768
1791362651,proc,14165,1056,translationd,4496
1791362651,proc,20861,3206448,llama-server,0
1791362651,proc,22597,592,GenerativeExperiencesSafetyInferenceProvider,1440
1791362651,proc,23681,39568,node,0
1791362651,proc,24758,2624,intelligenceflowd,8768
1791362651,proc,63538,448,intelligencecontextd,3056
1791362651,proc,76300,496,IntelligencePlatformComputeService,1088
1791362651,proc,89138,800,generativeexperiencesd,1648
1791362651,sys,9029425,16,4091,
1791362652,proc,1081,448,aned,624
1791362652,proc,1643,8800,Ollama,29136
1791362652,proc,1664,11776,ollama,20768
1791362652,proc,14165,1056,translationd,4496
1791362652,proc,20861,3188224,llama-server,0
1791362652,proc,22597,592,GenerativeExperiencesSafetyInferenceProvider,1440
1791362652,proc,23681,39568,node,0
1791362652,proc,24758,2608,intelligenceflowd,8768
1791362652,proc,63538,448,intelligencecontextd,3056
1791362652,proc,76300,496,IntelligencePlatformComputeService,1088
1791362652,proc,89138,800,generativeexperiencesd,1648
1791362652,sys,9029425,16,4313,
1791362653,mark,end,,,
1791362654,mark,stop,,,
1791362654,proc,1081,448,aned,624
1791362654,proc,1643,8800,Ollama,29136
1791362654,proc,1664,22320,ollama,20768
1791362654,proc,14165,1376,translationd,4496
1791362654,proc,20861,3241104,llama-server,0
1791362654,proc,22597,592,GenerativeExperiencesSafetyInferenceProvider,1440
1791362654,proc,24758,2688,intelligenceflowd,8768
1791362654,proc,63538,448,intelligencecontextd,3056
1791362654,proc,76300,992,IntelligencePlatformComputeService,1088
1791362654,proc,89138,1328,generativeexperiencesd,1648
