epoch,kind,f1,f2,f3,f4
1791362062,proc,1081,656,aned,656
1791362062,proc,1643,27072,Ollama,27072
1791362062,proc,1664,15200,ollama,15200
1791362062,proc,12197,1668800,Python,1668800
1791362062,proc,14165,3280,translationd,3280
1791362062,proc,22597,1504,GenerativeExperiencesSafetyInferenceProvider,1504
1791362062,proc,24758,7776,intelligenceflowd,7776
1791362062,proc,63538,1152,intelligencecontextd,1152
1791362062,proc,69280,800,intelligencetasksd,800
1791362062,proc,72488,1216,AppleIntelligenceReportingProcessingService,1216
1791362062,proc,76300,1136,IntelligencePlatformComputeService,1136
1791362062,proc,82708,672,ANECompilerService,672
1791362062,proc,89138,1696,generativeexperiencesd,1696
1791362062,sys,9029425,62,169096,
1791362064,proc,1081,656,aned,656
1791362064,proc,1643,27072,Ollama,27072
1791362064,proc,1664,15200,ollama,15200
1791362064,proc,12197,3578432,Python,1668800
1791362064,proc,12244,58064,node,0
1791362064,proc,14165,3280,translationd,3280
1791362064,proc,22597,1504,GenerativeExperiencesSafetyInferenceProvider,1504
1791362064,proc,24758,7776,intelligenceflowd,7776
1791362064,proc,63538,1152,intelligencecontextd,1152
1791362064,proc,69280,800,intelligencetasksd,800
1791362064,proc,72488,1216,AppleIntelligenceReportingProcessingService,1216
1791362064,proc,76300,1136,IntelligencePlatformComputeService,1136
1791362064,proc,82708,672,ANECompilerService,672
1791362064,proc,89138,1696,generativeexperiencesd,1696
1791362064,sys,9029425,62,3973,
1791362065,proc,1081,656,aned,656
1791362065,proc,1643,27072,Ollama,27072
1791362065,proc,1664,15200,ollama,15200
1791362065,proc,12197,3384400,Python,1668800
1791362065,proc,12244,58064,node,0
1791362065,proc,14165,3280,translationd,3280
1791362065,proc,22597,1504,GenerativeExperiencesSafetyInferenceProvider,1504
1791362065,proc,24758,7776,intelligenceflowd,7776
1791362065,proc,63538,1152,intelligencecontextd,1152
1791362065,proc,69280,800,intelligencetasksd,800
1791362065,proc,72488,1216,AppleIntelligenceReportingProcessingService,1216
1791362065,proc,76300,1136,IntelligencePlatformComputeService,1136
1791362065,proc,82708,672,ANECompilerService,672
1791362065,proc,89138,1696,generativeexperiencesd,1696
1791362065,sys,9029425,62,41511,
1791362066,proc,1081,656,aned,656
1791362066,proc,1643,27072,Ollama,27072
1791362066,proc,1664,15200,ollama,15200
1791362066,proc,12197,3297792,Python,1668800
1791362066,proc,12244,58080,node,0
1791362066,proc,12305,84400,MTLCompilerService,0
1791362066,proc,14165,3280,translationd,3280
1791362066,proc,22597,1504,GenerativeExperiencesSafetyInferenceProvider,1504
1791362066,proc,24758,7776,intelligenceflowd,7776
1791362066,proc,63538,1152,intelligencecontextd,1152
1791362066,proc,69280,800,intelligencetasksd,800
1791362066,proc,72488,1216,AppleIntelligenceReportingProcessingService,1216
1791362066,proc,76300,1136,IntelligencePlatformComputeService,1136
1791362066,proc,82708,672,ANECompilerService,672
1791362066,proc,89138,1696,generativeexperiencesd,1696
1791362066,sys,9029425,62,18189,
1791362067,proc,1081,656,aned,656
1791362067,proc,1643,27072,Ollama,27072
1791362067,proc,1664,15200,ollama,15200
1791362067,proc,12197,3302752,Python,1668800
1791362067,proc,12244,58112,node,0
1791362067,proc,12305,92608,MTLCompilerService,0
1791362067,proc,14165,3280,translationd,3280
1791362067,proc,22597,1504,GenerativeExperiencesSafetyInferenceProvider,1504
1791362067,proc,24758,7792,intelligenceflowd,7776
1791362067,proc,63538,1152,intelligencecontextd,1152
1791362067,proc,69280,800,intelligencetasksd,800
1791362067,proc,72488,1216,AppleIntelligenceReportingProcessingService,1216
1791362067,proc,76300,1136,IntelligencePlatformComputeService,1136
1791362067,proc,82708,672,ANECompilerService,672
1791362067,proc,89138,1696,generativeexperiencesd,1696
1791362067,sys,9029425,62,4312,
1791362068,proc,1081,624,aned,656
1791362068,proc,1643,26976,Ollama,27072
1791362068,proc,1664,15200,ollama,15200
1791362068,proc,12197,3303520,Python,1668800
1791362068,proc,12244,58080,node,0
1791362068,proc,12305,92560,MTLCompilerService,0
1791362068,proc,14165,3232,translationd,3280
1791362068,proc,22597,1440,GenerativeExperiencesSafetyInferenceProvider,1504
1791362068,proc,24758,7728,intelligenceflowd,7776
1791362068,proc,63538,1056,intelligencecontextd,1152
1791362068,proc,69280,752,intelligencetasksd,800
1791362068,proc,72488,1168,AppleIntelligenceReportingProcessingService,1216
1791362068,proc,76300,1088,IntelligencePlatformComputeService,1136
1791362068,proc,82708,640,ANECompilerService,672
1791362068,proc,89138,1648,generativeexperiencesd,1696
1791362068,sys,9029425,46,5232,
1791362069,proc,1081,624,aned,656
1791362069,proc,1643,26976,Ollama,27072
1791362069,proc,1664,15200,ollama,15200
1791362069,proc,12197,3306528,Python,1668800
1791362069,proc,12244,58048,node,0
1791362069,proc,12305,94944,MTLCompilerService,0
1791362069,proc,14165,3232,translationd,3280
1791362069,proc,22597,1440,GenerativeExperiencesSafetyInferenceProvider,1504
1791362069,proc,24758,7728,intelligenceflowd,7776
1791362069,proc,63538,1056,intelligencecontextd,1152
1791362069,proc,69280,752,intelligencetasksd,800
1791362069,proc,72488,1168,AppleIntelligenceReportingProcessingService,1216
1791362069,proc,76300,1088,IntelligencePlatformComputeService,1136
1791362069,proc,82708,640,ANECompilerService,672
1791362069,proc,89138,1648,generativeexperiencesd,1696
1791362069,sys,9029425,46,50095,
1791362070,proc,1081,624,aned,656
1791362070,proc,1643,26976,Ollama,27072
1791362070,proc,1664,15200,ollama,15200
1791362070,proc,12197,3306656,Python,1668800
1791362070,proc,12244,58048,node,0
1791362070,proc,12305,95664,MTLCompilerService,0
1791362070,proc,14165,3232,translationd,3280
1791362070,proc,22597,1440,GenerativeExperiencesSafetyInferenceProvider,1504
1791362070,proc,24758,7728,intelligenceflowd,7776
1791362070,proc,63538,1056,intelligencecontextd,1152
1791362070,proc,69280,752,intelligencetasksd,800
1791362070,proc,72488,1168,AppleIntelligenceReportingProcessingService,1216
1791362070,proc,76300,1088,IntelligencePlatformComputeService,1136
1791362070,proc,82708,640,ANECompilerService,672
1791362070,proc,89138,1648,generativeexperiencesd,1696
1791362070,sys,9029425,46,49976,
1791362071,proc,1081,624,aned,656
1791362071,proc,1643,26976,Ollama,27072
1791362071,proc,1664,15200,ollama,15200
1791362071,proc,12197,3306656,Python,1668800
1791362071,proc,12244,57600,node,0
1791362071,proc,12305,95616,MTLCompilerService,0
1791362071,proc,14165,3232,translationd,3280
1791362071,proc,22597,1440,GenerativeExperiencesSafetyInferenceProvider,1504
1791362071,proc,24758,7728,intelligenceflowd,7776
1791362071,proc,63538,1056,intelligencecontextd,1152
1791362071,proc,69280,752,intelligencetasksd,800
1791362071,proc,72488,1168,AppleIntelligenceReportingProcessingService,1216
1791362071,proc,76300,1088,IntelligencePlatformComputeService,1136
1791362071,proc,82708,640,ANECompilerService,672
1791362071,proc,89138,1648,generativeexperiencesd,1696
1791362071,sys,9029425,46,48276,
1791362072,proc,1081,624,aned,656
1791362072,proc,1643,26976,Ollama,27072
1791362072,proc,1664,15200,ollama,15200
1791362072,proc,12197,3306800,Python,1668800
1791362072,proc,12244,56672,node,0
1791362072,proc,12305,95616,MTLCompilerService,0
1791362072,proc,14165,3232,translationd,3280
1791362072,proc,22597,1440,GenerativeExperiencesSafetyInferenceProvider,1504
1791362072,proc,24758,7712,intelligenceflowd,7776
1791362072,proc,63538,1056,intelligencecontextd,1152
1791362072,proc,69280,752,intelligencetasksd,800
1791362072,proc,72488,1168,AppleIntelligenceReportingProcessingService,1216
1791362072,proc,76300,1088,IntelligencePlatformComputeService,1136
1791362072,proc,82708,640,ANECompilerService,672
1791362072,proc,89138,1648,generativeexperiencesd,1696
1791362072,sys,9029425,46,34938,
1791362073,proc,1081,624,aned,656
1791362073,proc,1643,26976,Ollama,27072
1791362073,proc,1664,15200,ollama,15200
1791362073,proc,12197,3306752,Python,1668800
1791362073,proc,12244,56656,node,0
1791362073,proc,12305,95616,MTLCompilerService,0
1791362073,proc,14165,3232,translationd,3280
1791362073,proc,22597,1440,GenerativeExperiencesSafetyInferenceProvider,1504
1791362073,proc,24758,7712,intelligenceflowd,7776
1791362073,proc,63538,1056,intelligencecontextd,1152
1791362073,proc,69280,752,intelligencetasksd,800
1791362073,proc,72488,1168,AppleIntelligenceReportingProcessingService,1216
1791362073,proc,76300,1088,IntelligencePlatformComputeService,1136
1791362073,proc,82708,640,ANECompilerService,672
1791362073,proc,89138,1648,generativeexperiencesd,1696
1791362073,sys,9029425,49,33989,
1791362074,proc,1081,624,aned,656
1791362074,proc,1643,26976,Ollama,27072
1791362074,proc,1664,15200,ollama,15200
1791362074,proc,12197,3306752,Python,1668800
1791362074,proc,12244,56656,node,0
1791362074,proc,12305,95616,MTLCompilerService,0
1791362074,proc,14165,3232,translationd,3280
1791362074,proc,22597,1440,GenerativeExperiencesSafetyInferenceProvider,1504
1791362074,proc,24758,7712,intelligenceflowd,7776
1791362074,proc,63538,1056,intelligencecontextd,1152
1791362074,proc,69280,752,intelligencetasksd,800
1791362074,proc,72488,1168,AppleIntelligenceReportingProcessingService,1216
1791362074,proc,76300,1088,IntelligencePlatformComputeService,1136
1791362074,proc,82708,640,ANECompilerService,672
1791362074,proc,89138,1648,generativeexperiencesd,1696
1791362074,sys,9029425,49,33312,
1791362075,proc,1081,624,aned,656
1791362075,proc,1643,26976,Ollama,27072
1791362075,proc,1664,15200,ollama,15200
1791362075,proc,12197,3306752,Python,1668800
1791362075,proc,12244,56656,node,0
1791362075,proc,12305,95616,MTLCompilerService,0
1791362075,proc,14165,3232,translationd,3280
1791362075,proc,22597,1440,GenerativeExperiencesSafetyInferenceProvider,1504
1791362075,proc,24758,7712,intelligenceflowd,7776
1791362075,proc,63538,1056,intelligencecontextd,1152
1791362075,proc,69280,752,intelligencetasksd,800
1791362075,proc,72488,1168,AppleIntelligenceReportingProcessingService,1216
1791362075,proc,76300,1088,IntelligencePlatformComputeService,1136
1791362075,proc,82708,640,ANECompilerService,672
1791362075,proc,89138,1648,generativeexperiencesd,1696
1791362075,sys,9029425,49,32673,
1791362076,proc,1081,624,aned,656
1791362076,proc,1643,26976,Ollama,27072
1791362076,proc,1664,15200,ollama,15200
1791362076,proc,12197,3306768,Python,1668800
1791362076,proc,12244,56656,node,0
1791362076,proc,12305,95616,MTLCompilerService,0
1791362076,proc,14165,3232,translationd,3280
1791362076,proc,22597,1440,GenerativeExperiencesSafetyInferenceProvider,1504
1791362076,proc,24758,7712,intelligenceflowd,7776
1791362076,proc,63538,1056,intelligencecontextd,1152
1791362076,proc,69280,752,intelligencetasksd,800
1791362076,proc,72488,1168,AppleIntelligenceReportingProcessingService,1216
1791362076,proc,76300,1088,IntelligencePlatformComputeService,1136
1791362076,proc,82708,640,ANECompilerService,672
1791362076,proc,89138,1648,generativeexperiencesd,1696
1791362076,sys,9029425,49,32852,
1791362077,proc,1081,624,aned,656
1791362077,proc,1643,26976,Ollama,27072
1791362077,proc,1664,15200,ollama,15200
1791362077,proc,12197,3306784,Python,1668800
1791362077,proc,12244,56656,node,0
1791362077,proc,12305,95616,MTLCompilerService,0
1791362077,proc,14165,3232,translationd,3280
1791362077,proc,22597,1440,GenerativeExperiencesSafetyInferenceProvider,1504
1791362077,proc,24758,7712,intelligenceflowd,7776
1791362077,proc,63538,1056,intelligencecontextd,1152
1791362077,proc,69280,752,intelligencetasksd,800
1791362077,proc,72488,1168,AppleIntelligenceReportingProcessingService,1216
1791362077,proc,76300,1088,IntelligencePlatformComputeService,1136
1791362077,proc,82708,640,ANECompilerService,672
1791362077,proc,89138,1648,generativeexperiencesd,1696
1791362077,sys,9029425,49,34086,
1791362078,proc,1081,624,aned,656
1791362078,proc,1643,26976,Ollama,27072
1791362078,proc,1664,15200,ollama,15200
1791362078,proc,12197,3307520,Python,1668800
1791362078,proc,12244,56656,node,0
1791362078,proc,12305,95616,MTLCompilerService,0
1791362078,proc,14165,3232,translationd,3280
1791362078,proc,22597,1440,GenerativeExperiencesSafetyInferenceProvider,1504
1791362078,proc,24758,7712,intelligenceflowd,7776
1791362078,proc,63538,1056,intelligencecontextd,1152
1791362078,proc,69280,752,intelligencetasksd,800
1791362078,proc,72488,1168,AppleIntelligenceReportingProcessingService,1216
1791362078,proc,76300,1088,IntelligencePlatformComputeService,1136
1791362078,proc,82708,640,ANECompilerService,672
1791362078,proc,89138,1648,generativeexperiencesd,1696
1791362078,sys,9029425,49,35400,
1791362080,proc,1081,624,aned,656
1791362080,proc,1643,26976,Ollama,27072
1791362080,proc,1664,15200,ollama,15200
1791362080,proc,12197,3307520,Python,1668800
1791362080,proc,12244,56656,node,0
1791362080,proc,12305,95616,MTLCompilerService,0
1791362080,proc,14165,3232,translationd,3280
1791362080,proc,22597,1440,GenerativeExperiencesSafetyInferenceProvider,1504
1791362080,proc,24758,7712,intelligenceflowd,7776
1791362080,proc,63538,1056,intelligencecontextd,1152
1791362080,proc,69280,752,intelligencetasksd,800
1791362080,proc,72488,1168,AppleIntelligenceReportingProcessingService,1216
1791362080,proc,76300,1088,IntelligencePlatformComputeService,1136
1791362080,proc,82708,640,ANECompilerService,672
1791362080,proc,89138,1648,generativeexperiencesd,1696
1791362080,sys,9029425,49,34962,
1791362081,proc,1081,624,aned,656
1791362081,proc,1643,26976,Ollama,27072
1791362081,proc,1664,15200,ollama,15200
1791362081,proc,12197,3307520,Python,1668800
1791362081,proc,12244,56656,node,0
1791362081,proc,12305,95616,MTLCompilerService,0
1791362081,proc,14165,3232,translationd,3280
1791362081,proc,22597,1440,GenerativeExperiencesSafetyInferenceProvider,1504
1791362081,proc,24758,7712,intelligenceflowd,7776
1791362081,proc,63538,1056,intelligencecontextd,1152
1791362081,proc,69280,752,intelligencetasksd,800
1791362081,proc,72488,1168,AppleIntelligenceReportingProcessingService,1216
1791362081,proc,76300,1088,IntelligencePlatformComputeService,1136
1791362081,proc,82708,640,ANECompilerService,672
1791362081,proc,89138,1648,generativeexperiencesd,1696
1791362081,sys,9029425,49,33666,
1791362082,proc,1081,624,aned,656
1791362082,proc,1643,26976,Ollama,27072
1791362082,proc,1664,15200,ollama,15200
1791362082,proc,12197,3307600,Python,1668800
1791362082,proc,12244,56656,node,0
1791362082,proc,12305,95616,MTLCompilerService,0
1791362082,proc,14165,3232,translationd,3280
1791362082,proc,22597,1440,GenerativeExperiencesSafetyInferenceProvider,1504
1791362082,proc,24758,7712,intelligenceflowd,7776
1791362082,proc,63538,1056,intelligencecontextd,1152
1791362082,proc,69280,752,intelligencetasksd,800
1791362082,proc,72488,1168,AppleIntelligenceReportingProcessingService,1216
1791362082,proc,76300,1088,IntelligencePlatformComputeService,1136
1791362082,proc,82708,640,ANECompilerService,672
1791362082,proc,89138,1648,generativeexperiencesd,1696
1791362082,sys,9029425,49,33723,
1791362083,proc,1081,624,aned,656
1791362083,proc,1643,26976,Ollama,27072
1791362083,proc,1664,15200,ollama,15200
1791362083,proc,12197,3307616,Python,1668800
1791362083,proc,12244,56656,node,0
1791362083,proc,12305,95616,MTLCompilerService,0
1791362083,proc,14165,3232,translationd,3280
1791362083,proc,22597,1440,GenerativeExperiencesSafetyInferenceProvider,1504
1791362083,proc,24758,7712,intelligenceflowd,7776
1791362083,proc,63538,1056,intelligencecontextd,1152
1791362083,proc,69280,752,intelligencetasksd,800
1791362083,proc,72488,1168,AppleIntelligenceReportingProcessingService,1216
1791362083,proc,76300,1088,IntelligencePlatformComputeService,1136
1791362083,proc,82708,640,ANECompilerService,672
1791362083,proc,89138,1648,generativeexperiencesd,1696
1791362083,sys,9029425,49,33915,
1791362084,proc,1081,624,aned,656
1791362084,proc,1643,26976,Ollama,27072
1791362084,proc,1664,15200,ollama,15200
1791362084,proc,12197,3307632,Python,1668800
1791362084,proc,12244,56656,node,0
1791362084,proc,12305,95616,MTLCompilerService,0
1791362084,proc,14165,3232,translationd,3280
1791362084,proc,22597,1440,GenerativeExperiencesSafetyInferenceProvider,1504
1791362084,proc,24758,7712,intelligenceflowd,7776
1791362084,proc,63538,1056,intelligencecontextd,1152
1791362084,proc,69280,752,intelligencetasksd,800
1791362084,proc,72488,1168,AppleIntelligenceReportingProcessingService,1216
1791362084,proc,76300,1088,IntelligencePlatformComputeService,1136
1791362084,proc,82708,640,ANECompilerService,672
1791362084,proc,89138,1648,generativeexperiencesd,1696
1791362084,sys,9029425,49,31994,
1791362085,proc,1081,624,aned,656
1791362085,proc,1643,26976,Ollama,27072
1791362085,proc,1664,15200,ollama,15200
1791362085,proc,12197,3307680,Python,1668800
1791362085,proc,12244,56656,node,0
1791362085,proc,12305,95616,MTLCompilerService,0
1791362085,proc,14165,3232,translationd,3280
1791362085,proc,22597,1440,GenerativeExperiencesSafetyInferenceProvider,1504
1791362085,proc,24758,7712,intelligenceflowd,7776
1791362085,proc,63538,1056,intelligencecontextd,1152
1791362085,proc,69280,752,intelligencetasksd,800
1791362085,proc,72488,1168,AppleIntelligenceReportingProcessingService,1216
1791362085,proc,76300,1088,IntelligencePlatformComputeService,1136
1791362085,proc,82708,640,ANECompilerService,672
1791362085,proc,89138,1648,generativeexperiencesd,1696
1791362085,sys,9029425,49,32356,
1791362086,proc,1081,624,aned,656
1791362086,proc,1643,26976,Ollama,27072
1791362086,proc,1664,15200,ollama,15200
1791362086,proc,12197,3307712,Python,1668800
1791362086,proc,12244,56656,node,0
1791362086,proc,12305,95616,MTLCompilerService,0
1791362086,proc,14165,3232,translationd,3280
1791362086,proc,22597,1440,GenerativeExperiencesSafetyInferenceProvider,1504
1791362086,proc,24758,7712,intelligenceflowd,7776
1791362086,proc,63538,1056,intelligencecontextd,1152
1791362086,proc,69280,752,intelligencetasksd,800
1791362086,proc,72488,1168,AppleIntelligenceReportingProcessingService,1216
1791362086,proc,76300,1088,IntelligencePlatformComputeService,1136
1791362086,proc,82708,640,ANECompilerService,672
1791362086,proc,89138,1648,generativeexperiencesd,1696
1791362086,sys,9029425,49,32407,
1791362087,proc,1081,624,aned,656
1791362087,proc,1643,26976,Ollama,27072
1791362087,proc,1664,15200,ollama,15200
1791362087,proc,12197,3307888,Python,1668800
1791362087,proc,12244,56656,node,0
1791362087,proc,12305,95616,MTLCompilerService,0
1791362087,proc,14165,3232,translationd,3280
1791362087,proc,22597,1440,GenerativeExperiencesSafetyInferenceProvider,1504
1791362087,proc,24758,7712,intelligenceflowd,7776
1791362087,proc,63538,1056,intelligencecontextd,1152
1791362087,proc,69280,752,intelligencetasksd,800
1791362087,proc,72488,1168,AppleIntelligenceReportingProcessingService,1216
1791362087,proc,76300,1088,IntelligencePlatformComputeService,1136
1791362087,proc,82708,640,ANECompilerService,672
1791362087,proc,89138,1648,generativeexperiencesd,1696
1791362087,sys,9029425,49,33310,
1791362088,proc,1081,624,aned,656
1791362088,proc,1643,26976,Ollama,27072
1791362088,proc,1664,15200,ollama,15200
1791362088,proc,12197,3307888,Python,1668800
1791362088,proc,12244,56656,node,0
1791362088,proc,12305,95616,MTLCompilerService,0
1791362088,proc,14165,3232,translationd,3280
1791362088,proc,22597,1440,GenerativeExperiencesSafetyInferenceProvider,1504
1791362088,proc,24758,7712,intelligenceflowd,7776
1791362088,proc,63538,1056,intelligencecontextd,1152
1791362088,proc,69280,752,intelligencetasksd,800
1791362088,proc,72488,1168,AppleIntelligenceReportingProcessingService,1216
1791362088,proc,76300,1088,IntelligencePlatformComputeService,1136
1791362088,proc,82708,640,ANECompilerService,672
1791362088,proc,89138,1648,generativeexperiencesd,1696
1791362088,sys,9029425,49,33339,
1791362089,proc,1081,624,aned,656
1791362089,proc,1643,26976,Ollama,27072
1791362089,proc,1664,15200,ollama,15200
1791362089,proc,12197,3307888,Python,1668800
1791362089,proc,12244,56656,node,0
1791362089,proc,12305,95616,MTLCompilerService,0
1791362089,proc,14165,3232,translationd,3280
1791362089,proc,22597,1440,GenerativeExperiencesSafetyInferenceProvider,1504
1791362089,proc,24758,7712,intelligenceflowd,7776
1791362089,proc,63538,1056,intelligencecontextd,1152
1791362089,proc,69280,752,intelligencetasksd,800
1791362089,proc,72488,1168,AppleIntelligenceReportingProcessingService,1216
1791362089,proc,76300,1088,IntelligencePlatformComputeService,1136
1791362089,proc,82708,640,ANECompilerService,672
1791362089,proc,89138,1648,generativeexperiencesd,1696
1791362089,sys,9029425,50,33189,
1791362090,proc,1081,624,aned,656
1791362090,proc,1643,26976,Ollama,27072
1791362090,proc,1664,15200,ollama,15200
1791362090,proc,12197,3307888,Python,1668800
1791362090,proc,12244,56672,node,0
1791362090,proc,12305,95616,MTLCompilerService,0
1791362090,proc,14165,3232,translationd,3280
1791362090,proc,22597,1440,GenerativeExperiencesSafetyInferenceProvider,1504
1791362090,proc,24758,7712,intelligenceflowd,7776
1791362090,proc,63538,1056,intelligencecontextd,1152
1791362090,proc,69280,752,intelligencetasksd,800
1791362090,proc,72488,1168,AppleIntelligenceReportingProcessingService,1216
1791362090,proc,76300,1088,IntelligencePlatformComputeService,1136
1791362090,proc,82708,640,ANECompilerService,672
1791362090,proc,89138,1648,generativeexperiencesd,1696
1791362090,sys,9029425,50,32483,
1791362091,proc,1081,624,aned,656
1791362091,proc,1643,26976,Ollama,27072
1791362091,proc,1664,15200,ollama,15200
1791362091,proc,12197,3307888,Python,1668800
1791362091,proc,12244,56672,node,0
1791362091,proc,12305,95616,MTLCompilerService,0
1791362091,proc,14165,3232,translationd,3280
1791362091,proc,22597,1440,GenerativeExperiencesSafetyInferenceProvider,1504
1791362091,proc,24758,7712,intelligenceflowd,7776
1791362091,proc,63538,1056,intelligencecontextd,1152
1791362091,proc,69280,752,intelligencetasksd,800
1791362091,proc,72488,1168,AppleIntelligenceReportingProcessingService,1216
1791362091,proc,76300,1088,IntelligencePlatformComputeService,1136
1791362091,proc,82708,640,ANECompilerService,672
1791362091,proc,89138,1648,generativeexperiencesd,1696
1791362091,sys,9029425,50,32580,
1791362092,proc,1081,624,aned,656
1791362092,proc,1643,26976,Ollama,27072
1791362092,proc,1664,15200,ollama,15200
1791362092,proc,12197,3307872,Python,1668800
1791362092,proc,12244,56672,node,0
1791362092,proc,12305,95616,MTLCompilerService,0
1791362092,proc,14165,3232,translationd,3280
1791362092,proc,22597,1440,GenerativeExperiencesSafetyInferenceProvider,1504
1791362092,proc,24758,7712,intelligenceflowd,7776
1791362092,proc,63538,1056,intelligencecontextd,1152
1791362092,proc,69280,752,intelligencetasksd,800
1791362092,proc,72488,1168,AppleIntelligenceReportingProcessingService,1216
1791362092,proc,76300,1088,IntelligencePlatformComputeService,1136
1791362092,proc,82708,640,ANECompilerService,672
1791362092,proc,89138,1648,generativeexperiencesd,1696
1791362092,sys,9029425,50,31376,
1791362093,proc,1081,624,aned,656
1791362093,proc,1643,26976,Ollama,27072
1791362093,proc,1664,15200,ollama,15200
1791362093,proc,12197,3307904,Python,1668800
1791362093,proc,12244,56672,node,0
1791362093,proc,12305,95616,MTLCompilerService,0
1791362093,proc,14165,3232,translationd,3280
1791362093,proc,22597,1440,GenerativeExperiencesSafetyInferenceProvider,1504
1791362093,proc,24758,7712,intelligenceflowd,7776
1791362093,proc,63538,1056,intelligencecontextd,1152
1791362093,proc,69280,752,intelligencetasksd,800
1791362093,proc,72488,1168,AppleIntelligenceReportingProcessingService,1216
1791362093,proc,76300,1088,IntelligencePlatformComputeService,1136
1791362093,proc,82708,640,ANECompilerService,672
1791362093,proc,89138,1648,generativeexperiencesd,1696
1791362093,sys,9029425,50,30714,
1791362094,proc,1081,624,aned,656
1791362094,proc,1643,26976,Ollama,27072
1791362094,proc,1664,15200,ollama,15200
1791362094,proc,12197,3307920,Python,1668800
1791362094,proc,12244,56672,node,0
1791362094,proc,12305,95616,MTLCompilerService,0
1791362094,proc,14165,3232,translationd,3280
1791362094,proc,22597,1440,GenerativeExperiencesSafetyInferenceProvider,1504
1791362094,proc,24758,7712,intelligenceflowd,7776
1791362094,proc,63538,1056,intelligencecontextd,1152
1791362094,proc,69280,752,intelligencetasksd,800
1791362094,proc,72488,1168,AppleIntelligenceReportingProcessingService,1216
1791362094,proc,76300,1088,IntelligencePlatformComputeService,1136
1791362094,proc,82708,640,ANECompilerService,672
1791362094,proc,89138,1648,generativeexperiencesd,1696
1791362094,sys,9029425,50,30884,
1791362095,proc,1081,624,aned,656
1791362095,proc,1643,26976,Ollama,27072
1791362095,proc,1664,15200,ollama,15200
1791362095,proc,12197,3307968,Python,1668800
1791362095,proc,12244,56672,node,0
1791362095,proc,12305,95616,MTLCompilerService,0
1791362095,proc,14165,3232,translationd,3280
1791362095,proc,22597,1440,GenerativeExperiencesSafetyInferenceProvider,1504
1791362095,proc,24758,7712,intelligenceflowd,7776
1791362095,proc,63538,1056,intelligencecontextd,1152
1791362095,proc,69280,752,intelligencetasksd,800
1791362095,proc,72488,1168,AppleIntelligenceReportingProcessingService,1216
1791362095,proc,76300,1088,IntelligencePlatformComputeService,1136
1791362095,proc,82708,640,ANECompilerService,672
1791362095,proc,89138,1648,generativeexperiencesd,1696
1791362095,sys,9029425,50,30676,
1791362097,proc,1081,624,aned,656
1791362097,proc,1643,26976,Ollama,27072
1791362097,proc,1664,15200,ollama,15200
1791362097,proc,12197,3308112,Python,1668800
1791362097,proc,12244,56672,node,0
1791362097,proc,12305,95616,MTLCompilerService,0
1791362097,proc,14165,3232,translationd,3280
1791362097,proc,22597,1440,GenerativeExperiencesSafetyInferenceProvider,1504
1791362097,proc,24758,7712,intelligenceflowd,7776
1791362097,proc,63538,1056,intelligencecontextd,1152
1791362097,proc,69280,752,intelligencetasksd,800
1791362097,proc,72488,1168,AppleIntelligenceReportingProcessingService,1216
1791362097,proc,76300,1088,IntelligencePlatformComputeService,1136
1791362097,proc,82708,640,ANECompilerService,672
1791362097,proc,89138,1648,generativeexperiencesd,1696
1791362097,sys,9029425,50,32164,
1791362098,proc,1081,624,aned,656
1791362098,proc,1643,26976,Ollama,27072
1791362098,proc,1664,15200,ollama,15200
1791362098,proc,12197,3308112,Python,1668800
1791362098,proc,12244,56672,node,0
1791362098,proc,12305,95616,MTLCompilerService,0
1791362098,proc,14165,3232,translationd,3280
1791362098,proc,22597,1440,GenerativeExperiencesSafetyInferenceProvider,1504
1791362098,proc,24758,7712,intelligenceflowd,7776
1791362098,proc,63538,1056,intelligencecontextd,1152
1791362098,proc,69280,752,intelligencetasksd,800
1791362098,proc,72488,1168,AppleIntelligenceReportingProcessingService,1216
1791362098,proc,76300,1088,IntelligencePlatformComputeService,1136
1791362098,proc,82708,640,ANECompilerService,672
1791362098,proc,89138,1648,generativeexperiencesd,1696
1791362098,sys,9029425,50,32574,
1791362099,proc,1081,624,aned,656
1791362099,proc,1643,26976,Ollama,27072
1791362099,proc,1664,15200,ollama,15200
1791362099,proc,12197,3308112,Python,1668800
1791362099,proc,12244,56672,node,0
1791362099,proc,12305,95616,MTLCompilerService,0
1791362099,proc,14165,3232,translationd,3280
1791362099,proc,22597,1440,GenerativeExperiencesSafetyInferenceProvider,1504
1791362099,proc,24758,7712,intelligenceflowd,7776
1791362099,proc,63538,1056,intelligencecontextd,1152
1791362099,proc,69280,752,intelligencetasksd,800
1791362099,proc,72488,1168,AppleIntelligenceReportingProcessingService,1216
1791362099,proc,76300,1088,IntelligencePlatformComputeService,1136
1791362099,proc,82708,640,ANECompilerService,672
1791362099,proc,89138,1648,generativeexperiencesd,1696
1791362099,sys,9029425,50,31860,
1791362100,proc,1081,624,aned,656
1791362100,proc,1643,26976,Ollama,27072
1791362100,proc,1664,15200,ollama,15200
1791362100,proc,12197,3308144,Python,1668800
1791362100,proc,12244,56672,node,0
1791362100,proc,12305,95488,MTLCompilerService,0
1791362100,proc,14165,3232,translationd,3280
1791362100,proc,22597,1440,GenerativeExperiencesSafetyInferenceProvider,1504
1791362100,proc,24758,7712,intelligenceflowd,7776
1791362100,proc,63538,1056,intelligencecontextd,1152
1791362100,proc,69280,752,intelligencetasksd,800
1791362100,proc,72488,1168,AppleIntelligenceReportingProcessingService,1216
1791362100,proc,76300,1088,IntelligencePlatformComputeService,1136
1791362100,proc,82708,640,ANECompilerService,672
1791362100,proc,89138,1648,generativeexperiencesd,1696
1791362100,sys,9029425,50,31763,
1791362101,proc,1081,624,aned,656
1791362101,proc,1643,26976,Ollama,27072
1791362101,proc,1664,15200,ollama,15200
1791362101,proc,12197,3308144,Python,1668800
1791362101,proc,12244,56672,node,0
1791362101,proc,12305,95488,MTLCompilerService,0
1791362101,proc,14165,3232,translationd,3280
1791362101,proc,22597,1440,GenerativeExperiencesSafetyInferenceProvider,1504
1791362101,proc,24758,7712,intelligenceflowd,7776
1791362101,proc,63538,1056,intelligencecontextd,1152
1791362101,proc,69280,752,intelligencetasksd,800
1791362101,proc,72488,1168,AppleIntelligenceReportingProcessingService,1216
1791362101,proc,76300,1088,IntelligencePlatformComputeService,1136
1791362101,proc,82708,640,ANECompilerService,672
1791362101,proc,89138,1648,generativeexperiencesd,1696
1791362101,sys,9029425,50,28542,
1791362102,proc,1081,624,aned,656
1791362102,proc,1643,26976,Ollama,27072
1791362102,proc,1664,15200,ollama,15200
1791362102,proc,12197,3308144,Python,1668800
1791362102,proc,12244,56672,node,0
1791362102,proc,12305,95488,MTLCompilerService,0
1791362102,proc,14165,3232,translationd,3280
1791362102,proc,22597,1440,GenerativeExperiencesSafetyInferenceProvider,1504
1791362102,proc,24758,7712,intelligenceflowd,7776
1791362102,proc,63538,1056,intelligencecontextd,1152
1791362102,proc,69280,752,intelligencetasksd,800
1791362102,proc,72488,1168,AppleIntelligenceReportingProcessingService,1216
1791362102,proc,76300,1088,IntelligencePlatformComputeService,1136
1791362102,proc,82708,640,ANECompilerService,672
1791362102,proc,89138,1648,generativeexperiencesd,1696
1791362102,sys,9029425,50,26698,
1791362103,proc,1081,624,aned,656
1791362103,proc,1643,26976,Ollama,27072
1791362103,proc,1664,15280,ollama,15200
1791362103,proc,12197,3308144,Python,1668800
1791362103,proc,12244,56672,node,0
1791362103,proc,12305,95488,MTLCompilerService,0
1791362103,proc,14165,3232,translationd,3280
1791362103,proc,22597,1440,GenerativeExperiencesSafetyInferenceProvider,1504
1791362103,proc,24758,7712,intelligenceflowd,7776
1791362103,proc,63538,1056,intelligencecontextd,1152
1791362103,proc,69280,752,intelligencetasksd,800
1791362103,proc,72488,1168,AppleIntelligenceReportingProcessingService,1216
1791362103,proc,76300,1088,IntelligencePlatformComputeService,1136
1791362103,proc,82708,640,ANECompilerService,672
1791362103,proc,89138,1648,generativeexperiencesd,1696
1791362103,sys,9029425,50,27632,
1791362104,proc,1081,624,aned,656
1791362104,proc,1643,26976,Ollama,27072
1791362104,proc,1664,15280,ollama,15200
1791362104,proc,12197,3308144,Python,1668800
1791362104,proc,12244,56672,node,0
1791362104,proc,12305,95488,MTLCompilerService,0
1791362104,proc,14165,3232,translationd,3280
1791362104,proc,22597,1440,GenerativeExperiencesSafetyInferenceProvider,1504
1791362104,proc,24758,7712,intelligenceflowd,7776
1791362104,proc,63538,1056,intelligencecontextd,1152
1791362104,proc,69280,752,intelligencetasksd,800
1791362104,proc,72488,1168,AppleIntelligenceReportingProcessingService,1216
1791362104,proc,76300,1088,IntelligencePlatformComputeService,1136
1791362104,proc,82708,640,ANECompilerService,672
1791362104,proc,89138,1648,generativeexperiencesd,1696
1791362104,sys,9029425,50,30234,
1791362105,proc,1081,624,aned,656
1791362105,proc,1643,26976,Ollama,27072
1791362105,proc,1664,15280,ollama,15200
1791362105,proc,12197,3308048,Python,1668800
1791362105,proc,12244,56672,node,0
1791362105,proc,12305,95488,MTLCompilerService,0
1791362105,proc,14165,3232,translationd,3280
1791362105,proc,22597,1440,GenerativeExperiencesSafetyInferenceProvider,1504
1791362105,proc,24758,7712,intelligenceflowd,7776
1791362105,proc,63538,1056,intelligencecontextd,1152
1791362105,proc,69280,752,intelligencetasksd,800
1791362105,proc,72488,1168,AppleIntelligenceReportingProcessingService,1216
1791362105,proc,76300,1088,IntelligencePlatformComputeService,1136
1791362105,proc,82708,640,ANECompilerService,672
1791362105,proc,89138,1648,generativeexperiencesd,1696
1791362105,sys,9029425,49,31703,
1791362106,proc,1081,624,aned,656
1791362106,proc,1643,26976,Ollama,27072
1791362106,proc,1664,15280,ollama,15200
1791362106,proc,12197,3308048,Python,1668800
1791362106,proc,12244,56672,node,0
1791362106,proc,12305,95488,MTLCompilerService,0
1791362106,proc,14165,3232,translationd,3280
1791362106,proc,22597,1440,GenerativeExperiencesSafetyInferenceProvider,1504
1791362106,proc,24758,7712,intelligenceflowd,7776
1791362106,proc,63538,1056,intelligencecontextd,1152
1791362106,proc,69280,752,intelligencetasksd,800
1791362106,proc,72488,1168,AppleIntelligenceReportingProcessingService,1216
1791362106,proc,76300,1088,IntelligencePlatformComputeService,1136
1791362106,proc,82708,640,ANECompilerService,672
1791362106,proc,89138,1648,generativeexperiencesd,1696
1791362106,sys,9029425,49,30378,
1791362107,proc,1081,624,aned,656
1791362107,proc,1643,26976,Ollama,27072
1791362107,proc,1664,15280,ollama,15200
1791362107,proc,12197,3308048,Python,1668800
1791362107,proc,12244,56672,node,0
1791362107,proc,12305,95488,MTLCompilerService,0
1791362107,proc,14165,3232,translationd,3280
1791362107,proc,22597,1440,GenerativeExperiencesSafetyInferenceProvider,1504
1791362107,proc,24758,7712,intelligenceflowd,7776
1791362107,proc,63538,1056,intelligencecontextd,1152
1791362107,proc,69280,752,intelligencetasksd,800
1791362107,proc,72488,1168,AppleIntelligenceReportingProcessingService,1216
1791362107,proc,76300,1088,IntelligencePlatformComputeService,1136
1791362107,proc,82708,640,ANECompilerService,672
1791362107,proc,89138,1648,generativeexperiencesd,1696
1791362107,sys,9029425,49,30253,
1791362108,proc,1081,624,aned,656
1791362108,proc,1643,26976,Ollama,27072
1791362108,proc,1664,15280,ollama,15200
1791362108,proc,12197,3307632,Python,1668800
1791362108,proc,12305,95488,MTLCompilerService,0
1791362108,proc,13171,57888,node,0
1791362108,proc,14165,3232,translationd,3280
1791362108,proc,22597,1440,GenerativeExperiencesSafetyInferenceProvider,1504
1791362108,proc,24758,7712,intelligenceflowd,7776
1791362108,proc,63538,1056,intelligencecontextd,1152
1791362108,proc,69280,752,intelligencetasksd,800
1791362108,proc,72488,1168,AppleIntelligenceReportingProcessingService,1216
1791362108,proc,76300,1088,IntelligencePlatformComputeService,1136
1791362108,proc,82708,640,ANECompilerService,672
1791362108,proc,89138,1648,generativeexperiencesd,1696
1791362108,sys,9029425,49,5084,
1791362109,proc,1081,624,aned,656
1791362109,proc,1643,26992,Ollama,27072
1791362109,proc,1664,15280,ollama,15200
1791362109,proc,12197,3307568,Python,1668800
1791362109,proc,12305,95488,MTLCompilerService,0
1791362109,proc,13171,57888,node,0
1791362109,proc,14165,3232,translationd,3280
1791362109,proc,22597,1440,GenerativeExperiencesSafetyInferenceProvider,1504
1791362109,proc,24758,7728,intelligenceflowd,7776
1791362109,proc,63538,1056,intelligencecontextd,1152
1791362109,proc,69280,752,intelligencetasksd,800
1791362109,proc,72488,1168,AppleIntelligenceReportingProcessingService,1216
1791362109,proc,76300,1088,IntelligencePlatformComputeService,1136
1791362109,proc,82708,640,ANECompilerService,672
1791362109,proc,89138,1648,generativeexperiencesd,1696
1791362109,sys,9029425,49,52311,
1791362110,proc,1081,624,aned,656
1791362110,proc,1643,26992,Ollama,27072
1791362110,proc,1664,15280,ollama,15200
1791362110,proc,12197,3307568,Python,1668800
1791362110,proc,12305,95488,MTLCompilerService,0
1791362110,proc,13171,57888,node,0
1791362110,proc,13201,22096,mdworker_shared,0
1791362110,proc,14165,3232,translationd,3280
1791362110,proc,22597,1440,GenerativeExperiencesSafetyInferenceProvider,1504
1791362110,proc,24758,7728,intelligenceflowd,7776
1791362110,proc,63538,1056,intelligencecontextd,1152
1791362110,proc,69280,752,intelligencetasksd,800
1791362110,proc,72488,1168,AppleIntelligenceReportingProcessingService,1216
1791362110,proc,76300,1088,IntelligencePlatformComputeService,1136
1791362110,proc,82708,640,ANECompilerService,672
1791362110,proc,89138,1648,generativeexperiencesd,1696
1791362110,sys,9029425,49,52688,
1791362111,proc,1081,624,aned,656
1791362111,proc,1643,26992,Ollama,27072
1791362111,proc,1664,15280,ollama,15200
1791362111,proc,12197,3307584,Python,1668800
1791362111,proc,12305,95488,MTLCompilerService,0
1791362111,proc,13171,57904,node,0
1791362111,proc,13201,22096,mdworker_shared,0
1791362111,proc,14165,3232,translationd,3280
1791362111,proc,22597,1440,GenerativeExperiencesSafetyInferenceProvider,1504
1791362111,proc,24758,7728,intelligenceflowd,7776
1791362111,proc,63538,1056,intelligencecontextd,1152
1791362111,proc,69280,752,intelligencetasksd,800
1791362111,proc,72488,1168,AppleIntelligenceReportingProcessingService,1216
1791362111,proc,76300,1088,IntelligencePlatformComputeService,1136
1791362111,proc,82708,640,ANECompilerService,672
1791362111,proc,89138,1648,generativeexperiencesd,1696
1791362111,sys,9029425,49,53205,
1791362112,proc,1081,624,aned,656
1791362112,proc,1643,26992,Ollama,27072
1791362112,proc,1664,15280,ollama,15200
1791362112,proc,12197,3307584,Python,1668800
1791362112,proc,12305,95488,MTLCompilerService,0
1791362112,proc,13171,57936,node,0
1791362112,proc,13201,22096,mdworker_shared,0
1791362112,proc,14165,3232,translationd,3280
1791362112,proc,22597,1440,GenerativeExperiencesSafetyInferenceProvider,1504
1791362112,proc,24758,7728,intelligenceflowd,7776
1791362112,proc,63538,1056,intelligencecontextd,1152
1791362112,proc,69280,752,intelligencetasksd,800
1791362112,proc,72488,1168,AppleIntelligenceReportingProcessingService,1216
1791362112,proc,76300,1088,IntelligencePlatformComputeService,1136
1791362112,proc,82708,640,ANECompilerService,672
1791362112,proc,89138,1648,generativeexperiencesd,1696
1791362112,sys,9029425,49,52847,
1791362114,proc,1081,624,aned,656
1791362114,proc,1643,26992,Ollama,27072
1791362114,proc,1664,15280,ollama,15200
1791362114,proc,12197,3307584,Python,1668800
1791362114,proc,12305,95488,MTLCompilerService,0
1791362114,proc,13171,57904,node,0
1791362114,proc,13201,22096,mdworker_shared,0
1791362114,proc,14165,3232,translationd,3280
1791362114,proc,22597,1440,GenerativeExperiencesSafetyInferenceProvider,1504
1791362114,proc,24758,7728,intelligenceflowd,7776
1791362114,proc,63538,1056,intelligencecontextd,1152
1791362114,proc,69280,752,intelligencetasksd,800
1791362114,proc,72488,1168,AppleIntelligenceReportingProcessingService,1216
1791362114,proc,76300,1088,IntelligencePlatformComputeService,1136
1791362114,proc,82708,640,ANECompilerService,672
1791362114,proc,89138,1648,generativeexperiencesd,1696
1791362114,sys,9029425,49,52435,
1791362115,proc,1081,624,aned,656
1791362115,proc,1643,26992,Ollama,27072
1791362115,proc,1664,15280,ollama,15200
1791362115,proc,12197,3307584,Python,1668800
1791362115,proc,12305,95488,MTLCompilerService,0
1791362115,proc,13171,57904,node,0
1791362115,proc,13201,22064,mdworker_shared,0
1791362115,proc,14165,3232,translationd,3280
1791362115,proc,22597,1440,GenerativeExperiencesSafetyInferenceProvider,1504
1791362115,proc,24758,7728,intelligenceflowd,7776
1791362115,proc,63538,1056,intelligencecontextd,1152
1791362115,proc,69280,752,intelligencetasksd,800
1791362115,proc,72488,1168,AppleIntelligenceReportingProcessingService,1216
1791362115,proc,76300,1088,IntelligencePlatformComputeService,1136
1791362115,proc,82708,640,ANECompilerService,672
1791362115,proc,89138,1648,generativeexperiencesd,1696
1791362115,sys,9029425,49,52689,
1791362116,proc,1081,624,aned,656
1791362116,proc,1643,26992,Ollama,27072
1791362116,proc,1664,15280,ollama,15200
1791362116,proc,12197,3307968,Python,1668800
1791362116,proc,12305,95488,MTLCompilerService,0
1791362116,proc,13171,57904,node,0
1791362116,proc,13201,22064,mdworker_shared,0
1791362116,proc,14165,3232,translationd,3280
1791362116,proc,22597,1440,GenerativeExperiencesSafetyInferenceProvider,1504
1791362116,proc,24758,7728,intelligenceflowd,7776
1791362116,proc,63538,1056,intelligencecontextd,1152
1791362116,proc,69280,752,intelligencetasksd,800
1791362116,proc,72488,1168,AppleIntelligenceReportingProcessingService,1216
1791362116,proc,76300,1088,IntelligencePlatformComputeService,1136
1791362116,proc,82708,640,ANECompilerService,672
1791362116,proc,89138,1648,generativeexperiencesd,1696
1791362116,sys,9029425,50,54155,
1791362117,proc,1081,624,aned,656
1791362117,proc,1643,26992,Ollama,27072
1791362117,proc,1664,15280,ollama,15200
1791362117,proc,12197,3308000,Python,1668800
1791362117,proc,12305,95488,MTLCompilerService,0
1791362117,proc,13171,56528,node,0
1791362117,proc,13201,22064,mdworker_shared,0
1791362117,proc,14165,3232,translationd,3280
1791362117,proc,22597,1440,GenerativeExperiencesSafetyInferenceProvider,1504
1791362117,proc,24758,7728,intelligenceflowd,7776
1791362117,proc,63538,1056,intelligencecontextd,1152
1791362117,proc,69280,752,intelligencetasksd,800
1791362117,proc,72488,1168,AppleIntelligenceReportingProcessingService,1216
1791362117,proc,76300,1088,IntelligencePlatformComputeService,1136
1791362117,proc,82708,640,ANECompilerService,672
1791362117,proc,89138,1648,generativeexperiencesd,1696
1791362117,sys,9029425,50,58276,
1791362118,proc,1081,624,aned,656
1791362118,proc,1643,26992,Ollama,27072
1791362118,proc,1664,15280,ollama,15200
1791362118,proc,12197,3308000,Python,1668800
1791362118,proc,12305,95488,MTLCompilerService,0
1791362118,proc,13171,56528,node,0
1791362118,proc,13201,22064,mdworker_shared,0
1791362118,proc,14165,3232,translationd,3280
1791362118,proc,22597,1440,GenerativeExperiencesSafetyInferenceProvider,1504
1791362118,proc,24758,7728,intelligenceflowd,7776
1791362118,proc,63538,1056,intelligencecontextd,1152
1791362118,proc,69280,752,intelligencetasksd,800
1791362118,proc,72488,1168,AppleIntelligenceReportingProcessingService,1216
1791362118,proc,76300,1088,IntelligencePlatformComputeService,1136
1791362118,proc,82708,640,ANECompilerService,672
1791362118,proc,89138,1648,generativeexperiencesd,1696
1791362118,sys,9029425,50,57365,
1791362119,proc,1081,624,aned,656
1791362119,proc,1643,26992,Ollama,27072
1791362119,proc,1664,15280,ollama,15200
1791362119,proc,12197,3308048,Python,1668800
1791362119,proc,12305,95488,MTLCompilerService,0
1791362119,proc,13171,56496,node,0
1791362119,proc,14165,3232,translationd,3280
1791362119,proc,22597,1440,GenerativeExperiencesSafetyInferenceProvider,1504
1791362119,proc,24758,7728,intelligenceflowd,7776
1791362119,proc,63538,1056,intelligencecontextd,1152
1791362119,proc,69280,752,intelligencetasksd,800
1791362119,proc,72488,1168,AppleIntelligenceReportingProcessingService,1216
1791362119,proc,76300,1088,IntelligencePlatformComputeService,1136
1791362119,proc,82708,640,ANECompilerService,672
1791362119,proc,89138,1648,generativeexperiencesd,1696
1791362119,sys,9029425,50,57702,
1791362120,proc,1081,624,aned,656
1791362120,proc,1643,26992,Ollama,27072
1791362120,proc,1664,15280,ollama,15200
1791362120,proc,12197,3308064,Python,1668800
1791362120,proc,12305,95488,MTLCompilerService,0
1791362120,proc,13171,56512,node,0
1791362120,proc,14165,3232,translationd,3280
1791362120,proc,22597,1440,GenerativeExperiencesSafetyInferenceProvider,1504
1791362120,proc,24758,7728,intelligenceflowd,7776
1791362120,proc,63538,1056,intelligencecontextd,1152
1791362120,proc,69280,752,intelligencetasksd,800
1791362120,proc,72488,1168,AppleIntelligenceReportingProcessingService,1216
1791362120,proc,76300,1088,IntelligencePlatformComputeService,1136
1791362120,proc,82708,640,ANECompilerService,672
1791362120,proc,89138,1648,generativeexperiencesd,1696
1791362120,sys,9029425,50,58180,
1791362121,proc,1081,624,aned,656
1791362121,proc,1643,26992,Ollama,27072
1791362121,proc,1664,15280,ollama,15200
1791362121,proc,12197,3308064,Python,1668800
1791362121,proc,12305,95488,MTLCompilerService,0
1791362121,proc,13171,56512,node,0
1791362121,proc,14165,3232,translationd,3280
1791362121,proc,22597,1440,GenerativeExperiencesSafetyInferenceProvider,1504
1791362121,proc,24758,7728,intelligenceflowd,7776
1791362121,proc,63538,1056,intelligencecontextd,1152
1791362121,proc,69280,752,intelligencetasksd,800
1791362121,proc,72488,1168,AppleIntelligenceReportingProcessingService,1216
1791362121,proc,76300,1088,IntelligencePlatformComputeService,1136
1791362121,proc,82708,640,ANECompilerService,672
1791362121,proc,89138,1648,generativeexperiencesd,1696
1791362121,sys,9029425,50,58232,
1791362122,proc,1081,624,aned,656
1791362122,proc,1643,26992,Ollama,27072
1791362122,proc,1664,15280,ollama,15200
1791362122,proc,12197,3308064,Python,1668800
1791362122,proc,12305,95488,MTLCompilerService,0
1791362122,proc,13171,56512,node,0
1791362122,proc,14165,3232,translationd,3280
1791362122,proc,22597,1440,GenerativeExperiencesSafetyInferenceProvider,1504
1791362122,proc,24758,7728,intelligenceflowd,7776
1791362122,proc,63538,1056,intelligencecontextd,1152
1791362122,proc,69280,752,intelligencetasksd,800
1791362122,proc,72488,1168,AppleIntelligenceReportingProcessingService,1216
1791362122,proc,76300,1088,IntelligencePlatformComputeService,1136
1791362122,proc,82708,640,ANECompilerService,672
1791362122,proc,89138,1648,generativeexperiencesd,1696
1791362122,sys,9029425,50,57924,
1791362123,proc,1081,624,aned,656
1791362123,proc,1643,26992,Ollama,27072
1791362123,proc,1664,15280,ollama,15200
1791362123,proc,12197,3308064,Python,1668800
1791362123,proc,12305,95488,MTLCompilerService,0
1791362123,proc,13171,56512,node,0
1791362123,proc,14165,3232,translationd,3280
1791362123,proc,22597,1440,GenerativeExperiencesSafetyInferenceProvider,1504
1791362123,proc,24758,7728,intelligenceflowd,7776
1791362123,proc,63538,1056,intelligencecontextd,1152
1791362123,proc,69280,752,intelligencetasksd,800
1791362123,proc,72488,1168,AppleIntelligenceReportingProcessingService,1216
1791362123,proc,76300,1088,IntelligencePlatformComputeService,1136
1791362123,proc,82708,640,ANECompilerService,672
1791362123,proc,89138,1648,generativeexperiencesd,1696
1791362123,sys,9029425,50,56604,
1791362124,proc,1081,624,aned,656
1791362124,proc,1643,26992,Ollama,27072
1791362124,proc,1664,15280,ollama,15200
1791362124,proc,12197,3308064,Python,1668800
1791362124,proc,12305,95488,MTLCompilerService,0
1791362124,proc,13171,56512,node,0
1791362124,proc,14165,3232,translationd,3280
1791362124,proc,22597,1440,GenerativeExperiencesSafetyInferenceProvider,1504
1791362124,proc,24758,7728,intelligenceflowd,7776
1791362124,proc,63538,1056,intelligencecontextd,1152
1791362124,proc,69280,752,intelligencetasksd,800
1791362124,proc,72488,1168,AppleIntelligenceReportingProcessingService,1216
1791362124,proc,76300,1088,IntelligencePlatformComputeService,1136
1791362124,proc,82708,640,ANECompilerService,672
1791362124,proc,89138,1648,generativeexperiencesd,1696
1791362124,sys,9029425,50,56661,
1791362125,proc,1081,624,aned,656
1791362125,proc,1643,26992,Ollama,27072
1791362125,proc,1664,15280,ollama,15200
1791362125,proc,12197,3308160,Python,1668800
1791362125,proc,12305,95488,MTLCompilerService,0
1791362125,proc,13171,56512,node,0
1791362125,proc,14165,3232,translationd,3280
1791362125,proc,22597,1440,GenerativeExperiencesSafetyInferenceProvider,1504
1791362125,proc,24758,7728,intelligenceflowd,7776
1791362125,proc,63538,1056,intelligencecontextd,1152
1791362125,proc,69280,752,intelligencetasksd,800
1791362125,proc,72488,1168,AppleIntelligenceReportingProcessingService,1216
1791362125,proc,76300,1088,IntelligencePlatformComputeService,1136
1791362125,proc,82708,640,ANECompilerService,672
1791362125,proc,89138,1648,generativeexperiencesd,1696
1791362125,sys,9029425,50,58724,
1791362126,proc,1081,624,aned,656
1791362126,proc,1643,26992,Ollama,27072
1791362126,proc,1664,15280,ollama,15200
1791362126,proc,12197,3308160,Python,1668800
1791362126,proc,12305,95488,MTLCompilerService,0
1791362126,proc,13171,56512,node,0
1791362126,proc,14165,3232,translationd,3280
1791362126,proc,22597,1440,GenerativeExperiencesSafetyInferenceProvider,1504
1791362126,proc,24758,7728,intelligenceflowd,7776
1791362126,proc,63538,1056,intelligencecontextd,1152
1791362126,proc,69280,752,intelligencetasksd,800
1791362126,proc,72488,1168,AppleIntelligenceReportingProcessingService,1216
1791362126,proc,76300,1088,IntelligencePlatformComputeService,1136
1791362126,proc,82708,640,ANECompilerService,672
1791362126,proc,89138,1648,generativeexperiencesd,1696
1791362126,sys,9029425,49,59166,
1791362127,proc,1081,624,aned,656
1791362127,proc,1643,26992,Ollama,27072
1791362127,proc,1664,15280,ollama,15200
1791362127,proc,12197,3308160,Python,1668800
1791362127,proc,12305,95488,MTLCompilerService,0
1791362127,proc,13171,56512,node,0
1791362127,proc,14165,3232,translationd,3280
1791362127,proc,22597,1440,GenerativeExperiencesSafetyInferenceProvider,1504
1791362127,proc,24758,7728,intelligenceflowd,7776
1791362127,proc,63538,1056,intelligencecontextd,1152
1791362127,proc,69280,752,intelligencetasksd,800
1791362127,proc,72488,1168,AppleIntelligenceReportingProcessingService,1216
1791362127,proc,76300,1088,IntelligencePlatformComputeService,1136
1791362127,proc,82708,640,ANECompilerService,672
1791362127,proc,89138,1648,generativeexperiencesd,1696
1791362127,sys,9029425,49,57691,
1791362128,proc,1081,624,aned,656
1791362128,proc,1643,26992,Ollama,27072
1791362128,proc,1664,15280,ollama,15200
1791362128,proc,12197,3308160,Python,1668800
1791362128,proc,12305,95488,MTLCompilerService,0
1791362128,proc,13171,56512,node,0
1791362128,proc,14165,3232,translationd,3280
1791362128,proc,22597,1440,GenerativeExperiencesSafetyInferenceProvider,1504
1791362128,proc,24758,7728,intelligenceflowd,7776
1791362128,proc,63538,1056,intelligencecontextd,1152
1791362128,proc,69280,752,intelligencetasksd,800
1791362128,proc,72488,1168,AppleIntelligenceReportingProcessingService,1216
1791362128,proc,76300,1088,IntelligencePlatformComputeService,1136
1791362128,proc,82708,640,ANECompilerService,672
1791362128,proc,89138,1648,generativeexperiencesd,1696
1791362128,sys,9029425,49,59084,
1791362129,proc,1081,624,aned,656
1791362129,proc,1643,26992,Ollama,27072
1791362129,proc,1664,15280,ollama,15200
1791362129,proc,12197,3308160,Python,1668800
1791362129,proc,12305,95488,MTLCompilerService,0
1791362129,proc,13171,56512,node,0
1791362129,proc,14165,3232,translationd,3280
1791362129,proc,22597,1440,GenerativeExperiencesSafetyInferenceProvider,1504
1791362129,proc,24758,7824,intelligenceflowd,7776
1791362129,proc,63538,1056,intelligencecontextd,1152
1791362129,proc,69280,752,intelligencetasksd,800
1791362129,proc,72488,1168,AppleIntelligenceReportingProcessingService,1216
1791362129,proc,76300,1088,IntelligencePlatformComputeService,1136
1791362129,proc,82708,640,ANECompilerService,672
1791362129,proc,89138,1648,generativeexperiencesd,1696
1791362129,sys,9029425,49,57451,
1791362131,proc,1081,624,aned,656
1791362131,proc,1643,26992,Ollama,27072
1791362131,proc,1664,15280,ollama,15200
1791362131,proc,12197,3308160,Python,1668800
1791362131,proc,12305,95488,MTLCompilerService,0
1791362131,proc,13171,56512,node,0
1791362131,proc,14165,3232,translationd,3280
1791362131,proc,22597,1440,GenerativeExperiencesSafetyInferenceProvider,1504
1791362131,proc,24758,7824,intelligenceflowd,7776
1791362131,proc,63538,1056,intelligencecontextd,1152
1791362131,proc,69280,752,intelligencetasksd,800
1791362131,proc,72488,1168,AppleIntelligenceReportingProcessingService,1216
1791362131,proc,76300,1088,IntelligencePlatformComputeService,1136
1791362131,proc,82708,640,ANECompilerService,672
1791362131,proc,89138,1648,generativeexperiencesd,1696
1791362131,sys,9029425,49,55648,
1791362132,proc,1081,624,aned,656
1791362132,proc,1643,26992,Ollama,27072
1791362132,proc,1664,15280,ollama,15200
1791362132,proc,12197,3308160,Python,1668800
1791362132,proc,12305,95488,MTLCompilerService,0
1791362132,proc,13171,56512,node,0
1791362132,proc,14165,3232,translationd,3280
1791362132,proc,22597,1440,GenerativeExperiencesSafetyInferenceProvider,1504
1791362132,proc,24758,7872,intelligenceflowd,7776
1791362132,proc,63538,1056,intelligencecontextd,1152
1791362132,proc,69280,752,intelligencetasksd,800
1791362132,proc,72488,1168,AppleIntelligenceReportingProcessingService,1216
1791362132,proc,76300,1088,IntelligencePlatformComputeService,1136
1791362132,proc,82708,640,ANECompilerService,672
1791362132,proc,89138,1648,generativeexperiencesd,1696
1791362132,sys,9029425,48,53126,
1791362133,proc,1081,624,aned,656
1791362133,proc,1643,26992,Ollama,27072
1791362133,proc,1664,15280,ollama,15200
1791362133,proc,12197,3308208,Python,1668800
1791362133,proc,12305,95488,MTLCompilerService,0
1791362133,proc,13171,56512,node,0
1791362133,proc,14165,3232,translationd,3280
1791362133,proc,22597,1440,GenerativeExperiencesSafetyInferenceProvider,1504
1791362133,proc,24758,7872,intelligenceflowd,7776
1791362133,proc,63538,1056,intelligencecontextd,1152
1791362133,proc,69280,752,intelligencetasksd,800
1791362133,proc,72488,1168,AppleIntelligenceReportingProcessingService,1216
1791362133,proc,76300,1088,IntelligencePlatformComputeService,1136
1791362133,proc,82708,640,ANECompilerService,672
1791362133,proc,89138,1648,generativeexperiencesd,1696
1791362133,sys,9029425,48,55179,
1791362134,proc,1081,624,aned,656
1791362134,proc,1643,26992,Ollama,27072
1791362134,proc,1664,15280,ollama,15200
1791362134,proc,12197,3308320,Python,1668800
1791362134,proc,12305,95488,MTLCompilerService,0
1791362134,proc,13171,56512,node,0
1791362134,proc,14165,3232,translationd,3280
1791362134,proc,22597,1440,GenerativeExperiencesSafetyInferenceProvider,1504
1791362134,proc,24758,7872,intelligenceflowd,7776
1791362134,proc,63538,1056,intelligencecontextd,1152
1791362134,proc,69280,752,intelligencetasksd,800
1791362134,proc,72488,1168,AppleIntelligenceReportingProcessingService,1216
1791362134,proc,76300,1088,IntelligencePlatformComputeService,1136
1791362134,proc,82708,640,ANECompilerService,672
1791362134,proc,89138,1648,generativeexperiencesd,1696
1791362134,sys,9029425,48,58806,
1791362135,proc,1081,624,aned,656
1791362135,proc,1643,26992,Ollama,27072
1791362135,proc,1664,15280,ollama,15200
1791362135,proc,12197,3308352,Python,1668800
1791362135,proc,12305,95488,MTLCompilerService,0
1791362135,proc,13171,56512,node,0
1791362135,proc,14165,3232,translationd,3280
1791362135,proc,22597,1440,GenerativeExperiencesSafetyInferenceProvider,1504
1791362135,proc,24758,7872,intelligenceflowd,7776
1791362135,proc,63538,1056,intelligencecontextd,1152
1791362135,proc,69280,752,intelligencetasksd,800
1791362135,proc,72488,1168,AppleIntelligenceReportingProcessingService,1216
1791362135,proc,76300,1088,IntelligencePlatformComputeService,1136
1791362135,proc,82708,640,ANECompilerService,672
1791362135,proc,89138,1648,generativeexperiencesd,1696
1791362135,sys,9029425,48,57671,
1791362136,proc,1081,624,aned,656
1791362136,proc,1643,26992,Ollama,27072
1791362136,proc,1664,15280,ollama,15200
1791362136,proc,12197,3308352,Python,1668800
1791362136,proc,12305,95488,MTLCompilerService,0
1791362136,proc,13171,56512,node,0
1791362136,proc,14165,3232,translationd,3280
1791362136,proc,22597,1440,GenerativeExperiencesSafetyInferenceProvider,1504
1791362136,proc,24758,7824,intelligenceflowd,7776
1791362136,proc,63538,1056,intelligencecontextd,1152
1791362136,proc,69280,752,intelligencetasksd,800
1791362136,proc,72488,1168,AppleIntelligenceReportingProcessingService,1216
1791362136,proc,76300,1088,IntelligencePlatformComputeService,1136
1791362136,proc,82708,640,ANECompilerService,672
1791362136,proc,89138,1648,generativeexperiencesd,1696
1791362136,sys,9029425,48,56479,
1791362137,proc,1081,624,aned,656
1791362137,proc,1643,26992,Ollama,27072
1791362137,proc,1664,15280,ollama,15200
1791362137,proc,12197,3308352,Python,1668800
1791362137,proc,12305,95488,MTLCompilerService,0
1791362137,proc,13171,56512,node,0
1791362137,proc,14165,3232,translationd,3280
1791362137,proc,22597,1440,GenerativeExperiencesSafetyInferenceProvider,1504
1791362137,proc,24758,7824,intelligenceflowd,7776
1791362137,proc,63538,1056,intelligencecontextd,1152
1791362137,proc,69280,752,intelligencetasksd,800
1791362137,proc,72488,1168,AppleIntelligenceReportingProcessingService,1216
1791362137,proc,76300,1088,IntelligencePlatformComputeService,1136
1791362137,proc,82708,640,ANECompilerService,672
1791362137,proc,89138,1648,generativeexperiencesd,1696
1791362137,sys,9029425,49,56423,
1791362138,proc,1081,624,aned,656
1791362138,proc,1643,26992,Ollama,27072
1791362138,proc,1664,15280,ollama,15200
1791362138,proc,12197,3308352,Python,1668800
1791362138,proc,12305,95488,MTLCompilerService,0
1791362138,proc,13171,56512,node,0
1791362138,proc,14165,3232,translationd,3280
1791362138,proc,22597,1440,GenerativeExperiencesSafetyInferenceProvider,1504
1791362138,proc,24758,7824,intelligenceflowd,7776
1791362138,proc,63538,1056,intelligencecontextd,1152
1791362138,proc,69280,752,intelligencetasksd,800
1791362138,proc,72488,1168,AppleIntelligenceReportingProcessingService,1216
1791362138,proc,76300,1088,IntelligencePlatformComputeService,1136
1791362138,proc,82708,640,ANECompilerService,672
1791362138,proc,89138,1648,generativeexperiencesd,1696
1791362138,sys,9029425,49,56162,
1791362139,proc,1081,624,aned,656
1791362139,proc,1643,26992,Ollama,27072
1791362139,proc,1664,15280,ollama,15200
1791362139,proc,12197,3308352,Python,1668800
1791362139,proc,12305,95488,MTLCompilerService,0
1791362139,proc,13171,56512,node,0
1791362139,proc,14165,3232,translationd,3280
1791362139,proc,22597,1440,GenerativeExperiencesSafetyInferenceProvider,1504
1791362139,proc,24758,7824,intelligenceflowd,7776
1791362139,proc,63538,1056,intelligencecontextd,1152
1791362139,proc,69280,752,intelligencetasksd,800
1791362139,proc,72488,1168,AppleIntelligenceReportingProcessingService,1216
1791362139,proc,76300,1088,IntelligencePlatformComputeService,1136
1791362139,proc,82708,640,ANECompilerService,672
1791362139,proc,89138,1648,generativeexperiencesd,1696
1791362139,sys,9029425,49,56255,
1791362140,proc,1081,624,aned,656
1791362140,proc,1643,26992,Ollama,27072
1791362140,proc,1664,15280,ollama,15200
1791362140,proc,12197,3308352,Python,1668800
1791362140,proc,12305,95488,MTLCompilerService,0
1791362140,proc,13171,56512,node,0
1791362140,proc,14165,3232,translationd,3280
1791362140,proc,22597,1440,GenerativeExperiencesSafetyInferenceProvider,1504
1791362140,proc,24758,7824,intelligenceflowd,7776
1791362140,proc,63538,1056,intelligencecontextd,1152
1791362140,proc,69280,752,intelligencetasksd,800
1791362140,proc,72488,1168,AppleIntelligenceReportingProcessingService,1216
1791362140,proc,76300,1088,IntelligencePlatformComputeService,1136
1791362140,proc,82708,640,ANECompilerService,672
1791362140,proc,89138,1648,generativeexperiencesd,1696
1791362140,sys,9029425,49,56526,
1791362141,proc,1081,624,aned,656
1791362141,proc,1643,26992,Ollama,27072
1791362141,proc,1664,15280,ollama,15200
1791362141,proc,12197,3308352,Python,1668800
1791362141,proc,12305,95488,MTLCompilerService,0
1791362141,proc,13171,56512,node,0
1791362141,proc,14165,3232,translationd,3280
1791362141,proc,22597,1440,GenerativeExperiencesSafetyInferenceProvider,1504
1791362141,proc,24758,7824,intelligenceflowd,7776
1791362141,proc,63538,1056,intelligencecontextd,1152
1791362141,proc,69280,752,intelligencetasksd,800
1791362141,proc,72488,1168,AppleIntelligenceReportingProcessingService,1216
1791362141,proc,76300,1088,IntelligencePlatformComputeService,1136
1791362141,proc,82708,640,ANECompilerService,672
1791362141,proc,89138,1648,generativeexperiencesd,1696
1791362141,sys,9029425,49,54872,
1791362142,proc,1081,624,aned,656
1791362142,proc,1643,26992,Ollama,27072
1791362142,proc,1664,15280,ollama,15200
1791362142,proc,12197,3308352,Python,1668800
1791362142,proc,12305,95488,MTLCompilerService,0
1791362142,proc,13171,56528,node,0
1791362142,proc,14165,3232,translationd,3280
1791362142,proc,22597,1440,GenerativeExperiencesSafetyInferenceProvider,1504
1791362142,proc,24758,7824,intelligenceflowd,7776
1791362142,proc,63538,1056,intelligencecontextd,1152
1791362142,proc,69280,752,intelligencetasksd,800
1791362142,proc,72488,1168,AppleIntelligenceReportingProcessingService,1216
1791362142,proc,76300,1088,IntelligencePlatformComputeService,1136
1791362142,proc,82708,640,ANECompilerService,672
1791362142,proc,89138,1648,generativeexperiencesd,1696
1791362142,sys,9029425,49,54999,
1791362143,proc,1081,624,aned,656
1791362143,proc,1643,26992,Ollama,27072
1791362143,proc,1664,15280,ollama,15200
1791362143,proc,12197,3307648,Python,1668800
1791362143,proc,12305,95488,MTLCompilerService,0
1791362143,proc,13918,57712,node,0
1791362143,proc,14165,3232,translationd,3280
1791362143,proc,22597,1440,GenerativeExperiencesSafetyInferenceProvider,1504
1791362143,proc,24758,7824,intelligenceflowd,7776
1791362143,proc,63538,1056,intelligencecontextd,1152
1791362143,proc,69280,752,intelligencetasksd,800
1791362143,proc,72488,1168,AppleIntelligenceReportingProcessingService,1216
1791362143,proc,76300,1088,IntelligencePlatformComputeService,1136
1791362143,proc,82708,640,ANECompilerService,672
1791362143,proc,89138,1648,generativeexperiencesd,1696
1791362143,sys,9029425,49,4079,
1791362144,proc,1081,624,aned,656
1791362144,proc,1643,26992,Ollama,27072
1791362144,proc,1664,15280,ollama,15200
1791362144,proc,12197,3307648,Python,1668800
1791362144,proc,12305,95488,MTLCompilerService,0
1791362144,proc,13918,57712,node,0
1791362144,proc,14165,3232,translationd,3280
1791362144,proc,22597,1440,GenerativeExperiencesSafetyInferenceProvider,1504
1791362144,proc,24758,7824,intelligenceflowd,7776
1791362144,proc,63538,1056,intelligencecontextd,1152
1791362144,proc,69280,752,intelligencetasksd,800
1791362144,proc,72488,1168,AppleIntelligenceReportingProcessingService,1216
1791362144,proc,76300,1088,IntelligencePlatformComputeService,1136
1791362144,proc,82708,640,ANECompilerService,672
1791362144,proc,89138,1648,generativeexperiencesd,1696
1791362144,sys,9029425,49,57945,
1791362145,proc,1081,624,aned,656
1791362145,proc,1643,26992,Ollama,27072
1791362145,proc,1664,15280,ollama,15200
1791362145,proc,12197,3307648,Python,1668800
1791362145,proc,12305,95488,MTLCompilerService,0
1791362145,proc,13918,57728,node,0
1791362145,proc,13981,22128,mdworker_shared,0
1791362145,proc,14165,3232,translationd,3280
1791362145,proc,22597,1440,GenerativeExperiencesSafetyInferenceProvider,1504
1791362145,proc,24758,7824,intelligenceflowd,7776
1791362145,proc,63538,1056,intelligencecontextd,1152
1791362145,proc,69280,752,intelligencetasksd,800
1791362145,proc,72488,1168,AppleIntelligenceReportingProcessingService,1216
1791362145,proc,76300,1088,IntelligencePlatformComputeService,1136
1791362145,proc,82708,640,ANECompilerService,672
1791362145,proc,89138,1648,generativeexperiencesd,1696
1791362145,sys,9029425,49,57318,
1791362147,proc,1081,624,aned,656
1791362147,proc,1643,27152,Ollama,27072
1791362147,proc,1664,15280,ollama,15200
1791362147,proc,12197,3307648,Python,1668800
1791362147,proc,12305,95488,MTLCompilerService,0
1791362147,proc,13918,57744,node,0
1791362147,proc,13981,22128,mdworker_shared,0
1791362147,proc,14165,3232,translationd,3280
1791362147,proc,22597,1440,GenerativeExperiencesSafetyInferenceProvider,1504
1791362147,proc,24758,7824,intelligenceflowd,7776
1791362147,proc,63538,1056,intelligencecontextd,1152
1791362147,proc,69280,752,intelligencetasksd,800
1791362147,proc,72488,1168,AppleIntelligenceReportingProcessingService,1216
1791362147,proc,76300,1088,IntelligencePlatformComputeService,1136
1791362147,proc,82708,640,ANECompilerService,672
1791362147,proc,89138,1648,generativeexperiencesd,1696
1791362147,sys,9029425,49,56638,
1791362148,proc,1081,624,aned,656
1791362148,proc,1643,27152,Ollama,27072
1791362148,proc,1664,15280,ollama,15200
1791362148,proc,12197,3307648,Python,1668800
1791362148,proc,12305,95488,MTLCompilerService,0
1791362148,proc,13918,57776,node,0
1791362148,proc,13981,22128,mdworker_shared,0
1791362148,proc,14165,3232,translationd,3280
1791362148,proc,22597,1440,GenerativeExperiencesSafetyInferenceProvider,1504
1791362148,proc,24758,7824,intelligenceflowd,7776
1791362148,proc,63538,1056,intelligencecontextd,1152
1791362148,proc,69280,752,intelligencetasksd,800
1791362148,proc,72488,1168,AppleIntelligenceReportingProcessingService,1216
1791362148,proc,76300,1088,IntelligencePlatformComputeService,1136
1791362148,proc,82708,640,ANECompilerService,672
1791362148,proc,89138,1648,generativeexperiencesd,1696
1791362148,sys,9029425,48,54950,
1791362149,proc,1081,624,aned,656
1791362149,proc,1643,27152,Ollama,27072
1791362149,proc,1664,15280,ollama,15200
1791362149,proc,12197,3307648,Python,1668800
1791362149,proc,12305,95488,MTLCompilerService,0
1791362149,proc,13918,57744,node,0
1791362149,proc,13981,22128,mdworker_shared,0
1791362149,proc,14165,3232,translationd,3280
1791362149,proc,22597,1440,GenerativeExperiencesSafetyInferenceProvider,1504
1791362149,proc,24758,7824,intelligenceflowd,7776
1791362149,proc,63538,1056,intelligencecontextd,1152
1791362149,proc,69280,752,intelligencetasksd,800
1791362149,proc,72488,1168,AppleIntelligenceReportingProcessingService,1216
1791362149,proc,76300,1088,IntelligencePlatformComputeService,1136
1791362149,proc,82708,640,ANECompilerService,672
1791362149,proc,89138,1648,generativeexperiencesd,1696
1791362149,sys,9029425,48,55962,
1791362150,proc,1081,624,aned,656
1791362150,proc,1643,27152,Ollama,27072
1791362150,proc,1664,15280,ollama,15200
1791362150,proc,12197,3307648,Python,1668800
1791362150,proc,12305,95488,MTLCompilerService,0
1791362150,proc,13918,57744,node,0
1791362150,proc,13981,22096,mdworker_shared,0
1791362150,proc,14165,3232,translationd,3280
1791362150,proc,22597,1440,GenerativeExperiencesSafetyInferenceProvider,1504
1791362150,proc,24758,7824,intelligenceflowd,7776
1791362150,proc,63538,1056,intelligencecontextd,1152
1791362150,proc,69280,752,intelligencetasksd,800
1791362150,proc,72488,1168,AppleIntelligenceReportingProcessingService,1216
1791362150,proc,76300,1088,IntelligencePlatformComputeService,1136
1791362150,proc,82708,640,ANECompilerService,672
1791362150,proc,89138,1648,generativeexperiencesd,1696
1791362150,sys,9029425,48,54219,
1791362151,proc,1081,624,aned,656
1791362151,proc,1643,27152,Ollama,27072
1791362151,proc,1664,15280,ollama,15200
1791362151,proc,12197,3307648,Python,1668800
1791362151,proc,12305,95488,MTLCompilerService,0
1791362151,proc,13918,57744,node,0
1791362151,proc,13981,22096,mdworker_shared,0
1791362151,proc,14165,3232,translationd,3280
1791362151,proc,22597,1440,GenerativeExperiencesSafetyInferenceProvider,1504
1791362151,proc,24758,7824,intelligenceflowd,7776
1791362151,proc,63538,1056,intelligencecontextd,1152
1791362151,proc,69280,752,intelligencetasksd,800
1791362151,proc,72488,1168,AppleIntelligenceReportingProcessingService,1216
1791362151,proc,76300,1088,IntelligencePlatformComputeService,1136
1791362151,proc,82708,640,ANECompilerService,672
1791362151,proc,89138,1648,generativeexperiencesd,1696
1791362151,sys,9029425,48,54100,
1791362152,proc,1081,624,aned,656
1791362152,proc,1643,27152,Ollama,27072
1791362152,proc,1664,15280,ollama,15200
1791362152,proc,12197,3307648,Python,1668800
1791362152,proc,12305,95488,MTLCompilerService,0
1791362152,proc,13918,56416,node,0
1791362152,proc,13981,22096,mdworker_shared,0
1791362152,proc,14165,3232,translationd,3280
1791362152,proc,22597,1440,GenerativeExperiencesSafetyInferenceProvider,1504
1791362152,proc,24758,7824,intelligenceflowd,7776
1791362152,proc,63538,1056,intelligencecontextd,1152
1791362152,proc,69280,752,intelligencetasksd,800
1791362152,proc,72488,1168,AppleIntelligenceReportingProcessingService,1216
1791362152,proc,76300,1088,IntelligencePlatformComputeService,1136
1791362152,proc,82708,640,ANECompilerService,672
1791362152,proc,89138,1648,generativeexperiencesd,1696
1791362152,sys,9029425,48,60257,
1791362153,proc,1081,624,aned,656
1791362153,proc,1643,27152,Ollama,27072
1791362153,proc,1664,15280,ollama,15200
1791362153,proc,12197,3307648,Python,1668800
1791362153,proc,12305,95488,MTLCompilerService,0
1791362153,proc,13918,56416,node,0
1791362153,proc,13981,22096,mdworker_shared,0
1791362153,proc,14165,3232,translationd,3280
1791362153,proc,22597,1440,GenerativeExperiencesSafetyInferenceProvider,1504
1791362153,proc,24758,7824,intelligenceflowd,7776
1791362153,proc,63538,1056,intelligencecontextd,1152
1791362153,proc,69280,752,intelligencetasksd,800
1791362153,proc,72488,1168,AppleIntelligenceReportingProcessingService,1216
1791362153,proc,76300,1088,IntelligencePlatformComputeService,1136
1791362153,proc,82708,640,ANECompilerService,672
1791362153,proc,89138,1648,generativeexperiencesd,1696
1791362153,sys,9029425,48,59131,
1791362154,proc,1081,624,aned,656
1791362154,proc,1643,27152,Ollama,27072
1791362154,proc,1664,15280,ollama,15200
1791362154,proc,12197,3308032,Python,1668800
1791362154,proc,12305,95488,MTLCompilerService,0
1791362154,proc,13918,56400,node,0
1791362154,proc,13981,22096,mdworker_shared,0
1791362154,proc,14165,3232,translationd,3280
1791362154,proc,22597,1440,GenerativeExperiencesSafetyInferenceProvider,1504
1791362154,proc,24758,7824,intelligenceflowd,7776
1791362154,proc,63538,1056,intelligencecontextd,1152
1791362154,proc,69280,752,intelligencetasksd,800
1791362154,proc,72488,1168,AppleIntelligenceReportingProcessingService,1216
1791362154,proc,76300,1088,IntelligencePlatformComputeService,1136
1791362154,proc,82708,640,ANECompilerService,672
1791362154,proc,89138,1648,generativeexperiencesd,1696
1791362154,sys,9029425,48,63360,
1791362155,proc,1081,624,aned,656
1791362155,proc,1643,27152,Ollama,27072
1791362155,proc,1664,15280,ollama,15200
1791362155,proc,12197,3308032,Python,1668800
1791362155,proc,12305,95488,MTLCompilerService,0
1791362155,proc,13918,56400,node,0
1791362155,proc,13981,22096,mdworker_shared,0
1791362155,proc,14165,3232,translationd,3280
1791362155,proc,22597,1440,GenerativeExperiencesSafetyInferenceProvider,1504
1791362155,proc,24758,7824,intelligenceflowd,7776
1791362155,proc,63538,1056,intelligencecontextd,1152
1791362155,proc,69280,752,intelligencetasksd,800
1791362155,proc,72488,1168,AppleIntelligenceReportingProcessingService,1216
1791362155,proc,76300,1088,IntelligencePlatformComputeService,1136
1791362155,proc,82708,640,ANECompilerService,672
1791362155,proc,89138,1648,generativeexperiencesd,1696
1791362155,sys,9029425,48,63571,
1791362156,proc,1081,624,aned,656
1791362156,proc,1643,27152,Ollama,27072
1791362156,proc,1664,15280,ollama,15200
1791362156,proc,12197,3308112,Python,1668800
1791362156,proc,12305,95488,MTLCompilerService,0
1791362156,proc,13918,56400,node,0
1791362156,proc,13981,22096,mdworker_shared,0
1791362156,proc,14165,3232,translationd,3280
1791362156,proc,22597,1440,GenerativeExperiencesSafetyInferenceProvider,1504
1791362156,proc,24758,7824,intelligenceflowd,7776
1791362156,proc,63538,1056,intelligencecontextd,1152
1791362156,proc,69280,752,intelligencetasksd,800
1791362156,proc,72488,1168,AppleIntelligenceReportingProcessingService,1216
1791362156,proc,76300,1088,IntelligencePlatformComputeService,1136
1791362156,proc,82708,640,ANECompilerService,672
1791362156,proc,89138,1648,generativeexperiencesd,1696
1791362156,sys,9029425,48,63059,
1791362157,proc,1081,624,aned,656
1791362157,proc,1643,27152,Ollama,27072
1791362157,proc,1664,15280,ollama,15200
1791362157,proc,12197,3308112,Python,1668800
1791362157,proc,12305,95488,MTLCompilerService,0
1791362157,proc,13918,56400,node,0
1791362157,proc,13981,22096,mdworker_shared,0
1791362157,proc,14165,3232,translationd,3280
1791362157,proc,22597,1440,GenerativeExperiencesSafetyInferenceProvider,1504
1791362157,proc,24758,7824,intelligenceflowd,7776
1791362157,proc,63538,1056,intelligencecontextd,1152
1791362157,proc,69280,752,intelligencetasksd,800
1791362157,proc,72488,1168,AppleIntelligenceReportingProcessingService,1216
1791362157,proc,76300,1088,IntelligencePlatformComputeService,1136
1791362157,proc,82708,640,ANECompilerService,672
1791362157,proc,89138,1648,generativeexperiencesd,1696
1791362157,sys,9029425,48,61905,
1791362158,proc,1081,624,aned,656
1791362158,proc,1643,27152,Ollama,27072
1791362158,proc,1664,15280,ollama,15200
1791362158,proc,12197,3308128,Python,1668800
1791362158,proc,12305,95488,MTLCompilerService,0
1791362158,proc,13918,56400,node,0
1791362158,proc,13981,22096,mdworker_shared,0
1791362158,proc,14165,3232,translationd,3280
1791362158,proc,22597,1440,GenerativeExperiencesSafetyInferenceProvider,1504
1791362158,proc,24758,7824,intelligenceflowd,7776
1791362158,proc,63538,1056,intelligencecontextd,1152
1791362158,proc,69280,752,intelligencetasksd,800
1791362158,proc,72488,1168,AppleIntelligenceReportingProcessingService,1216
1791362158,proc,76300,1088,IntelligencePlatformComputeService,1136
1791362158,proc,82708,640,ANECompilerService,672
1791362158,proc,89138,1648,generativeexperiencesd,1696
1791362158,sys,9029425,48,62149,
1791362159,proc,1081,624,aned,656
1791362159,proc,1643,27152,Ollama,27072
1791362159,proc,1664,15280,ollama,15200
1791362159,proc,12197,3308128,Python,1668800
1791362159,proc,12305,95488,MTLCompilerService,0
1791362159,proc,13918,56400,node,0
1791362159,proc,13981,22096,mdworker_shared,0
1791362159,proc,14165,3232,translationd,3280
1791362159,proc,22597,1440,GenerativeExperiencesSafetyInferenceProvider,1504
1791362159,proc,24758,7824,intelligenceflowd,7776
1791362159,proc,63538,1056,intelligencecontextd,1152
1791362159,proc,69280,752,intelligencetasksd,800
1791362159,proc,72488,1168,AppleIntelligenceReportingProcessingService,1216
1791362159,proc,76300,1088,IntelligencePlatformComputeService,1136
1791362159,proc,82708,640,ANECompilerService,672
1791362159,proc,89138,1648,generativeexperiencesd,1696
1791362159,sys,9029425,48,61531,
1791362160,proc,1081,624,aned,656
1791362160,proc,1643,27152,Ollama,27072
1791362160,proc,1664,15280,ollama,15200
1791362160,proc,12197,3308128,Python,1668800
1791362160,proc,12305,95488,MTLCompilerService,0
1791362160,proc,13918,56400,node,0
1791362160,proc,13981,22096,mdworker_shared,0
1791362160,proc,14165,3232,translationd,3280
1791362160,proc,22597,1440,GenerativeExperiencesSafetyInferenceProvider,1504
1791362160,proc,24758,7824,intelligenceflowd,7776
1791362160,proc,63538,1056,intelligencecontextd,1152
1791362160,proc,69280,752,intelligencetasksd,800
1791362160,proc,72488,1168,AppleIntelligenceReportingProcessingService,1216
1791362160,proc,76300,1088,IntelligencePlatformComputeService,1136
1791362160,proc,82708,640,ANECompilerService,672
1791362160,proc,89138,1648,generativeexperiencesd,1696
1791362160,sys,9029425,48,60534,
1791362161,proc,1081,624,aned,656
1791362161,proc,1643,27152,Ollama,27072
1791362161,proc,1664,15280,ollama,15200
1791362161,proc,12197,3308128,Python,1668800
1791362161,proc,12305,95488,MTLCompilerService,0
1791362161,proc,13918,56400,node,0
1791362161,proc,13981,22096,mdworker_shared,0
1791362161,proc,14165,3232,translationd,3280
1791362161,proc,22597,1440,GenerativeExperiencesSafetyInferenceProvider,1504
1791362161,proc,24758,7824,intelligenceflowd,7776
1791362161,proc,39063,375728,Claude Helper (Renderer),341952
1791362161,proc,63538,1056,intelligencecontextd,1152
1791362161,proc,69280,752,intelligencetasksd,800
1791362161,proc,72488,1168,AppleIntelligenceReportingProcessingService,1216
1791362161,proc,76300,1088,IntelligencePlatformComputeService,1136
1791362161,proc,82708,640,ANECompilerService,672
1791362161,proc,89138,1648,generativeexperiencesd,1696
1791362161,sys,9029425,48,55092,
1791362163,proc,1081,624,aned,656
1791362163,proc,1643,27152,Ollama,27072
1791362163,proc,1664,15280,ollama,15200
1791362163,proc,12197,3308288,Python,1668800
1791362163,proc,12305,95488,MTLCompilerService,0
1791362163,proc,13918,56400,node,0
1791362163,proc,13981,22096,mdworker_shared,0
1791362163,proc,14165,3232,translationd,3280
1791362163,proc,22597,1440,GenerativeExperiencesSafetyInferenceProvider,1504
1791362163,proc,24758,7824,intelligenceflowd,7776
1791362163,proc,39063,392496,Claude Helper (Renderer),341952
1791362163,proc,63538,1056,intelligencecontextd,1152
1791362163,proc,65475,243120,claude,181760
1791362163,proc,69280,752,intelligencetasksd,800
1791362163,proc,72488,1168,AppleIntelligenceReportingProcessingService,1216
1791362163,proc,76300,1088,IntelligencePlatformComputeService,1136
1791362163,proc,82708,640,ANECompilerService,672
1791362163,proc,89138,1648,generativeexperiencesd,1696
1791362163,sys,9029425,48,50218,
1791362164,proc,1081,624,aned,656
1791362164,proc,1643,27152,Ollama,27072
1791362164,proc,1664,15280,ollama,15200
1791362164,proc,12197,3308320,Python,1668800
1791362164,proc,12305,95488,MTLCompilerService,0
1791362164,proc,13918,56400,node,0
1791362164,proc,13981,22096,mdworker_shared,0
1791362164,proc,14165,3232,translationd,3280
1791362164,proc,22597,1440,GenerativeExperiencesSafetyInferenceProvider,1504
1791362164,proc,24758,7824,intelligenceflowd,7776
1791362164,proc,39063,718640,Claude Helper (Renderer),341952
1791362164,proc,63538,1056,intelligencecontextd,1152
1791362164,proc,65475,243120,claude,181760
1791362164,proc,69280,752,intelligencetasksd,800
1791362164,proc,72488,1168,AppleIntelligenceReportingProcessingService,1216
1791362164,proc,76300,1088,IntelligencePlatformComputeService,1136
1791362164,proc,82708,640,ANECompilerService,672
1791362164,proc,89138,1648,generativeexperiencesd,1696
1791362164,sys,9029425,50,41920,
1791362165,proc,1081,624,aned,656
1791362165,proc,1643,27152,Ollama,27072
1791362165,proc,1664,15280,ollama,15200
1791362165,proc,12197,3308320,Python,1668800
1791362165,proc,12305,95488,MTLCompilerService,0
1791362165,proc,13918,56400,node,0
1791362165,proc,13981,22096,mdworker_shared,0
1791362165,proc,14165,3232,translationd,3280
1791362165,proc,22597,1440,GenerativeExperiencesSafetyInferenceProvider,1504
1791362165,proc,24758,7824,intelligenceflowd,7776
1791362165,proc,38974,200112,Claude,178400
1791362165,proc,39063,722992,Claude Helper (Renderer),341952
1791362165,proc,63538,1056,intelligencecontextd,1152
1791362165,proc,65475,243120,claude,181760
1791362165,proc,69280,752,intelligencetasksd,800
1791362165,proc,72488,1168,AppleIntelligenceReportingProcessingService,1216
1791362165,proc,76300,1088,IntelligencePlatformComputeService,1136
1791362165,proc,82708,640,ANECompilerService,672
1791362165,proc,89138,1648,generativeexperiencesd,1696
1791362165,sys,9029425,50,41337,
1791362166,proc,1081,624,aned,656
1791362166,proc,1643,27152,Ollama,27072
1791362166,proc,1664,15280,ollama,15200
1791362166,proc,12197,3308320,Python,1668800
1791362166,proc,12305,95488,MTLCompilerService,0
1791362166,proc,13918,56400,node,0
1791362166,proc,13981,22096,mdworker_shared,0
1791362166,proc,14165,3232,translationd,3280
1791362166,proc,22597,1440,GenerativeExperiencesSafetyInferenceProvider,1504
1791362166,proc,24758,7824,intelligenceflowd,7776
1791362166,proc,38974,202832,Claude,178400
1791362166,proc,39063,730480,Claude Helper (Renderer),341952
1791362166,proc,63538,1056,intelligencecontextd,1152
1791362166,proc,65475,243136,claude,181760
1791362166,proc,69280,752,intelligencetasksd,800
1791362166,proc,72488,1168,AppleIntelligenceReportingProcessingService,1216
1791362166,proc,76300,1088,IntelligencePlatformComputeService,1136
1791362166,proc,82708,640,ANECompilerService,672
1791362166,proc,89138,1648,generativeexperiencesd,1696
1791362166,sys,9029425,50,37307,
1791362167,proc,1081,624,aned,656
1791362167,proc,1643,27152,Ollama,27072
1791362167,proc,1664,15280,ollama,15200
1791362167,proc,12197,3308320,Python,1668800
1791362167,proc,12305,95488,MTLCompilerService,0
1791362167,proc,13918,56400,node,0
1791362167,proc,13981,22096,mdworker_shared,0
1791362167,proc,14165,3232,translationd,3280
1791362167,proc,22597,1440,GenerativeExperiencesSafetyInferenceProvider,1504
1791362167,proc,24758,7824,intelligenceflowd,7776
1791362167,proc,38974,202720,Claude,178400
1791362167,proc,39063,735360,Claude Helper (Renderer),341952
1791362167,proc,63538,1056,intelligencecontextd,1152
1791362167,proc,65475,243152,claude,181760
1791362167,proc,69280,752,intelligencetasksd,800
1791362167,proc,72488,1168,AppleIntelligenceReportingProcessingService,1216
1791362167,proc,76300,1088,IntelligencePlatformComputeService,1136
1791362167,proc,82708,640,ANECompilerService,672
1791362167,proc,89138,1648,generativeexperiencesd,1696
1791362167,sys,9029425,50,35992,
1791362168,proc,1081,624,aned,656
1791362168,proc,1643,27152,Ollama,27072
1791362168,proc,1664,15280,ollama,15200
1791362168,proc,12197,3308320,Python,1668800
1791362168,proc,12305,95488,MTLCompilerService,0
1791362168,proc,13918,56400,node,0
1791362168,proc,13981,22096,mdworker_shared,0
1791362168,proc,14165,3232,translationd,3280
1791362168,proc,22597,1440,GenerativeExperiencesSafetyInferenceProvider,1504
1791362168,proc,24758,7824,intelligenceflowd,7776
1791362168,proc,38974,202896,Claude,178400
1791362168,proc,39063,735440,Claude Helper (Renderer),341952
1791362168,proc,63538,1056,intelligencecontextd,1152
1791362168,proc,65475,243168,claude,181760
1791362168,proc,69280,752,intelligencetasksd,800
1791362168,proc,72488,1168,AppleIntelligenceReportingProcessingService,1216
1791362168,proc,76300,1088,IntelligencePlatformComputeService,1136
1791362168,proc,82708,640,ANECompilerService,672
1791362168,proc,89138,1648,generativeexperiencesd,1696
1791362168,sys,9029425,50,35791,
1791362169,proc,1081,624,aned,656
1791362169,proc,1643,27152,Ollama,27072
1791362169,proc,1664,15280,ollama,15200
1791362169,proc,12197,3308336,Python,1668800
1791362169,proc,12305,95488,MTLCompilerService,0
1791362169,proc,13918,56416,node,0
1791362169,proc,13981,22096,mdworker_shared,0
1791362169,proc,14165,3232,translationd,3280
1791362169,proc,22597,1440,GenerativeExperiencesSafetyInferenceProvider,1504
1791362169,proc,24758,7824,intelligenceflowd,7776
1791362169,proc,38974,202896,Claude,178400
1791362169,proc,39063,735456,Claude Helper (Renderer),341952
1791362169,proc,63538,1056,intelligencecontextd,1152
1791362169,proc,65475,245696,claude,181760
1791362169,proc,69280,752,intelligencetasksd,800
1791362169,proc,72488,1168,AppleIntelligenceReportingProcessingService,1216
1791362169,proc,76300,1088,IntelligencePlatformComputeService,1136
1791362169,proc,82708,640,ANECompilerService,672
1791362169,proc,89138,1648,generativeexperiencesd,1696
1791362169,sys,9029425,51,35733,
1791362170,proc,1081,624,aned,656
1791362170,proc,1643,27152,Ollama,27072
1791362170,proc,1664,15280,ollama,15200
1791362170,proc,12197,3308336,Python,1668800
1791362170,proc,12305,95488,MTLCompilerService,0
1791362170,proc,13918,56416,node,0
1791362170,proc,13981,22096,mdworker_shared,0
1791362170,proc,14165,3232,translationd,3280
1791362170,proc,22597,1440,GenerativeExperiencesSafetyInferenceProvider,1504
1791362170,proc,24758,7824,intelligenceflowd,7776
1791362170,proc,38974,202896,Claude,178400
1791362170,proc,39063,735456,Claude Helper (Renderer),341952
1791362170,proc,63538,1056,intelligencecontextd,1152
1791362170,proc,65475,245696,claude,181760
1791362170,proc,69280,752,intelligencetasksd,800
1791362170,proc,72488,1168,AppleIntelligenceReportingProcessingService,1216
1791362170,proc,76300,1088,IntelligencePlatformComputeService,1136
1791362170,proc,82708,640,ANECompilerService,672
1791362170,proc,89138,1648,generativeexperiencesd,1696
1791362170,sys,9029425,51,36223,
1791362171,proc,1081,624,aned,656
1791362171,proc,1643,27152,Ollama,27072
1791362171,proc,1664,15280,ollama,15200
1791362171,proc,12197,3308352,Python,1668800
1791362171,proc,12305,95488,MTLCompilerService,0
1791362171,proc,13918,56416,node,0
1791362171,proc,13981,22096,mdworker_shared,0
1791362171,proc,14165,3232,translationd,3280
1791362171,proc,22597,1440,GenerativeExperiencesSafetyInferenceProvider,1504
1791362171,proc,24758,7824,intelligenceflowd,7776
1791362171,proc,38974,202560,Claude,178400
1791362171,proc,39063,735472,Claude Helper (Renderer),341952
1791362171,proc,63538,1056,intelligencecontextd,1152
1791362171,proc,65475,245696,claude,181760
1791362171,proc,69280,752,intelligencetasksd,800
1791362171,proc,72488,1168,AppleIntelligenceReportingProcessingService,1216
1791362171,proc,76300,1088,IntelligencePlatformComputeService,1136
1791362171,proc,82708,640,ANECompilerService,672
1791362171,proc,89138,1648,generativeexperiencesd,1696
1791362171,sys,9029425,51,39683,
1791362172,proc,1081,624,aned,656
1791362172,proc,1643,27152,Ollama,27072
1791362172,proc,1664,15280,ollama,15200
1791362172,proc,12197,3308304,Python,1668800
1791362172,proc,12305,95488,MTLCompilerService,0
1791362172,proc,13918,56416,node,0
1791362172,proc,13981,22096,mdworker_shared,0
1791362172,proc,14165,3232,translationd,3280
1791362172,proc,22597,1440,GenerativeExperiencesSafetyInferenceProvider,1504
1791362172,proc,24758,7824,intelligenceflowd,7776
1791362172,proc,38974,202432,Claude,178400
1791362172,proc,39063,721248,Claude Helper (Renderer),341952
1791362172,proc,63538,1056,intelligencecontextd,1152
1791362172,proc,65475,245840,claude,181760
1791362172,proc,69280,752,intelligencetasksd,800
1791362172,proc,72488,1168,AppleIntelligenceReportingProcessingService,1216
1791362172,proc,76300,1088,IntelligencePlatformComputeService,1136
1791362172,proc,82708,640,ANECompilerService,672
1791362172,proc,89138,1648,generativeexperiencesd,1696
1791362172,sys,9029425,51,43190,
1791362173,proc,1081,624,aned,656
1791362173,proc,1643,27152,Ollama,27072
1791362173,proc,1664,15280,ollama,15200
1791362173,proc,12197,3308304,Python,1668800
1791362173,proc,12305,95488,MTLCompilerService,0
1791362173,proc,13918,56416,node,0
1791362173,proc,13981,22096,mdworker_shared,0
1791362173,proc,14165,3232,translationd,3280
1791362173,proc,22597,1440,GenerativeExperiencesSafetyInferenceProvider,1504
1791362173,proc,24758,7824,intelligenceflowd,7776
1791362173,proc,38974,202544,Claude,178400
1791362173,proc,39063,721248,Claude Helper (Renderer),341952
1791362173,proc,63538,1056,intelligencecontextd,1152
1791362173,proc,65475,245792,claude,181760
1791362173,proc,69280,752,intelligencetasksd,800
1791362173,proc,72488,1168,AppleIntelligenceReportingProcessingService,1216
1791362173,proc,76300,1088,IntelligencePlatformComputeService,1136
1791362173,proc,82708,640,ANECompilerService,672
1791362173,proc,89138,1648,generativeexperiencesd,1696
1791362173,sys,9029425,51,42908,
1791362174,proc,1081,624,aned,656
1791362174,proc,1643,27152,Ollama,27072
1791362174,proc,1664,15280,ollama,15200
1791362174,proc,12197,3308304,Python,1668800
1791362174,proc,12305,95488,MTLCompilerService,0
1791362174,proc,13918,56416,node,0
1791362174,proc,13981,22096,mdworker_shared,0
1791362174,proc,14165,3232,translationd,3280
1791362174,proc,22597,1440,GenerativeExperiencesSafetyInferenceProvider,1504
1791362174,proc,24758,7824,intelligenceflowd,7776
1791362174,proc,38974,202576,Claude,178400
1791362174,proc,39063,721264,Claude Helper (Renderer),341952
1791362174,proc,63538,1056,intelligencecontextd,1152
1791362174,proc,65475,245792,claude,181760
1791362174,proc,69280,752,intelligencetasksd,800
1791362174,proc,72488,1168,AppleIntelligenceReportingProcessingService,1216
1791362174,proc,76300,1088,IntelligencePlatformComputeService,1136
1791362174,proc,82708,640,ANECompilerService,672
1791362174,proc,89138,1648,generativeexperiencesd,1696
1791362174,sys,9029425,50,42872,
1791362175,proc,1081,624,aned,656
1791362175,proc,1643,27152,Ollama,27072
1791362175,proc,1664,15280,ollama,15200
1791362175,proc,12197,3308304,Python,1668800
1791362175,proc,12305,95488,MTLCompilerService,0
1791362175,proc,13918,56416,node,0
1791362175,proc,13981,22096,mdworker_shared,0
1791362175,proc,14165,3232,translationd,3280
1791362175,proc,22597,1440,GenerativeExperiencesSafetyInferenceProvider,1504
1791362175,proc,24758,7824,intelligenceflowd,7776
1791362175,proc,38974,202576,Claude,178400
1791362175,proc,39063,721264,Claude Helper (Renderer),341952
1791362175,proc,63538,1056,intelligencecontextd,1152
1791362175,proc,65475,245792,claude,181760
1791362175,proc,69280,752,intelligencetasksd,800
1791362175,proc,72488,1168,AppleIntelligenceReportingProcessingService,1216
1791362175,proc,76300,1088,IntelligencePlatformComputeService,1136
1791362175,proc,82708,640,ANECompilerService,672
1791362175,proc,89138,1648,generativeexperiencesd,1696
1791362175,sys,9029425,50,43153,
1791362176,proc,1081,624,aned,656
1791362176,proc,1643,27152,Ollama,27072
1791362176,proc,1664,15280,ollama,15200
1791362176,proc,12197,3308304,Python,1668800
1791362176,proc,12305,95488,MTLCompilerService,0
1791362176,proc,13918,56416,node,0
1791362176,proc,13981,22096,mdworker_shared,0
1791362176,proc,14165,3232,translationd,3280
1791362176,proc,22597,1440,GenerativeExperiencesSafetyInferenceProvider,1504
1791362176,proc,24758,7824,intelligenceflowd,7776
1791362176,proc,38974,202576,Claude,178400
1791362176,proc,39063,721264,Claude Helper (Renderer),341952
1791362176,proc,63538,1056,intelligencecontextd,1152
1791362176,proc,65475,249104,claude,181760
1791362176,proc,69280,752,intelligencetasksd,800
1791362176,proc,72488,1168,AppleIntelligenceReportingProcessingService,1216
1791362176,proc,76300,1088,IntelligencePlatformComputeService,1136
1791362176,proc,82708,640,ANECompilerService,672
1791362176,proc,89138,1648,generativeexperiencesd,1696
1791362176,sys,9029425,50,42567,
1791362177,proc,1081,624,aned,656
1791362177,proc,1643,27152,Ollama,27072
1791362177,proc,1664,15280,ollama,15200
1791362177,proc,12197,3308304,Python,1668800
1791362177,proc,12305,95488,MTLCompilerService,0
1791362177,proc,13918,56416,node,0
1791362177,proc,13981,22096,mdworker_shared,0
1791362177,proc,14165,3232,translationd,3280
1791362177,proc,22597,1440,GenerativeExperiencesSafetyInferenceProvider,1504
1791362177,proc,24758,7824,intelligenceflowd,7776
1791362177,proc,38974,202704,Claude,178400
1791362177,proc,39063,721264,Claude Helper (Renderer),341952
1791362177,proc,63538,1056,intelligencecontextd,1152
1791362177,proc,65475,249104,claude,181760
1791362177,proc,69280,752,intelligencetasksd,800
1791362177,proc,72488,1168,AppleIntelligenceReportingProcessingService,1216
1791362177,proc,76300,1088,IntelligencePlatformComputeService,1136
1791362177,proc,82708,640,ANECompilerService,672
1791362177,proc,89138,1648,generativeexperiencesd,1696
1791362177,sys,9029425,50,41035,
1791362178,proc,1081,624,aned,656
1791362178,proc,1643,27152,Ollama,27072
1791362178,proc,1664,15280,ollama,15200
1791362178,proc,12197,3308304,Python,1668800
1791362178,proc,12305,95488,MTLCompilerService,0
1791362178,proc,13918,56416,node,0
1791362178,proc,13981,22096,mdworker_shared,0
1791362178,proc,14165,3232,translationd,3280
1791362178,proc,22597,1440,GenerativeExperiencesSafetyInferenceProvider,1504
1791362178,proc,24758,7824,intelligenceflowd,7776
1791362178,proc,38974,207216,Claude,178400
1791362178,proc,39063,721264,Claude Helper (Renderer),341952
1791362178,proc,63538,1056,intelligencecontextd,1152
1791362178,proc,65475,249104,claude,181760
1791362178,proc,69280,752,intelligencetasksd,800
1791362178,proc,72488,1168,AppleIntelligenceReportingProcessingService,1216
1791362178,proc,76300,1088,IntelligencePlatformComputeService,1136
1791362178,proc,82708,640,ANECompilerService,672
1791362178,proc,89138,1648,generativeexperiencesd,1696
1791362178,sys,9029425,50,40858,
1791362180,proc,1081,624,aned,656
1791362180,proc,1643,27152,Ollama,27072
1791362180,proc,1664,15280,ollama,15200
1791362180,proc,12197,3308304,Python,1668800
1791362180,proc,12305,95488,MTLCompilerService,0
1791362180,proc,13918,56416,node,0
1791362180,proc,13981,22096,mdworker_shared,0
1791362180,proc,14165,3232,translationd,3280
1791362180,proc,22597,1440,GenerativeExperiencesSafetyInferenceProvider,1504
1791362180,proc,24758,7824,intelligenceflowd,7776
1791362180,proc,38974,209248,Claude,178400
1791362180,proc,39063,721264,Claude Helper (Renderer),341952
1791362180,proc,63538,1056,intelligencecontextd,1152
1791362180,proc,65475,248992,claude,181760
1791362180,proc,69280,752,intelligencetasksd,800
1791362180,proc,72488,1168,AppleIntelligenceReportingProcessingService,1216
1791362180,proc,76300,1088,IntelligencePlatformComputeService,1136
1791362180,proc,82708,640,ANECompilerService,672
1791362180,proc,89138,1648,generativeexperiencesd,1696
1791362180,sys,9029425,50,40706,
1791362181,proc,1081,624,aned,656
1791362181,proc,1643,27152,Ollama,27072
1791362181,proc,1664,15280,ollama,15200
1791362181,proc,12197,3308256,Python,1668800
1791362181,proc,12305,95488,MTLCompilerService,0
1791362181,proc,13918,56416,node,0
1791362181,proc,13981,22096,mdworker_shared,0
1791362181,proc,14165,3232,translationd,3280
1791362181,proc,22597,1440,GenerativeExperiencesSafetyInferenceProvider,1504
1791362181,proc,24758,7824,intelligenceflowd,7776
1791362181,proc,38974,209248,Claude,178400
1791362181,proc,39063,721264,Claude Helper (Renderer),341952
1791362181,proc,63538,1056,intelligencecontextd,1152
1791362181,proc,65475,248992,claude,181760
1791362181,proc,69280,752,intelligencetasksd,800
1791362181,proc,72488,1168,AppleIntelligenceReportingProcessingService,1216
1791362181,proc,76300,1088,IntelligencePlatformComputeService,1136
1791362181,proc,82708,640,ANECompilerService,672
1791362181,proc,89138,1648,generativeexperiencesd,1696
1791362181,sys,9029425,50,42512,
1791362182,proc,1081,624,aned,656
1791362182,proc,1643,27152,Ollama,27072
1791362182,proc,1664,15280,ollama,15200
1791362182,proc,12197,3308256,Python,1668800
1791362182,proc,12305,95488,MTLCompilerService,0
1791362182,proc,13918,56416,node,0
1791362182,proc,13981,22208,mdworker_shared,0
1791362182,proc,14165,3232,translationd,3280
1791362182,proc,22597,1440,GenerativeExperiencesSafetyInferenceProvider,1504
1791362182,proc,24758,7824,intelligenceflowd,7776
1791362182,proc,38974,209440,Claude,178400
1791362182,proc,39063,721264,Claude Helper (Renderer),341952
1791362182,proc,63538,1056,intelligencecontextd,1152
1791362182,proc,65475,248992,claude,181760
1791362182,proc,69280,752,intelligencetasksd,800
1791362182,proc,72488,1168,AppleIntelligenceReportingProcessingService,1216
1791362182,proc,76300,1088,IntelligencePlatformComputeService,1136
1791362182,proc,82708,640,ANECompilerService,672
1791362182,proc,89138,1648,generativeexperiencesd,1696
1791362182,sys,9029425,50,42962,
1791362183,proc,1081,624,aned,656
1791362183,proc,1643,27152,Ollama,27072
1791362183,proc,1664,15280,ollama,15200
1791362183,proc,12197,3308256,Python,1668800
1791362183,proc,12305,95488,MTLCompilerService,0
1791362183,proc,13918,56416,node,0
1791362183,proc,13981,22208,mdworker_shared,0
1791362183,proc,14165,3232,translationd,3280
1791362183,proc,22597,1440,GenerativeExperiencesSafetyInferenceProvider,1504
1791362183,proc,24758,7824,intelligenceflowd,7776
1791362183,proc,38974,209680,Claude,178400
1791362183,proc,39063,721312,Claude Helper (Renderer),341952
1791362183,proc,63538,1056,intelligencecontextd,1152
1791362183,proc,65475,248992,claude,181760
1791362183,proc,69280,752,intelligencetasksd,800
1791362183,proc,72488,1168,AppleIntelligenceReportingProcessingService,1216
1791362183,proc,76300,1088,IntelligencePlatformComputeService,1136
1791362183,proc,82708,640,ANECompilerService,672
1791362183,proc,89138,1648,generativeexperiencesd,1696
1791362183,sys,9029425,50,42367,
1791362184,proc,1081,624,aned,656
1791362184,proc,1643,27152,Ollama,27072
1791362184,proc,1664,15280,ollama,15200
1791362184,proc,12197,3308256,Python,1668800
1791362184,proc,12305,95488,MTLCompilerService,0
1791362184,proc,13918,56416,node,0
1791362184,proc,13981,22208,mdworker_shared,0
1791362184,proc,14165,3232,translationd,3280
1791362184,proc,22597,1440,GenerativeExperiencesSafetyInferenceProvider,1504
1791362184,proc,24758,7824,intelligenceflowd,7776
1791362184,proc,38974,209680,Claude,178400
1791362184,proc,39063,721328,Claude Helper (Renderer),341952
1791362184,proc,63538,1056,intelligencecontextd,1152
1791362184,proc,65475,248992,claude,181760
1791362184,proc,69280,752,intelligencetasksd,800
1791362184,proc,72488,1168,AppleIntelligenceReportingProcessingService,1216
1791362184,proc,76300,1088,IntelligencePlatformComputeService,1136
1791362184,proc,82708,640,ANECompilerService,672
1791362184,proc,89138,1648,generativeexperiencesd,1696
1791362184,sys,9029425,50,42526,
1791362185,proc,1081,624,aned,656
1791362185,proc,1643,27152,Ollama,27072
1791362185,proc,1664,15280,ollama,15200
1791362185,proc,12197,3308256,Python,1668800
1791362185,proc,12305,95488,MTLCompilerService,0
1791362185,proc,13918,56416,node,0
1791362185,proc,13981,22208,mdworker_shared,0
1791362185,proc,14165,3232,translationd,3280
1791362185,proc,22597,1440,GenerativeExperiencesSafetyInferenceProvider,1504
1791362185,proc,24758,7824,intelligenceflowd,7776
1791362185,proc,38974,209712,Claude,178400
1791362185,proc,39063,721328,Claude Helper (Renderer),341952
1791362185,proc,63538,1056,intelligencecontextd,1152
1791362185,proc,65475,249024,claude,181760
1791362185,proc,69280,752,intelligencetasksd,800
1791362185,proc,72488,1168,AppleIntelligenceReportingProcessingService,1216
1791362185,proc,76300,1088,IntelligencePlatformComputeService,1136
1791362185,proc,82708,640,ANECompilerService,672
1791362185,proc,89138,1648,generativeexperiencesd,1696
1791362185,sys,9029425,51,42102,
1791362186,proc,1081,624,aned,656
1791362186,proc,1643,27152,Ollama,27072
1791362186,proc,1664,15280,ollama,15200
1791362186,proc,12197,3308256,Python,1668800
1791362186,proc,12305,95488,MTLCompilerService,0
1791362186,proc,13918,56416,node,0
1791362186,proc,13981,22208,mdworker_shared,0
1791362186,proc,14165,3232,translationd,3280
1791362186,proc,22597,1440,GenerativeExperiencesSafetyInferenceProvider,1504
1791362186,proc,24758,7824,intelligenceflowd,7776
1791362186,proc,38974,209712,Claude,178400
1791362186,proc,39063,721328,Claude Helper (Renderer),341952
1791362186,proc,63538,1056,intelligencecontextd,1152
1791362186,proc,65475,249024,claude,181760
1791362186,proc,69280,752,intelligencetasksd,800
1791362186,proc,72488,1168,AppleIntelligenceReportingProcessingService,1216
1791362186,proc,76300,1088,IntelligencePlatformComputeService,1136
1791362186,proc,82708,640,ANECompilerService,672
1791362186,proc,89138,1648,generativeexperiencesd,1696
1791362186,sys,9029425,51,40337,
1791362187,proc,1081,624,aned,656
1791362187,proc,1643,27152,Ollama,27072
1791362187,proc,1664,15280,ollama,15200
1791362187,proc,12197,3308256,Python,1668800
1791362187,proc,12305,95488,MTLCompilerService,0
1791362187,proc,13918,56416,node,0
1791362187,proc,13981,22208,mdworker_shared,0
1791362187,proc,14165,3232,translationd,3280
1791362187,proc,22597,1440,GenerativeExperiencesSafetyInferenceProvider,1504
1791362187,proc,24758,7824,intelligenceflowd,7776
1791362187,proc,38974,209712,Claude,178400
1791362187,proc,39063,721328,Claude Helper (Renderer),341952
1791362187,proc,63538,1056,intelligencecontextd,1152
1791362187,proc,65475,248976,claude,181760
1791362187,proc,69280,752,intelligencetasksd,800
1791362187,proc,72488,1168,AppleIntelligenceReportingProcessingService,1216
1791362187,proc,76300,1088,IntelligencePlatformComputeService,1136
1791362187,proc,82708,640,ANECompilerService,672
1791362187,proc,89138,1648,generativeexperiencesd,1696
1791362187,sys,9029425,51,40566,
1791362188,proc,1081,624,aned,656
1791362188,proc,1643,27152,Ollama,27072
1791362188,proc,1664,15280,ollama,15200
1791362188,proc,12197,3308256,Python,1668800
1791362188,proc,12305,95488,MTLCompilerService,0
1791362188,proc,13918,56416,node,0
1791362188,proc,13981,22208,mdworker_shared,0
1791362188,proc,14165,3232,translationd,3280
1791362188,proc,22597,1440,GenerativeExperiencesSafetyInferenceProvider,1504
1791362188,proc,24758,7824,intelligenceflowd,7776
1791362188,proc,38974,209712,Claude,178400
1791362188,proc,39063,721328,Claude Helper (Renderer),341952
1791362188,proc,63538,1056,intelligencecontextd,1152
1791362188,proc,65475,248976,claude,181760
1791362188,proc,69280,752,intelligencetasksd,800
1791362188,proc,72488,1168,AppleIntelligenceReportingProcessingService,1216
1791362188,proc,76300,1088,IntelligencePlatformComputeService,1136
1791362188,proc,82708,640,ANECompilerService,672
1791362188,proc,89138,1648,generativeexperiencesd,1696
1791362188,sys,9029425,51,40541,
1791362189,proc,1081,624,aned,656
1791362189,proc,1643,27152,Ollama,27072
1791362189,proc,1664,15280,ollama,15200
1791362189,proc,12197,3308256,Python,1668800
1791362189,proc,12305,95488,MTLCompilerService,0
1791362189,proc,13918,56416,node,0
1791362189,proc,13981,22208,mdworker_shared,0
1791362189,proc,14165,3232,translationd,3280
1791362189,proc,22597,1440,GenerativeExperiencesSafetyInferenceProvider,1504
1791362189,proc,24758,7824,intelligenceflowd,7776
1791362189,proc,38974,209984,Claude,178400
1791362189,proc,39063,721328,Claude Helper (Renderer),341952
1791362189,proc,63538,1056,intelligencecontextd,1152
1791362189,proc,65475,248976,claude,181760
1791362189,proc,69280,752,intelligencetasksd,800
1791362189,proc,72488,1168,AppleIntelligenceReportingProcessingService,1216
1791362189,proc,76300,1088,IntelligencePlatformComputeService,1136
1791362189,proc,82708,640,ANECompilerService,672
1791362189,proc,89138,1648,generativeexperiencesd,1696
1791362189,sys,9029425,51,38355,
1791362190,proc,1081,624,aned,656
1791362190,proc,1643,27152,Ollama,27072
1791362190,proc,1664,15280,ollama,15200
1791362190,proc,12197,3308384,Python,1668800
1791362190,proc,12305,95488,MTLCompilerService,0
1791362190,proc,13918,56416,node,0
1791362190,proc,13981,22208,mdworker_shared,0
1791362190,proc,14165,3232,translationd,3280
1791362190,proc,22597,1440,GenerativeExperiencesSafetyInferenceProvider,1504
1791362190,proc,24758,7824,intelligenceflowd,7776
1791362190,proc,38974,209984,Claude,178400
1791362190,proc,39063,721328,Claude Helper (Renderer),341952
1791362190,proc,63538,1056,intelligencecontextd,1152
1791362190,proc,65475,248976,claude,181760
1791362190,proc,69280,752,intelligencetasksd,800
1791362190,proc,72488,1168,AppleIntelligenceReportingProcessingService,1216
1791362190,proc,76300,1088,IntelligencePlatformComputeService,1136
1791362190,proc,82708,640,ANECompilerService,672
1791362190,proc,89138,1648,generativeexperiencesd,1696
1791362190,sys,9029425,51,42384,
1791362191,proc,1081,624,aned,656
1791362191,proc,1643,27152,Ollama,27072
1791362191,proc,1664,15280,ollama,15200
1791362191,proc,12197,3308384,Python,1668800
1791362191,proc,12305,95488,MTLCompilerService,0
1791362191,proc,13918,56416,node,0
1791362191,proc,13981,22208,mdworker_shared,0
1791362191,proc,14165,3232,translationd,3280
1791362191,proc,22597,1440,GenerativeExperiencesSafetyInferenceProvider,1504
1791362191,proc,24758,7824,intelligenceflowd,7776
1791362191,proc,38974,209984,Claude,178400
1791362191,proc,39063,721328,Claude Helper (Renderer),341952
1791362191,proc,63538,1056,intelligencecontextd,1152
1791362191,proc,65475,249072,claude,181760
1791362191,proc,69280,752,intelligencetasksd,800
1791362191,proc,72488,1168,AppleIntelligenceReportingProcessingService,1216
1791362191,proc,76300,1088,IntelligencePlatformComputeService,1136
1791362191,proc,82708,640,ANECompilerService,672
1791362191,proc,89138,1648,generativeexperiencesd,1696
1791362191,sys,9029425,51,42636,
1791362192,proc,1081,624,aned,656
1791362192,proc,1643,27152,Ollama,27072
1791362192,proc,1664,15280,ollama,15200
1791362192,proc,12197,3308384,Python,1668800
1791362192,proc,12305,95488,MTLCompilerService,0
1791362192,proc,13918,56432,node,0
1791362192,proc,13981,22208,mdworker_shared,0
1791362192,proc,14165,3232,translationd,3280
1791362192,proc,22597,1440,GenerativeExperiencesSafetyInferenceProvider,1504
1791362192,proc,24758,7840,intelligenceflowd,7776
1791362192,proc,38974,209984,Claude,178400
1791362192,proc,39063,721328,Claude Helper (Renderer),341952
1791362192,proc,63538,1056,intelligencecontextd,1152
1791362192,proc,65475,249072,claude,181760
1791362192,proc,69280,752,intelligencetasksd,800
1791362192,proc,72488,1168,AppleIntelligenceReportingProcessingService,1216
1791362192,proc,76300,1088,IntelligencePlatformComputeService,1136
1791362192,proc,82708,640,ANECompilerService,672
1791362192,proc,89138,1648,generativeexperiencesd,1696
1791362192,sys,9029425,51,41570,
1791362193,proc,1081,624,aned,656
1791362193,proc,1643,27152,Ollama,27072
1791362193,proc,1664,15280,ollama,15200
1791362193,proc,12197,3308448,Python,1668800
1791362193,proc,12305,95488,MTLCompilerService,0
1791362193,proc,13918,58592,node,0
1791362193,proc,13981,22208,mdworker_shared,0
1791362193,proc,14165,3232,translationd,3280
1791362193,proc,22597,1440,GenerativeExperiencesSafetyInferenceProvider,1504
1791362193,proc,24758,7840,intelligenceflowd,7776
1791362193,proc,38974,210016,Claude,178400
1791362193,proc,39063,721328,Claude Helper (Renderer),341952
1791362193,proc,63538,1056,intelligencecontextd,1152
1791362193,proc,65475,255632,claude,181760
1791362193,proc,69280,752,intelligencetasksd,800
1791362193,proc,72488,1168,AppleIntelligenceReportingProcessingService,1216
1791362193,proc,76300,1088,IntelligencePlatformComputeService,1136
1791362193,proc,82708,640,ANECompilerService,672
1791362193,proc,89138,1648,generativeexperiencesd,1696
1791362193,sys,9029425,51,32247,
1791362194,proc,1081,624,aned,656
1791362194,proc,1643,27152,Ollama,27072
1791362194,proc,1664,15280,ollama,15200
1791362194,proc,12197,3308448,Python,1668800
1791362194,proc,12305,95488,MTLCompilerService,0
1791362194,proc,13918,58592,node,0
1791362194,proc,13981,22208,mdworker_shared,0
1791362194,proc,14165,3232,translationd,3280
1791362194,proc,22597,1440,GenerativeExperiencesSafetyInferenceProvider,1504
1791362194,proc,24758,7840,intelligenceflowd,7776
1791362194,proc,38974,210128,Claude,178400
1791362194,proc,39063,721328,Claude Helper (Renderer),341952
1791362194,proc,63538,1056,intelligencecontextd,1152
1791362194,proc,65475,255632,claude,181760
1791362194,proc,69280,752,intelligencetasksd,800
1791362194,proc,72488,1168,AppleIntelligenceReportingProcessingService,1216
1791362194,proc,76300,1088,IntelligencePlatformComputeService,1136
1791362194,proc,82708,640,ANECompilerService,672
1791362194,proc,89138,1648,generativeexperiencesd,1696
1791362194,sys,9029425,51,33665,
1791362195,proc,1081,624,aned,656
1791362195,proc,1643,27152,Ollama,27072
1791362195,proc,1664,15280,ollama,15200
1791362195,proc,12197,3308448,Python,1668800
1791362195,proc,12305,95488,MTLCompilerService,0
1791362195,proc,13918,58592,node,0
1791362195,proc,13981,22208,mdworker_shared,0
1791362195,proc,14165,3232,translationd,3280
1791362195,proc,22597,1440,GenerativeExperiencesSafetyInferenceProvider,1504
1791362195,proc,24758,7840,intelligenceflowd,7776
1791362195,proc,38974,210128,Claude,178400
1791362195,proc,39063,721328,Claude Helper (Renderer),341952
1791362195,proc,63538,1056,intelligencecontextd,1152
1791362195,proc,65475,255632,claude,181760
1791362195,proc,69280,752,intelligencetasksd,800
1791362195,proc,72488,1168,AppleIntelligenceReportingProcessingService,1216
1791362195,proc,76300,1088,IntelligencePlatformComputeService,1136
1791362195,proc,82708,640,ANECompilerService,672
1791362195,proc,89138,1648,generativeexperiencesd,1696
1791362195,sys,9029425,50,32221,
1791362197,proc,1081,624,aned,656
1791362197,proc,1643,27152,Ollama,27072
1791362197,proc,1664,15280,ollama,15200
1791362197,proc,12197,3308448,Python,1668800
1791362197,proc,12305,95488,MTLCompilerService,0
1791362197,proc,13918,58592,node,0
1791362197,proc,13981,22208,mdworker_shared,0
1791362197,proc,14165,3232,translationd,3280
1791362197,proc,22597,1440,GenerativeExperiencesSafetyInferenceProvider,1504
1791362197,proc,24758,7840,intelligenceflowd,7776
1791362197,proc,38974,210128,Claude,178400
1791362197,proc,39063,721328,Claude Helper (Renderer),341952
1791362197,proc,63538,1056,intelligencecontextd,1152
1791362197,proc,65475,255632,claude,181760
1791362197,proc,69280,752,intelligencetasksd,800
1791362197,proc,72488,1168,AppleIntelligenceReportingProcessingService,1216
1791362197,proc,76300,1088,IntelligencePlatformComputeService,1136
1791362197,proc,82708,640,ANECompilerService,672
1791362197,proc,89138,1648,generativeexperiencesd,1696
1791362197,sys,9029425,50,31018,
1791362198,proc,1081,624,aned,656
1791362198,proc,1643,27152,Ollama,27072
1791362198,proc,1664,15280,ollama,15200
1791362198,proc,12197,3308448,Python,1668800
1791362198,proc,12305,95488,MTLCompilerService,0
1791362198,proc,13918,58592,node,0
1791362198,proc,13981,22208,mdworker_shared,0
1791362198,proc,14165,3232,translationd,3280
1791362198,proc,22597,1440,GenerativeExperiencesSafetyInferenceProvider,1504
1791362198,proc,24758,7808,intelligenceflowd,7776
1791362198,proc,38974,210128,Claude,178400
1791362198,proc,39063,721328,Claude Helper (Renderer),341952
1791362198,proc,63538,1056,intelligencecontextd,1152
1791362198,proc,65475,255632,claude,181760
1791362198,proc,69280,752,intelligencetasksd,800
1791362198,proc,72488,1168,AppleIntelligenceReportingProcessingService,1216
1791362198,proc,76300,1088,IntelligencePlatformComputeService,1136
1791362198,proc,82708,640,ANECompilerService,672
1791362198,proc,89138,1648,generativeexperiencesd,1696
1791362198,sys,9029425,50,30979,
1791362199,proc,1081,624,aned,656
1791362199,proc,1643,27152,Ollama,27072
1791362199,proc,1664,15280,ollama,15200
1791362199,proc,12197,3308448,Python,1668800
1791362199,proc,12305,95488,MTLCompilerService,0
1791362199,proc,13918,58592,node,0
1791362199,proc,13981,22208,mdworker_shared,0
1791362199,proc,14165,3232,translationd,3280
1791362199,proc,22597,1440,GenerativeExperiencesSafetyInferenceProvider,1504
1791362199,proc,24758,7808,intelligenceflowd,7776
1791362199,proc,38974,210128,Claude,178400
1791362199,proc,39063,721328,Claude Helper (Renderer),341952
1791362199,proc,63538,1056,intelligencecontextd,1152
1791362199,proc,65475,255632,claude,181760
1791362199,proc,69280,752,intelligencetasksd,800
1791362199,proc,72488,1168,AppleIntelligenceReportingProcessingService,1216
1791362199,proc,76300,1088,IntelligencePlatformComputeService,1136
1791362199,proc,82708,640,ANECompilerService,672
1791362199,proc,89138,1648,generativeexperiencesd,1696
1791362199,sys,9029425,50,32237,
1791362200,proc,1081,624,aned,656
1791362200,proc,1643,27152,Ollama,27072
1791362200,proc,1664,15280,ollama,15200
1791362200,proc,12197,3308480,Python,1668800
1791362200,proc,12305,95488,MTLCompilerService,0
1791362200,proc,13918,58592,node,0
1791362200,proc,13981,22208,mdworker_shared,0
1791362200,proc,14165,3232,translationd,3280
1791362200,proc,22597,1440,GenerativeExperiencesSafetyInferenceProvider,1504
1791362200,proc,24758,7808,intelligenceflowd,7776
1791362200,proc,38974,210336,Claude,178400
1791362200,proc,39063,721328,Claude Helper (Renderer),341952
1791362200,proc,63538,1056,intelligencecontextd,1152
1791362200,proc,65475,255632,claude,181760
1791362200,proc,69280,752,intelligencetasksd,800
1791362200,proc,72488,1168,AppleIntelligenceReportingProcessingService,1216
1791362200,proc,76300,1088,IntelligencePlatformComputeService,1136
1791362200,proc,82708,640,ANECompilerService,672
1791362200,proc,89138,1648,generativeexperiencesd,1696
1791362200,sys,9029425,50,33572,
1791362201,proc,1081,624,aned,656
1791362201,proc,1643,27152,Ollama,27072
1791362201,proc,1664,15280,ollama,15200
1791362201,proc,12197,3308496,Python,1668800
1791362201,proc,12305,95488,MTLCompilerService,0
1791362201,proc,13918,58592,node,0
1791362201,proc,13981,22208,mdworker_shared,0
1791362201,proc,14165,3232,translationd,3280
1791362201,proc,22597,1440,GenerativeExperiencesSafetyInferenceProvider,1504
1791362201,proc,24758,7808,intelligenceflowd,7776
1791362201,proc,38974,210336,Claude,178400
1791362201,proc,39063,721328,Claude Helper (Renderer),341952
1791362201,proc,63538,1056,intelligencecontextd,1152
1791362201,proc,65475,255632,claude,181760
1791362201,proc,69280,752,intelligencetasksd,800
1791362201,proc,72488,1168,AppleIntelligenceReportingProcessingService,1216
1791362201,proc,76300,1088,IntelligencePlatformComputeService,1136
1791362201,proc,82708,640,ANECompilerService,672
1791362201,proc,89138,1648,generativeexperiencesd,1696
1791362201,sys,9029425,50,38698,
1791362202,proc,1081,624,aned,656
1791362202,proc,1643,27152,Ollama,27072
1791362202,proc,1664,15280,ollama,15200
1791362202,proc,12197,3308496,Python,1668800
1791362202,proc,12305,95488,MTLCompilerService,0
1791362202,proc,13918,58592,node,0
1791362202,proc,13981,22208,mdworker_shared,0
1791362202,proc,14165,3232,translationd,3280
1791362202,proc,22597,1440,GenerativeExperiencesSafetyInferenceProvider,1504
1791362202,proc,24758,7808,intelligenceflowd,7776
1791362202,proc,38974,210336,Claude,178400
1791362202,proc,39063,721952,Claude Helper (Renderer),341952
1791362202,proc,63538,1056,intelligencecontextd,1152
1791362202,proc,65475,255536,claude,181760
1791362202,proc,69280,752,intelligencetasksd,800
1791362202,proc,72488,1168,AppleIntelligenceReportingProcessingService,1216
1791362202,proc,76300,1088,IntelligencePlatformComputeService,1136
1791362202,proc,82708,640,ANECompilerService,672
1791362202,proc,89138,1648,generativeexperiencesd,1696
1791362202,sys,9029425,50,38840,
1791362203,proc,1081,624,aned,656
1791362203,proc,1643,27152,Ollama,27072
1791362203,proc,1664,15280,ollama,15200
1791362203,proc,12197,3308496,Python,1668800
1791362203,proc,12305,95488,MTLCompilerService,0
1791362203,proc,13918,58592,node,0
1791362203,proc,13981,22208,mdworker_shared,0
1791362203,proc,14165,3232,translationd,3280
1791362203,proc,22597,1440,GenerativeExperiencesSafetyInferenceProvider,1504
1791362203,proc,24758,7808,intelligenceflowd,7776
1791362203,proc,38974,210336,Claude,178400
1791362203,proc,39063,721952,Claude Helper (Renderer),341952
1791362203,proc,63538,1056,intelligencecontextd,1152
1791362203,proc,65475,255536,claude,181760
1791362203,proc,69280,752,intelligencetasksd,800
1791362203,proc,72488,1168,AppleIntelligenceReportingProcessingService,1216
1791362203,proc,76300,1088,IntelligencePlatformComputeService,1136
1791362203,proc,82708,640,ANECompilerService,672
1791362203,proc,89138,1648,generativeexperiencesd,1696
1791362203,sys,9029425,50,38012,
1791362204,proc,1081,624,aned,656
1791362204,proc,1643,27152,Ollama,27072
1791362204,proc,1664,15280,ollama,15200
1791362204,proc,12197,3308496,Python,1668800
1791362204,proc,12305,95488,MTLCompilerService,0
1791362204,proc,13918,58592,node,0
1791362204,proc,13981,22208,mdworker_shared,0
1791362204,proc,14165,3232,translationd,3280
1791362204,proc,22597,1440,GenerativeExperiencesSafetyInferenceProvider,1504
1791362204,proc,24758,7808,intelligenceflowd,7776
1791362204,proc,38974,210320,Claude,178400
1791362204,proc,39063,721952,Claude Helper (Renderer),341952
1791362204,proc,63538,1056,intelligencecontextd,1152
1791362204,proc,65475,255520,claude,181760
1791362204,proc,69280,752,intelligencetasksd,800
1791362204,proc,72488,1168,AppleIntelligenceReportingProcessingService,1216
1791362204,proc,76300,1088,IntelligencePlatformComputeService,1136
1791362204,proc,82708,640,ANECompilerService,672
1791362204,proc,89138,1648,generativeexperiencesd,1696
1791362204,sys,9029425,50,37136,
1791362205,proc,1081,624,aned,656
1791362205,proc,1643,27152,Ollama,27072
1791362205,proc,1664,15280,ollama,15200
1791362205,proc,12197,3308496,Python,1668800
1791362205,proc,12305,95488,MTLCompilerService,0
1791362205,proc,13918,58592,node,0
1791362205,proc,13981,22208,mdworker_shared,0
1791362205,proc,14165,3232,translationd,3280
1791362205,proc,22597,1440,GenerativeExperiencesSafetyInferenceProvider,1504
1791362205,proc,24758,7808,intelligenceflowd,7776
1791362205,proc,38974,210320,Claude,178400
1791362205,proc,39063,721952,Claude Helper (Renderer),341952
1791362205,proc,63538,1056,intelligencecontextd,1152
1791362205,proc,65475,255520,claude,181760
1791362205,proc,69280,752,intelligencetasksd,800
1791362205,proc,72488,1168,AppleIntelligenceReportingProcessingService,1216
1791362205,proc,76300,1088,IntelligencePlatformComputeService,1136
1791362205,proc,82708,640,ANECompilerService,672
1791362205,proc,89138,1648,generativeexperiencesd,1696
1791362205,sys,9029425,50,36870,
1791362206,proc,1081,624,aned,656
1791362206,proc,1643,27152,Ollama,27072
1791362206,proc,1664,15280,ollama,15200
1791362206,proc,12197,3308496,Python,1668800
1791362206,proc,12305,95488,MTLCompilerService,0
1791362206,proc,13918,58592,node,0
1791362206,proc,13981,22208,mdworker_shared,0
1791362206,proc,14165,3232,translationd,3280
1791362206,proc,22597,1440,GenerativeExperiencesSafetyInferenceProvider,1504
1791362206,proc,24758,7808,intelligenceflowd,7776
1791362206,proc,38974,210320,Claude,178400
1791362206,proc,39063,721952,Claude Helper (Renderer),341952
1791362206,proc,63538,1056,intelligencecontextd,1152
1791362206,proc,65475,255520,claude,181760
1791362206,proc,69280,752,intelligencetasksd,800
1791362206,proc,72488,1168,AppleIntelligenceReportingProcessingService,1216
1791362206,proc,76300,1088,IntelligencePlatformComputeService,1136
1791362206,proc,82708,640,ANECompilerService,672
1791362206,proc,89138,1648,generativeexperiencesd,1696
1791362206,sys,9029425,50,36674,
1791362207,proc,1081,624,aned,656
1791362207,proc,1643,27152,Ollama,27072
1791362207,proc,1664,15280,ollama,15200
1791362207,proc,12197,3308496,Python,1668800
1791362207,proc,12305,95488,MTLCompilerService,0
1791362207,proc,13918,58592,node,0
1791362207,proc,13981,22208,mdworker_shared,0
1791362207,proc,14165,3232,translationd,3280
1791362207,proc,22597,1440,GenerativeExperiencesSafetyInferenceProvider,1504
1791362207,proc,24758,7808,intelligenceflowd,7776
1791362207,proc,38974,210320,Claude,178400
1791362207,proc,39063,721952,Claude Helper (Renderer),341952
1791362207,proc,63538,1056,intelligencecontextd,1152
1791362207,proc,65475,255520,claude,181760
1791362207,proc,69280,752,intelligencetasksd,800
1791362207,proc,72488,1168,AppleIntelligenceReportingProcessingService,1216
1791362207,proc,76300,1088,IntelligencePlatformComputeService,1136
1791362207,proc,82708,640,ANECompilerService,672
1791362207,proc,89138,1648,generativeexperiencesd,1696
1791362207,sys,9029425,50,36090,
1791362208,proc,1081,624,aned,656
1791362208,proc,1643,27152,Ollama,27072
1791362208,proc,1664,15280,ollama,15200
1791362208,proc,12197,3308496,Python,1668800
1791362208,proc,12305,95488,MTLCompilerService,0
1791362208,proc,13918,58592,node,0
1791362208,proc,13981,22208,mdworker_shared,0
1791362208,proc,14165,3232,translationd,3280
1791362208,proc,22597,1440,GenerativeExperiencesSafetyInferenceProvider,1504
1791362208,proc,24758,7808,intelligenceflowd,7776
1791362208,proc,38974,210320,Claude,178400
1791362208,proc,39063,721952,Claude Helper (Renderer),341952
1791362208,proc,63538,1056,intelligencecontextd,1152
1791362208,proc,65475,255520,claude,181760
1791362208,proc,69280,752,intelligencetasksd,800
1791362208,proc,72488,1168,AppleIntelligenceReportingProcessingService,1216
1791362208,proc,76300,1088,IntelligencePlatformComputeService,1136
1791362208,proc,82708,640,ANECompilerService,672
1791362208,proc,89138,1648,generativeexperiencesd,1696
1791362208,sys,9029425,50,38664,
1791362209,proc,1081,624,aned,656
1791362209,proc,1643,27152,Ollama,27072
1791362209,proc,1664,15280,ollama,15200
1791362209,proc,12197,3308496,Python,1668800
1791362209,proc,12305,95488,MTLCompilerService,0
1791362209,proc,13918,58592,node,0
1791362209,proc,13981,22208,mdworker_shared,0
1791362209,proc,14165,3232,translationd,3280
1791362209,proc,22597,1440,GenerativeExperiencesSafetyInferenceProvider,1504
1791362209,proc,24758,7808,intelligenceflowd,7776
1791362209,proc,38974,210320,Claude,178400
1791362209,proc,39063,721952,Claude Helper (Renderer),341952
1791362209,proc,63538,1056,intelligencecontextd,1152
1791362209,proc,65475,255520,claude,181760
1791362209,proc,69280,752,intelligencetasksd,800
1791362209,proc,72488,1168,AppleIntelligenceReportingProcessingService,1216
1791362209,proc,76300,1088,IntelligencePlatformComputeService,1136
1791362209,proc,82708,640,ANECompilerService,672
1791362209,proc,89138,1648,generativeexperiencesd,1696
1791362209,sys,9029425,50,39277,
1791362210,proc,1081,624,aned,656
1791362210,proc,1643,27152,Ollama,27072
1791362210,proc,1664,15280,ollama,15200
1791362210,proc,12197,3308496,Python,1668800
1791362210,proc,12305,95488,MTLCompilerService,0
1791362210,proc,13918,58592,node,0
1791362210,proc,13981,22208,mdworker_shared,0
1791362210,proc,14165,3232,translationd,3280
1791362210,proc,22597,1440,GenerativeExperiencesSafetyInferenceProvider,1504
1791362210,proc,24758,7808,intelligenceflowd,7776
1791362210,proc,38974,210880,Claude,178400
1791362210,proc,39063,721408,Claude Helper (Renderer),341952
1791362210,proc,63538,1056,intelligencecontextd,1152
1791362210,proc,65475,255520,claude,181760
1791362210,proc,69280,752,intelligencetasksd,800
1791362210,proc,72488,1168,AppleIntelligenceReportingProcessingService,1216
1791362210,proc,76300,1088,IntelligencePlatformComputeService,1136
1791362210,proc,82708,640,ANECompilerService,672
1791362210,proc,89138,1648,generativeexperiencesd,1696
1791362210,sys,9029425,50,36613,
1791362211,proc,1081,624,aned,656
1791362211,proc,1643,31808,Ollama,27072
1791362211,proc,1664,15280,ollama,15200
1791362211,proc,12197,3308496,Python,1668800
1791362211,proc,12305,95488,MTLCompilerService,0
1791362211,proc,13918,58592,node,0
1791362211,proc,13981,22208,mdworker_shared,0
1791362211,proc,14165,3232,translationd,3280
1791362211,proc,22597,1440,GenerativeExperiencesSafetyInferenceProvider,1504
1791362211,proc,24758,7808,intelligenceflowd,7776
1791362211,proc,38974,210880,Claude,178400
1791362211,proc,39063,721424,Claude Helper (Renderer),341952
1791362211,proc,63538,1056,intelligencecontextd,1152
1791362211,proc,65475,255520,claude,181760
1791362211,proc,69280,752,intelligencetasksd,800
1791362211,proc,72488,1168,AppleIntelligenceReportingProcessingService,1216
1791362211,proc,76300,1088,IntelligencePlatformComputeService,1136
1791362211,proc,82708,640,ANECompilerService,672
1791362211,proc,89138,1648,generativeexperiencesd,1696
1791362211,sys,9029425,50,33635,
1791362212,proc,1081,624,aned,656
1791362212,proc,1643,32624,Ollama,27072
1791362212,proc,1664,15280,ollama,15200
1791362212,proc,12197,3308496,Python,1668800
1791362212,proc,12305,95488,MTLCompilerService,0
1791362212,proc,13918,58592,node,0
1791362212,proc,13981,22208,mdworker_shared,0
1791362212,proc,14165,3232,translationd,3280
1791362212,proc,22597,1440,GenerativeExperiencesSafetyInferenceProvider,1504
1791362212,proc,24758,7808,intelligenceflowd,7776
1791362212,proc,38974,213728,Claude,178400
1791362212,proc,39063,721424,Claude Helper (Renderer),341952
1791362212,proc,63538,2976,intelligencecontextd,1152
1791362212,proc,65475,255520,claude,181760
1791362212,proc,69280,752,intelligencetasksd,800
1791362212,proc,72488,1168,AppleIntelligenceReportingProcessingService,1216
1791362212,proc,76300,1088,IntelligencePlatformComputeService,1136
1791362212,proc,82708,640,ANECompilerService,672
1791362212,proc,89138,1648,generativeexperiencesd,1696
1791362212,sys,9029425,50,18932,
1791362214,proc,1081,624,aned,656
1791362214,proc,1643,32656,Ollama,27072
1791362214,proc,1664,15280,ollama,15200
1791362214,proc,12197,3308496,Python,1668800
1791362214,proc,12305,95488,MTLCompilerService,0
1791362214,proc,13918,58592,node,0
1791362214,proc,13981,22208,mdworker_shared,0
1791362214,proc,14165,3232,translationd,3280
1791362214,proc,22597,1440,GenerativeExperiencesSafetyInferenceProvider,1504
1791362214,proc,24758,7808,intelligenceflowd,7776
1791362214,proc,38974,215600,Claude,178400
1791362214,proc,39063,721472,Claude Helper (Renderer),341952
1791362214,proc,63538,3088,intelligencecontextd,1152
1791362214,proc,65475,255520,claude,181760
1791362214,proc,69280,752,intelligencetasksd,800
1791362214,proc,72488,1168,AppleIntelligenceReportingProcessingService,1216
1791362214,proc,76300,1088,IntelligencePlatformComputeService,1136
1791362214,proc,82708,640,ANECompilerService,672
1791362214,proc,89138,1648,generativeexperiencesd,1696
1791362214,sys,9029425,50,18668,
1791362215,proc,1081,624,aned,656
1791362215,proc,1643,32656,Ollama,27072
1791362215,proc,1664,15280,ollama,15200
1791362215,proc,12197,3308496,Python,1668800
1791362215,proc,12305,95488,MTLCompilerService,0
1791362215,proc,13918,58592,node,0
1791362215,proc,13981,22208,mdworker_shared,0
1791362215,proc,14165,3232,translationd,3280
1791362215,proc,22597,1440,GenerativeExperiencesSafetyInferenceProvider,1504
1791362215,proc,24758,7808,intelligenceflowd,7776
1791362215,proc,38974,215600,Claude,178400
1791362215,proc,39063,721472,Claude Helper (Renderer),341952
1791362215,proc,63538,3088,intelligencecontextd,1152
1791362215,proc,65475,255520,claude,181760
1791362215,proc,69280,752,intelligencetasksd,800
1791362215,proc,72488,1168,AppleIntelligenceReportingProcessingService,1216
1791362215,proc,76300,1088,IntelligencePlatformComputeService,1136
1791362215,proc,82708,640,ANECompilerService,672
1791362215,proc,89138,1648,generativeexperiencesd,1696
1791362215,sys,9029425,50,19521,
1791362216,proc,1081,624,aned,656
1791362216,proc,1290,57360,ControlCenter,35600
1791362216,proc,1643,32656,Ollama,27072
1791362216,proc,1664,15280,ollama,15200
1791362216,proc,12197,3308496,Python,1668800
1791362216,proc,12305,95488,MTLCompilerService,0
1791362216,proc,13918,58608,node,0
1791362216,proc,13981,22208,mdworker_shared,0
1791362216,proc,14165,3232,translationd,3280
1791362216,proc,22597,1440,GenerativeExperiencesSafetyInferenceProvider,1504
1791362216,proc,24758,7808,intelligenceflowd,7776
1791362216,proc,38974,215728,Claude,178400
1791362216,proc,39063,721472,Claude Helper (Renderer),341952
1791362216,proc,63538,3088,intelligencecontextd,1152
1791362216,proc,65475,255536,claude,181760
1791362216,proc,69280,752,intelligencetasksd,800
1791362216,proc,72488,1168,AppleIntelligenceReportingProcessingService,1216
1791362216,proc,76300,1088,IntelligencePlatformComputeService,1136
1791362216,proc,82708,640,ANECompilerService,672
1791362216,proc,89138,1648,generativeexperiencesd,1696
1791362216,sys,9029425,50,20265,
1791362217,proc,1081,624,aned,656
1791362217,proc,1290,57280,ControlCenter,35600
1791362217,proc,1643,32560,Ollama,27072
1791362217,proc,1664,15280,ollama,15200
1791362217,proc,12197,3308496,Python,1668800
1791362217,proc,12305,95488,MTLCompilerService,0
1791362217,proc,13918,58608,node,0
1791362217,proc,13981,22208,mdworker_shared,0
1791362217,proc,14165,3232,translationd,3280
1791362217,proc,22597,1440,GenerativeExperiencesSafetyInferenceProvider,1504
1791362217,proc,24758,7808,intelligenceflowd,7776
1791362217,proc,38974,215776,Claude,178400
1791362217,proc,39063,721472,Claude Helper (Renderer),341952
1791362217,proc,63538,3104,intelligencecontextd,1152
1791362217,proc,65475,255536,claude,181760
1791362217,proc,69280,752,intelligencetasksd,800
1791362217,proc,72488,1168,AppleIntelligenceReportingProcessingService,1216
1791362217,proc,76300,1088,IntelligencePlatformComputeService,1136
1791362217,proc,82708,640,ANECompilerService,672
1791362217,proc,89138,1648,generativeexperiencesd,1696
1791362217,sys,9029425,51,18315,
1791362218,proc,1081,624,aned,656
1791362218,proc,1290,57280,ControlCenter,35600
1791362218,proc,1643,32560,Ollama,27072
1791362218,proc,1664,15280,ollama,15200
1791362218,proc,12197,3308512,Python,1668800
1791362218,proc,12305,95488,MTLCompilerService,0
1791362218,proc,13918,58608,node,0
1791362218,proc,13981,22208,mdworker_shared,0
1791362218,proc,14165,3232,translationd,3280
1791362218,proc,22597,1440,GenerativeExperiencesSafetyInferenceProvider,1504
1791362218,proc,24758,7808,intelligenceflowd,7776
1791362218,proc,38974,215776,Claude,178400
1791362218,proc,39063,721472,Claude Helper (Renderer),341952
1791362218,proc,63538,3104,intelligencecontextd,1152
1791362218,proc,65475,255536,claude,181760
1791362218,proc,69280,752,intelligencetasksd,800
1791362218,proc,72488,1168,AppleIntelligenceReportingProcessingService,1216
1791362218,proc,76300,1088,IntelligencePlatformComputeService,1136
1791362218,proc,82708,640,ANECompilerService,672
1791362218,proc,89138,1648,generativeexperiencesd,1696
1791362218,sys,9029425,51,21872,
1791362219,proc,1081,624,aned,656
1791362219,proc,1290,57280,ControlCenter,35600
1791362219,proc,1643,32560,Ollama,27072
1791362219,proc,1664,15280,ollama,15200
1791362219,proc,12197,3308512,Python,1668800
1791362219,proc,12305,95488,MTLCompilerService,0
1791362219,proc,13918,58608,node,0
1791362219,proc,13981,22208,mdworker_shared,0
1791362219,proc,14165,3232,translationd,3280
1791362219,proc,22597,1440,GenerativeExperiencesSafetyInferenceProvider,1504
1791362219,proc,24758,7808,intelligenceflowd,7776
1791362219,proc,38974,215936,Claude,178400
1791362219,proc,39063,721472,Claude Helper (Renderer),341952
1791362219,proc,63538,3104,intelligencecontextd,1152
1791362219,proc,65475,255536,claude,181760
1791362219,proc,69280,752,intelligencetasksd,800
1791362219,proc,72488,1168,AppleIntelligenceReportingProcessingService,1216
1791362219,proc,76300,1088,IntelligencePlatformComputeService,1136
1791362219,proc,82708,640,ANECompilerService,672
1791362219,proc,89138,1648,generativeexperiencesd,1696
1791362219,sys,9029425,51,21608,
1791362220,proc,1081,624,aned,656
1791362220,proc,1290,57184,ControlCenter,35600
1791362220,proc,1643,32560,Ollama,27072
1791362220,proc,1664,15280,ollama,15200
1791362220,proc,12197,3308512,Python,1668800
1791362220,proc,12305,95488,MTLCompilerService,0
1791362220,proc,13918,58608,node,0
1791362220,proc,13981,22208,mdworker_shared,0
1791362220,proc,14165,3232,translationd,3280
1791362220,proc,22597,1440,GenerativeExperiencesSafetyInferenceProvider,1504
1791362220,proc,24758,7808,intelligenceflowd,7776
1791362220,proc,38974,215568,Claude,178400
1791362220,proc,39063,721472,Claude Helper (Renderer),341952
1791362220,proc,63538,3104,intelligencecontextd,1152
1791362220,proc,65475,255536,claude,181760
1791362220,proc,69280,752,intelligencetasksd,800
1791362220,proc,72488,1168,AppleIntelligenceReportingProcessingService,1216
1791362220,proc,76300,1088,IntelligencePlatformComputeService,1136
1791362220,proc,82708,640,ANECompilerService,672
1791362220,proc,89138,1648,generativeexperiencesd,1696
1791362220,sys,9029425,51,21742,
1791362221,proc,623,104112,WindowServer,81360
1791362221,proc,1081,624,aned,656
1791362221,proc,1290,71648,ControlCenter,35600
1791362221,proc,1643,32592,Ollama,27072
1791362221,proc,1664,15280,ollama,15200
1791362221,proc,12197,3308512,Python,1668800
1791362221,proc,12305,95488,MTLCompilerService,0
1791362221,proc,13918,58608,node,0
1791362221,proc,13981,22208,mdworker_shared,0
1791362221,proc,14165,3232,translationd,3280
1791362221,proc,22597,1440,GenerativeExperiencesSafetyInferenceProvider,1504
1791362221,proc,24758,7808,intelligenceflowd,7776
1791362221,proc,38974,215696,Claude,178400
1791362221,proc,39063,721472,Claude Helper (Renderer),341952
1791362221,proc,63538,3120,intelligencecontextd,1152
1791362221,proc,65475,255728,claude,181760
1791362221,proc,69280,752,intelligencetasksd,800
1791362221,proc,72488,1168,AppleIntelligenceReportingProcessingService,1216
1791362221,proc,76300,1088,IntelligencePlatformComputeService,1136
1791362221,proc,82708,640,ANECompilerService,672
1791362221,proc,89138,1648,generativeexperiencesd,1696
1791362221,sys,9029425,51,15732,
1791362222,proc,623,104336,WindowServer,81360
1791362222,proc,1081,624,aned,656
1791362222,proc,1290,72176,ControlCenter,35600
1791362222,proc,1643,32592,Ollama,27072
1791362222,proc,1664,15280,ollama,15200
1791362222,proc,12197,3308512,Python,1668800
1791362222,proc,12305,95488,MTLCompilerService,0
1791362222,proc,13918,58608,node,0
1791362222,proc,13981,22208,mdworker_shared,0
1791362222,proc,14165,3232,translationd,3280
1791362222,proc,22597,1440,GenerativeExperiencesSafetyInferenceProvider,1504
1791362222,proc,24758,7808,intelligenceflowd,7776
1791362222,proc,38974,215696,Claude,178400
1791362222,proc,39063,721472,Claude Helper (Renderer),341952
1791362222,proc,63538,3120,intelligencecontextd,1152
1791362222,proc,65475,255792,claude,181760
1791362222,proc,69280,752,intelligencetasksd,800
1791362222,proc,72488,1168,AppleIntelligenceReportingProcessingService,1216
1791362222,proc,76300,1088,IntelligencePlatformComputeService,1136
1791362222,proc,82708,640,ANECompilerService,672
1791362222,proc,89138,1648,generativeexperiencesd,1696
1791362222,sys,9029425,49,13275,
1791362223,proc,623,104272,WindowServer,81360
1791362223,proc,1081,624,aned,656
1791362223,proc,1290,72016,ControlCenter,35600
1791362223,proc,1643,32544,Ollama,27072
1791362223,proc,1664,15552,ollama,15200
1791362223,proc,12197,3308512,Python,1668800
1791362223,proc,12305,95488,MTLCompilerService,0
1791362223,proc,13918,58608,node,0
1791362223,proc,14165,3232,translationd,3280
1791362223,proc,22597,1440,GenerativeExperiencesSafetyInferenceProvider,1504
1791362223,proc,24758,7808,intelligenceflowd,7776
1791362223,proc,38974,215712,Claude,178400
1791362223,proc,39063,721472,Claude Helper (Renderer),341952
1791362223,proc,63538,3120,intelligencecontextd,1152
1791362223,proc,65475,255904,claude,181760
1791362223,proc,69280,752,intelligencetasksd,800
1791362223,proc,72488,1168,AppleIntelligenceReportingProcessingService,1216
1791362223,proc,76300,1088,IntelligencePlatformComputeService,1136
1791362223,proc,82708,640,ANECompilerService,672
1791362223,proc,89138,1648,generativeexperiencesd,1696
1791362223,sys,9029425,49,16923,
1791362224,proc,623,104288,WindowServer,81360
1791362224,proc,1081,624,aned,656
1791362224,proc,1290,72016,ControlCenter,35600
1791362224,proc,1643,32544,Ollama,27072
1791362224,proc,1664,15552,ollama,15200
1791362224,proc,12197,3308512,Python,1668800
1791362224,proc,12305,95488,MTLCompilerService,0
1791362224,proc,13918,58608,node,0
1791362224,proc,14165,3232,translationd,3280
1791362224,proc,22597,1440,GenerativeExperiencesSafetyInferenceProvider,1504
1791362224,proc,24758,7808,intelligenceflowd,7776
1791362224,proc,38974,215712,Claude,178400
1791362224,proc,39063,721488,Claude Helper (Renderer),341952
1791362224,proc,63538,3120,intelligencecontextd,1152
1791362224,proc,65475,255904,claude,181760
1791362224,proc,69280,752,intelligencetasksd,800
1791362224,proc,72488,1168,AppleIntelligenceReportingProcessingService,1216
1791362224,proc,76300,1088,IntelligencePlatformComputeService,1136
1791362224,proc,82708,640,ANECompilerService,672
1791362224,proc,89138,1648,generativeexperiencesd,1696
1791362224,sys,9029425,49,17253,
1791362225,proc,623,104288,WindowServer,81360
1791362225,proc,1081,624,aned,656
1791362225,proc,1290,72016,ControlCenter,35600
1791362225,proc,1643,32544,Ollama,27072
1791362225,proc,1664,15552,ollama,15200
1791362225,proc,12197,3308512,Python,1668800
1791362225,proc,12305,95488,MTLCompilerService,0
1791362225,proc,13918,58608,node,0
1791362225,proc,14165,3232,translationd,3280
1791362225,proc,22597,1440,GenerativeExperiencesSafetyInferenceProvider,1504
1791362225,proc,24758,7808,intelligenceflowd,7776
1791362225,proc,38974,215712,Claude,178400
1791362225,proc,39063,721488,Claude Helper (Renderer),341952
1791362225,proc,63538,3120,intelligencecontextd,1152
1791362225,proc,65475,255904,claude,181760
1791362225,proc,69280,752,intelligencetasksd,800
1791362225,proc,72488,1168,AppleIntelligenceReportingProcessingService,1216
1791362225,proc,76300,1088,IntelligencePlatformComputeService,1136
1791362225,proc,82708,640,ANECompilerService,672
1791362225,proc,89138,1648,generativeexperiencesd,1696
1791362225,sys,9029425,49,16026,
1791362226,proc,623,104288,WindowServer,81360
1791362226,proc,1081,624,aned,656
1791362226,proc,1290,72016,ControlCenter,35600
1791362226,proc,1643,32544,Ollama,27072
1791362226,proc,1664,15552,ollama,15200
1791362226,proc,12197,3308512,Python,1668800
1791362226,proc,12305,95488,MTLCompilerService,0
1791362226,proc,13918,58608,node,0
1791362226,proc,14165,3232,translationd,3280
1791362226,proc,22597,1440,GenerativeExperiencesSafetyInferenceProvider,1504
1791362226,proc,24758,7808,intelligenceflowd,7776
1791362226,proc,38974,215664,Claude,178400
1791362226,proc,39063,721488,Claude Helper (Renderer),341952
1791362226,proc,63538,3120,intelligencecontextd,1152
1791362226,proc,65475,255904,claude,181760
1791362226,proc,69280,752,intelligencetasksd,800
1791362226,proc,72488,1168,AppleIntelligenceReportingProcessingService,1216
1791362226,proc,76300,1088,IntelligencePlatformComputeService,1136
1791362226,proc,82708,640,ANECompilerService,672
1791362226,proc,89138,1648,generativeexperiencesd,1696
1791362226,sys,9029425,49,18933,
1791362227,proc,623,104240,WindowServer,81360
1791362227,proc,1081,624,aned,656
1791362227,proc,1290,71968,ControlCenter,35600
1791362227,proc,1643,32448,Ollama,27072
1791362227,proc,1664,15552,ollama,15200
1791362227,proc,12197,3308512,Python,1668800
1791362227,proc,12305,95488,MTLCompilerService,0
1791362227,proc,13918,58608,node,0
1791362227,proc,14165,3232,translationd,3280
1791362227,proc,22597,1440,GenerativeExperiencesSafetyInferenceProvider,1504
1791362227,proc,24758,7808,intelligenceflowd,7776
1791362227,proc,38974,215344,Claude,178400
1791362227,proc,39063,721488,Claude Helper (Renderer),341952
1791362227,proc,63538,3072,intelligencecontextd,1152
1791362227,proc,65475,255904,claude,181760
1791362227,proc,69280,752,intelligencetasksd,800
1791362227,proc,72488,1168,AppleIntelligenceReportingProcessingService,1216
1791362227,proc,76300,1088,IntelligencePlatformComputeService,1136
1791362227,proc,82708,640,ANECompilerService,672
1791362227,proc,89138,1648,generativeexperiencesd,1696
1791362227,sys,9029425,50,19212,
1791362228,proc,623,104224,WindowServer,81360
1791362228,proc,1081,624,aned,656
1791362228,proc,1290,71728,ControlCenter,35600
1791362228,proc,1643,32448,Ollama,27072
1791362228,proc,1664,15552,ollama,15200
1791362228,proc,12197,3308512,Python,1668800
1791362228,proc,12305,95488,MTLCompilerService,0
1791362228,proc,13918,58608,node,0
1791362228,proc,14165,3232,translationd,3280
1791362228,proc,22597,1440,GenerativeExperiencesSafetyInferenceProvider,1504
1791362228,proc,24758,7808,intelligenceflowd,7776
1791362228,proc,38974,215344,Claude,178400
1791362228,proc,39063,721488,Claude Helper (Renderer),341952
1791362228,proc,63538,3072,intelligencecontextd,1152
1791362228,proc,65475,255904,claude,181760
1791362228,proc,69280,752,intelligencetasksd,800
1791362228,proc,72488,1168,AppleIntelligenceReportingProcessingService,1216
1791362228,proc,76300,1088,IntelligencePlatformComputeService,1136
1791362228,proc,82708,640,ANECompilerService,672
1791362228,proc,89138,1648,generativeexperiencesd,1696
1791362228,sys,9029425,50,17969,
1791362230,proc,623,104224,WindowServer,81360
1791362230,proc,1081,624,aned,656
1791362230,proc,1290,71728,ControlCenter,35600
1791362230,proc,1643,32448,Ollama,27072
1791362230,proc,1664,15552,ollama,15200
1791362230,proc,12197,3308512,Python,1668800
1791362230,proc,12305,95488,MTLCompilerService,0
1791362230,proc,13918,58608,node,0
1791362230,proc,14165,3232,translationd,3280
1791362230,proc,22597,1440,GenerativeExperiencesSafetyInferenceProvider,1504
1791362230,proc,24758,7808,intelligenceflowd,7776
1791362230,proc,38974,215344,Claude,178400
1791362230,proc,39063,721488,Claude Helper (Renderer),341952
1791362230,proc,63538,3072,intelligencecontextd,1152
1791362230,proc,65475,255904,claude,181760
1791362230,proc,69280,752,intelligencetasksd,800
1791362230,proc,72488,1168,AppleIntelligenceReportingProcessingService,1216
1791362230,proc,76300,1088,IntelligencePlatformComputeService,1136
1791362230,proc,82708,640,ANECompilerService,672
1791362230,proc,89138,1648,generativeexperiencesd,1696
1791362230,sys,9029425,50,18100,
1791362231,proc,623,104224,WindowServer,81360
1791362231,proc,1081,624,aned,656
1791362231,proc,1290,71728,ControlCenter,35600
1791362231,proc,1643,32448,Ollama,27072
1791362231,proc,1664,15552,ollama,15200
1791362231,proc,12197,3308512,Python,1668800
1791362231,proc,12305,95488,MTLCompilerService,0
1791362231,proc,13918,58608,node,0
1791362231,proc,14165,3232,translationd,3280
1791362231,proc,22597,1440,GenerativeExperiencesSafetyInferenceProvider,1504
1791362231,proc,24758,7808,intelligenceflowd,7776
1791362231,proc,38974,215344,Claude,178400
1791362231,proc,39063,721488,Claude Helper (Renderer),341952
1791362231,proc,63538,3072,intelligencecontextd,1152
1791362231,proc,65475,255904,claude,181760
1791362231,proc,69280,752,intelligencetasksd,800
1791362231,proc,72488,1168,AppleIntelligenceReportingProcessingService,1216
1791362231,proc,76300,1088,IntelligencePlatformComputeService,1136
1791362231,proc,82708,640,ANECompilerService,672
1791362231,proc,89138,1648,generativeexperiencesd,1696
1791362231,sys,9029425,50,16453,
1791362232,proc,623,104240,WindowServer,81360
1791362232,proc,1081,624,aned,656
1791362232,proc,1290,71728,ControlCenter,35600
1791362232,proc,1643,32448,Ollama,27072
1791362232,proc,1664,15552,ollama,15200
1791362232,proc,12197,3308512,Python,1668800
1791362232,proc,12305,95488,MTLCompilerService,0
1791362232,proc,13918,58608,node,0
1791362232,proc,14165,3232,translationd,3280
1791362232,proc,22597,1440,GenerativeExperiencesSafetyInferenceProvider,1504
1791362232,proc,24758,7808,intelligenceflowd,7776
1791362232,proc,38974,215248,Claude,178400
1791362232,proc,39063,721488,Claude Helper (Renderer),341952
1791362232,proc,63538,3072,intelligencecontextd,1152
1791362232,proc,65475,255792,claude,181760
1791362232,proc,69280,752,intelligencetasksd,800
1791362232,proc,72488,1168,AppleIntelligenceReportingProcessingService,1216
1791362232,proc,76300,1088,IntelligencePlatformComputeService,1136
1791362232,proc,82708,640,ANECompilerService,672
1791362232,proc,89138,1648,generativeexperiencesd,1696
1791362232,sys,9029425,50,16596,
1791362233,proc,623,104240,WindowServer,81360
1791362233,proc,1081,624,aned,656
1791362233,proc,1290,71728,ControlCenter,35600
1791362233,proc,1643,32448,Ollama,27072
1791362233,proc,1664,15552,ollama,15200
1791362233,proc,12197,3308512,Python,1668800
1791362233,proc,12305,95488,MTLCompilerService,0
1791362233,proc,13918,58608,node,0
1791362233,proc,14165,3232,translationd,3280
1791362233,proc,22597,1440,GenerativeExperiencesSafetyInferenceProvider,1504
1791362233,proc,24758,7808,intelligenceflowd,7776
1791362233,proc,38974,215248,Claude,178400
1791362233,proc,39063,721488,Claude Helper (Renderer),341952
1791362233,proc,63538,3072,intelligencecontextd,1152
1791362233,proc,65475,255792,claude,181760
1791362233,proc,69280,752,intelligencetasksd,800
1791362233,proc,72488,1168,AppleIntelligenceReportingProcessingService,1216
1791362233,proc,76300,1088,IntelligencePlatformComputeService,1136
1791362233,proc,82708,640,ANECompilerService,672
1791362233,proc,89138,1648,generativeexperiencesd,1696
1791362233,sys,9029425,51,16658,
1791362234,proc,623,104240,WindowServer,81360
1791362234,proc,1081,624,aned,656
1791362234,proc,1290,71728,ControlCenter,35600
1791362234,proc,1643,32448,Ollama,27072
1791362234,proc,1664,15552,ollama,15200
1791362234,proc,12197,3308512,Python,1668800
1791362234,proc,12305,95488,MTLCompilerService,0
1791362234,proc,13918,58608,node,0
1791362234,proc,14165,3232,translationd,3280
1791362234,proc,22597,1440,GenerativeExperiencesSafetyInferenceProvider,1504
1791362234,proc,24758,7808,intelligenceflowd,7776
1791362234,proc,38974,215248,Claude,178400
1791362234,proc,39063,721488,Claude Helper (Renderer),341952
1791362234,proc,63538,3072,intelligencecontextd,1152
1791362234,proc,65475,255808,claude,181760
1791362234,proc,69280,752,intelligencetasksd,800
1791362234,proc,72488,1168,AppleIntelligenceReportingProcessingService,1216
1791362234,proc,76300,1088,IntelligencePlatformComputeService,1136
1791362234,proc,82708,640,ANECompilerService,672
1791362234,proc,89138,1648,generativeexperiencesd,1696
1791362234,sys,9029425,51,16022,
1791362235,proc,623,104240,WindowServer,81360
1791362235,proc,1081,624,aned,656
1791362235,proc,1290,71728,ControlCenter,35600
1791362235,proc,1643,32448,Ollama,27072
1791362235,proc,1664,15552,ollama,15200
1791362235,proc,12197,3308512,Python,1668800
1791362235,proc,12305,95488,MTLCompilerService,0
1791362235,proc,13918,58608,node,0
1791362235,proc,14165,3232,translationd,3280
1791362235,proc,22597,1440,GenerativeExperiencesSafetyInferenceProvider,1504
1791362235,proc,24758,7808,intelligenceflowd,7776
1791362235,proc,38974,215248,Claude,178400
1791362235,proc,39063,721504,Claude Helper (Renderer),341952
1791362235,proc,63538,3072,intelligencecontextd,1152
1791362235,proc,65475,255808,claude,181760
1791362235,proc,69280,752,intelligencetasksd,800
1791362235,proc,72488,1168,AppleIntelligenceReportingProcessingService,1216
1791362235,proc,76300,1088,IntelligencePlatformComputeService,1136
1791362235,proc,82708,640,ANECompilerService,672
1791362235,proc,89138,1648,generativeexperiencesd,1696
1791362235,sys,9029425,51,14046,
1791362236,proc,623,104240,WindowServer,81360
1791362236,proc,1081,624,aned,656
1791362236,proc,1290,71728,ControlCenter,35600
1791362236,proc,1643,32448,Ollama,27072
1791362236,proc,1664,15552,ollama,15200
1791362236,proc,12197,3308512,Python,1668800
1791362236,proc,12305,95488,MTLCompilerService,0
1791362236,proc,13918,58608,node,0
1791362236,proc,14165,3232,translationd,3280
1791362236,proc,22597,1440,GenerativeExperiencesSafetyInferenceProvider,1504
1791362236,proc,24758,7808,intelligenceflowd,7776
1791362236,proc,38974,215248,Claude,178400
1791362236,proc,39063,721504,Claude Helper (Renderer),341952
1791362236,proc,63538,3072,intelligencecontextd,1152
1791362236,proc,65475,255808,claude,181760
1791362236,proc,69280,752,intelligencetasksd,800
1791362236,proc,72488,1168,AppleIntelligenceReportingProcessingService,1216
1791362236,proc,76300,1088,IntelligencePlatformComputeService,1136
1791362236,proc,82708,640,ANECompilerService,672
1791362236,proc,89138,1648,generativeexperiencesd,1696
1791362236,sys,9029425,51,18224,
1791362237,proc,623,104224,WindowServer,81360
1791362237,proc,1081,624,aned,656
1791362237,proc,1290,71712,ControlCenter,35600
1791362237,proc,1643,32448,Ollama,27072
1791362237,proc,1664,15552,ollama,15200
1791362237,proc,12197,3308512,Python,1668800
1791362237,proc,12305,95488,MTLCompilerService,0
1791362237,proc,13918,58608,node,0
1791362237,proc,14165,3232,translationd,3280
1791362237,proc,22597,1440,GenerativeExperiencesSafetyInferenceProvider,1504
1791362237,proc,24758,7808,intelligenceflowd,7776
1791362237,proc,38974,215248,Claude,178400
1791362237,proc,39063,721504,Claude Helper (Renderer),341952
1791362237,proc,63538,3072,intelligencecontextd,1152
1791362237,proc,65475,255808,claude,181760
1791362237,proc,69280,752,intelligencetasksd,800
1791362237,proc,72488,1168,AppleIntelligenceReportingProcessingService,1216
1791362237,proc,76300,1088,IntelligencePlatformComputeService,1136
1791362237,proc,82708,640,ANECompilerService,672
1791362237,proc,89138,1648,generativeexperiencesd,1696
1791362237,sys,9029425,51,17497,
1791362238,proc,623,104208,WindowServer,81360
1791362238,proc,1081,624,aned,656
1791362238,proc,1290,71712,ControlCenter,35600
1791362238,proc,1643,32448,Ollama,27072
1791362238,proc,1664,15552,ollama,15200
1791362238,proc,12197,3308512,Python,1668800
1791362238,proc,12305,95488,MTLCompilerService,0
1791362238,proc,13918,58624,node,0
1791362238,proc,14165,3232,translationd,3280
1791362238,proc,22597,1440,GenerativeExperiencesSafetyInferenceProvider,1504
1791362238,proc,24758,7808,intelligenceflowd,7776
1791362238,proc,38974,215248,Claude,178400
1791362238,proc,39063,721504,Claude Helper (Renderer),341952
1791362238,proc,63538,3072,intelligencecontextd,1152
1791362238,proc,65475,255808,claude,181760
1791362238,proc,69280,752,intelligencetasksd,800
1791362238,proc,72488,1168,AppleIntelligenceReportingProcessingService,1216
1791362238,proc,76300,1088,IntelligencePlatformComputeService,1136
1791362238,proc,82708,640,ANECompilerService,672
1791362238,proc,89138,1648,generativeexperiencesd,1696
1791362238,sys,9029425,51,17790,
1791362239,proc,623,104208,WindowServer,81360
1791362239,proc,1081,624,aned,656
1791362239,proc,1290,71712,ControlCenter,35600
1791362239,proc,1643,32448,Ollama,27072
1791362239,proc,1664,15552,ollama,15200
1791362239,proc,12197,3308512,Python,1668800
1791362239,proc,12305,95488,MTLCompilerService,0
1791362239,proc,13918,58624,node,0
1791362239,proc,14165,3232,translationd,3280
1791362239,proc,22597,1440,GenerativeExperiencesSafetyInferenceProvider,1504
1791362239,proc,24758,7808,intelligenceflowd,7776
1791362239,proc,38974,215248,Claude,178400
1791362239,proc,39063,721504,Claude Helper (Renderer),341952
1791362239,proc,63538,3072,intelligencecontextd,1152
1791362239,proc,65475,255808,claude,181760
1791362239,proc,69280,752,intelligencetasksd,800
1791362239,proc,72488,1168,AppleIntelligenceReportingProcessingService,1216
1791362239,proc,76300,1088,IntelligencePlatformComputeService,1136
1791362239,proc,82708,640,ANECompilerService,672
1791362239,proc,89138,1648,generativeexperiencesd,1696
1791362239,sys,9029425,51,15508,
1791362240,proc,623,104208,WindowServer,81360
1791362240,proc,1081,624,aned,656
1791362240,proc,1290,71712,ControlCenter,35600
1791362240,proc,1643,32448,Ollama,27072
1791362240,proc,1664,15552,ollama,15200
1791362240,proc,12197,3308512,Python,1668800
1791362240,proc,12305,95488,MTLCompilerService,0
1791362240,proc,13918,58624,node,0
1791362240,proc,14165,3232,translationd,3280
1791362240,proc,22597,1440,GenerativeExperiencesSafetyInferenceProvider,1504
1791362240,proc,24758,7808,intelligenceflowd,7776
1791362240,proc,38974,215280,Claude,178400
1791362240,proc,39063,721504,Claude Helper (Renderer),341952
1791362240,proc,63538,3072,intelligencecontextd,1152
1791362240,proc,65475,255984,claude,181760
1791362240,proc,69280,752,intelligencetasksd,800
1791362240,proc,72488,1168,AppleIntelligenceReportingProcessingService,1216
1791362240,proc,76300,1088,IntelligencePlatformComputeService,1136
1791362240,proc,82708,640,ANECompilerService,672
1791362240,proc,89138,1648,generativeexperiencesd,1696
1791362240,sys,9029425,51,15517,
1791362241,proc,623,104208,WindowServer,81360
1791362241,proc,1081,624,aned,656
1791362241,proc,1290,71712,ControlCenter,35600
1791362241,proc,1643,32448,Ollama,27072
1791362241,proc,1664,15552,ollama,15200
1791362241,proc,12197,3308512,Python,1668800
1791362241,proc,12305,95488,MTLCompilerService,0
1791362241,proc,13918,58624,node,0
1791362241,proc,14165,3232,translationd,3280
1791362241,proc,22597,1440,GenerativeExperiencesSafetyInferenceProvider,1504
1791362241,proc,24758,7808,intelligenceflowd,7776
1791362241,proc,38974,215360,Claude,178400
1791362241,proc,39063,720816,Claude Helper (Renderer),341952
1791362241,proc,63538,3072,intelligencecontextd,1152
1791362241,proc,65475,255984,claude,181760
1791362241,proc,69280,752,intelligencetasksd,800
1791362241,proc,72488,1168,AppleIntelligenceReportingProcessingService,1216
1791362241,proc,76300,1088,IntelligencePlatformComputeService,1136
1791362241,proc,82708,640,ANECompilerService,672
1791362241,proc,89138,1648,generativeexperiencesd,1696
1791362241,sys,9029425,51,15689,
1791362242,proc,623,104208,WindowServer,81360
1791362242,proc,1081,624,aned,656
1791362242,proc,1290,71712,ControlCenter,35600
1791362242,proc,1643,32448,Ollama,27072
1791362242,proc,1664,15552,ollama,15200
1791362242,proc,12197,3308512,Python,1668800
1791362242,proc,12305,95488,MTLCompilerService,0
1791362242,proc,13918,58624,node,0
1791362242,proc,14165,3232,translationd,3280
1791362242,proc,22597,1440,GenerativeExperiencesSafetyInferenceProvider,1504
1791362242,proc,24758,7808,intelligenceflowd,7776
1791362242,proc,38974,215360,Claude,178400
1791362242,proc,39063,720816,Claude Helper (Renderer),341952
1791362242,proc,63538,3072,intelligencecontextd,1152
1791362242,proc,65475,255984,claude,181760
1791362242,proc,69280,752,intelligencetasksd,800
1791362242,proc,72488,1168,AppleIntelligenceReportingProcessingService,1216
1791362242,proc,76300,1088,IntelligencePlatformComputeService,1136
1791362242,proc,82708,640,ANECompilerService,672
1791362242,proc,89138,1648,generativeexperiencesd,1696
1791362242,sys,9029425,51,17080,
1791362243,proc,623,102848,WindowServer,81360
1791362243,proc,1081,624,aned,656
1791362243,proc,1290,71712,ControlCenter,35600
1791362243,proc,1643,32448,Ollama,27072
1791362243,proc,1664,15552,ollama,15200
1791362243,proc,12197,3308064,Python,1668800
1791362243,proc,12305,95488,MTLCompilerService,0
1791362243,proc,14165,3232,translationd,3280
1791362243,proc,16043,58304,node,0
1791362243,proc,22597,1440,GenerativeExperiencesSafetyInferenceProvider,1504
1791362243,proc,24758,7808,intelligenceflowd,7776
1791362243,proc,38974,215760,Claude,178400
1791362243,proc,39063,720816,Claude Helper (Renderer),341952
1791362243,proc,63538,3072,intelligencecontextd,1152
1791362243,proc,65475,256016,claude,181760
1791362243,proc,69280,752,intelligencetasksd,800
1791362243,proc,72488,1168,AppleIntelligenceReportingProcessingService,1216
1791362243,proc,76300,1088,IntelligencePlatformComputeService,1136
1791362243,proc,82708,640,ANECompilerService,672
1791362243,proc,89138,1648,generativeexperiencesd,1696
1791362243,sys,9029425,44,3913,
1791362244,proc,623,102848,WindowServer,81360
1791362244,proc,1081,624,aned,656
1791362244,proc,1290,71712,ControlCenter,35600
1791362244,proc,1643,32448,Ollama,27072
1791362244,proc,1664,15552,ollama,15200
1791362244,proc,12197,3307936,Python,1668800
1791362244,proc,12305,95488,MTLCompilerService,0
1791362244,proc,14165,3232,translationd,3280
1791362244,proc,16043,58304,node,0
1791362244,proc,16077,22160,mdworker_shared,0
1791362244,proc,22597,1440,GenerativeExperiencesSafetyInferenceProvider,1504
1791362244,proc,24758,7808,intelligenceflowd,7776
1791362244,proc,38974,215808,Claude,178400
1791362244,proc,39063,720816,Claude Helper (Renderer),341952
1791362244,proc,63538,3072,intelligencecontextd,1152
1791362244,proc,65475,256016,claude,181760
1791362244,proc,69280,752,intelligencetasksd,800
1791362244,proc,72488,1168,AppleIntelligenceReportingProcessingService,1216
1791362244,proc,76300,1088,IntelligencePlatformComputeService,1136
1791362244,proc,82708,640,ANECompilerService,672
1791362244,proc,89138,1648,generativeexperiencesd,1696
1791362244,sys,9029425,44,66464,
1791362245,proc,623,102864,WindowServer,81360
1791362245,proc,1081,624,aned,656
1791362245,proc,1290,71712,ControlCenter,35600
1791362245,proc,1643,32448,Ollama,27072
1791362245,proc,1664,15552,ollama,15200
1791362245,proc,12197,3307936,Python,1668800
1791362245,proc,12305,95488,MTLCompilerService,0
1791362245,proc,14165,3232,translationd,3280
1791362245,proc,16043,58304,node,0
1791362245,proc,16077,22160,mdworker_shared,0
1791362245,proc,22597,1440,GenerativeExperiencesSafetyInferenceProvider,1504
1791362245,proc,24758,7808,intelligenceflowd,7776
1791362245,proc,38974,215808,Claude,178400
1791362245,proc,39063,720816,Claude Helper (Renderer),341952
1791362245,proc,63538,3072,intelligencecontextd,1152
1791362245,proc,65475,256016,claude,181760
1791362245,proc,69280,752,intelligencetasksd,800
1791362245,proc,72488,1168,AppleIntelligenceReportingProcessingService,1216
1791362245,proc,76300,1088,IntelligencePlatformComputeService,1136
1791362245,proc,82708,640,ANECompilerService,672
1791362245,proc,89138,1648,generativeexperiencesd,1696
1791362245,sys,9029425,44,65853,
1791362247,proc,623,102880,WindowServer,81360
1791362247,proc,1081,624,aned,656
1791362247,proc,1290,71712,ControlCenter,35600
1791362247,proc,1643,32448,Ollama,27072
1791362247,proc,1664,15552,ollama,15200
1791362247,proc,12197,3308112,Python,1668800
1791362247,proc,12305,95488,MTLCompilerService,0
1791362247,proc,14165,3232,translationd,3280
1791362247,proc,16043,58320,node,0
1791362247,proc,16077,22160,mdworker_shared,0
1791362247,proc,22597,1440,GenerativeExperiencesSafetyInferenceProvider,1504
1791362247,proc,24758,7808,intelligenceflowd,7776
1791362247,proc,38974,215808,Claude,178400
1791362247,proc,39063,720816,Claude Helper (Renderer),341952
1791362247,proc,63538,3072,intelligencecontextd,1152
1791362247,proc,65475,256016,claude,181760
1791362247,proc,69280,752,intelligencetasksd,800
1791362247,proc,72488,1168,AppleIntelligenceReportingProcessingService,1216
1791362247,proc,76300,1088,IntelligencePlatformComputeService,1136
1791362247,proc,82708,640,ANECompilerService,672
1791362247,proc,89138,1648,generativeexperiencesd,1696
1791362247,sys,9029425,44,69333,
1791362248,proc,623,102896,WindowServer,81360
1791362248,proc,1081,624,aned,656
1791362248,proc,1290,71712,ControlCenter,35600
1791362248,proc,1643,32448,Ollama,27072
1791362248,proc,1664,15552,ollama,15200
1791362248,proc,12197,3308112,Python,1668800
1791362248,proc,12305,95488,MTLCompilerService,0
1791362248,proc,14165,3232,translationd,3280
1791362248,proc,16043,58352,node,0
1791362248,proc,16077,22160,mdworker_shared,0
1791362248,proc,22597,1440,GenerativeExperiencesSafetyInferenceProvider,1504
1791362248,proc,24758,7808,intelligenceflowd,7776
1791362248,proc,38974,215808,Claude,178400
1791362248,proc,39063,720832,Claude Helper (Renderer),341952
1791362248,proc,63538,3072,intelligencecontextd,1152
1791362248,proc,65475,256016,claude,181760
1791362248,proc,69280,752,intelligencetasksd,800
1791362248,proc,72488,1168,AppleIntelligenceReportingProcessingService,1216
1791362248,proc,76300,1088,IntelligencePlatformComputeService,1136
1791362248,proc,82708,640,ANECompilerService,672
1791362248,proc,89138,1648,generativeexperiencesd,1696
1791362248,sys,9029425,44,70840,
1791362249,proc,623,102832,WindowServer,81360
1791362249,proc,1081,624,aned,656
1791362249,proc,1290,71712,ControlCenter,35600
1791362249,proc,1643,32448,Ollama,27072
1791362249,proc,1664,15552,ollama,15200
1791362249,proc,12197,3308112,Python,1668800
1791362249,proc,12305,95488,MTLCompilerService,0
1791362249,proc,14165,3232,translationd,3280
1791362249,proc,16043,58320,node,0
1791362249,proc,16077,22160,mdworker_shared,0
1791362249,proc,22597,1440,GenerativeExperiencesSafetyInferenceProvider,1504
1791362249,proc,24758,7808,intelligenceflowd,7776
1791362249,proc,38974,215808,Claude,178400
1791362249,proc,39063,720832,Claude Helper (Renderer),341952
1791362249,proc,63538,3072,intelligencecontextd,1152
1791362249,proc,65475,256016,claude,181760
1791362249,proc,69280,752,intelligencetasksd,800
1791362249,proc,72488,1168,AppleIntelligenceReportingProcessingService,1216
1791362249,proc,76300,1088,IntelligencePlatformComputeService,1136
1791362249,proc,82708,640,ANECompilerService,672
1791362249,proc,89138,1648,generativeexperiencesd,1696
1791362249,sys,9029425,50,69112,
1791362250,proc,623,102832,WindowServer,81360
1791362250,proc,1081,624,aned,656
1791362250,proc,1290,71712,ControlCenter,35600
1791362250,proc,1643,32448,Ollama,27072
1791362250,proc,1664,15552,ollama,15200
1791362250,proc,12197,3308112,Python,1668800
1791362250,proc,12305,95488,MTLCompilerService,0
1791362250,proc,14165,3232,translationd,3280
1791362250,proc,16043,58320,node,0
1791362250,proc,16077,22128,mdworker_shared,0
1791362250,proc,22597,1440,GenerativeExperiencesSafetyInferenceProvider,1504
1791362250,proc,24758,7808,intelligenceflowd,7776
1791362250,proc,38974,215872,Claude,178400
1791362250,proc,39063,720832,Claude Helper (Renderer),341952
1791362250,proc,63538,3072,intelligencecontextd,1152
1791362250,proc,65475,256016,claude,181760
1791362250,proc,69280,752,intelligencetasksd,800
1791362250,proc,72488,1168,AppleIntelligenceReportingProcessingService,1216
1791362250,proc,76300,1088,IntelligencePlatformComputeService,1136
1791362250,proc,82708,640,ANECompilerService,672
1791362250,proc,89138,1648,generativeexperiencesd,1696
1791362250,sys,9029425,50,69838,
1791362251,proc,623,102832,WindowServer,81360
1791362251,proc,1081,624,aned,656
1791362251,proc,1290,71712,ControlCenter,35600
1791362251,proc,1643,32448,Ollama,27072
1791362251,proc,1664,15552,ollama,15200
1791362251,proc,12197,3308112,Python,1668800
1791362251,proc,12305,95488,MTLCompilerService,0
1791362251,proc,14165,3232,translationd,3280
1791362251,proc,16043,57968,node,0
1791362251,proc,16077,22128,mdworker_shared,0
1791362251,proc,22597,1440,GenerativeExperiencesSafetyInferenceProvider,1504
1791362251,proc,24758,7808,intelligenceflowd,7776
1791362251,proc,38974,215872,Claude,178400
1791362251,proc,39063,720832,Claude Helper (Renderer),341952
1791362251,proc,63538,3072,intelligencecontextd,1152
1791362251,proc,65475,256016,claude,181760
1791362251,proc,69280,752,intelligencetasksd,800
1791362251,proc,72488,1168,AppleIntelligenceReportingProcessingService,1216
1791362251,proc,76300,1088,IntelligencePlatformComputeService,1136
1791362251,proc,82708,640,ANECompilerService,672
1791362251,proc,89138,1648,generativeexperiencesd,1696
1791362251,sys,9029425,50,69286,
1791362252,proc,623,102848,WindowServer,81360
1791362252,proc,1081,624,aned,656
1791362252,proc,1290,71712,ControlCenter,35600
1791362252,proc,1643,32448,Ollama,27072
1791362252,proc,1664,15552,ollama,15200
1791362252,proc,12197,3308112,Python,1668800
1791362252,proc,12305,95488,MTLCompilerService,0
1791362252,proc,14165,3232,translationd,3280
1791362252,proc,16043,57056,node,0
1791362252,proc,16077,22128,mdworker_shared,0
1791362252,proc,22597,1440,GenerativeExperiencesSafetyInferenceProvider,1504
1791362252,proc,24758,7808,intelligenceflowd,7776
1791362252,proc,38974,215872,Claude,178400
1791362252,proc,39063,720832,Claude Helper (Renderer),341952
1791362252,proc,63538,3072,intelligencecontextd,1152
1791362252,proc,65475,256112,claude,181760
1791362252,proc,69280,752,intelligencetasksd,800
1791362252,proc,72488,1168,AppleIntelligenceReportingProcessingService,1216
1791362252,proc,76300,1088,IntelligencePlatformComputeService,1136
1791362252,proc,82708,640,ANECompilerService,672
1791362252,proc,89138,1648,generativeexperiencesd,1696
1791362252,sys,9029425,50,75369,
1791362253,proc,623,102832,WindowServer,81360
1791362253,proc,1081,624,aned,656
1791362253,proc,1290,71712,ControlCenter,35600
1791362253,proc,1643,32448,Ollama,27072
1791362253,proc,1664,15552,ollama,15200
1791362253,proc,12197,3308112,Python,1668800
1791362253,proc,12305,95488,MTLCompilerService,0
1791362253,proc,14165,3232,translationd,3280
1791362253,proc,16043,57056,node,0
1791362253,proc,16077,22128,mdworker_shared,0
1791362253,proc,22597,1440,GenerativeExperiencesSafetyInferenceProvider,1504
1791362253,proc,24758,7808,intelligenceflowd,7776
1791362253,proc,38974,215872,Claude,178400
1791362253,proc,39063,720832,Claude Helper (Renderer),341952
1791362253,proc,63538,3072,intelligencecontextd,1152
1791362253,proc,65475,256112,claude,181760
1791362253,proc,69280,752,intelligencetasksd,800
1791362253,proc,72488,1168,AppleIntelligenceReportingProcessingService,1216
1791362253,proc,76300,1088,IntelligencePlatformComputeService,1136
1791362253,proc,82708,640,ANECompilerService,672
1791362253,proc,89138,1648,generativeexperiencesd,1696
1791362253,sys,9029425,50,75426,
1791362254,proc,623,102816,WindowServer,81360
1791362254,proc,1081,624,aned,656
1791362254,proc,1290,71712,ControlCenter,35600
1791362254,proc,1643,32448,Ollama,27072
1791362254,proc,1664,15552,ollama,15200
1791362254,proc,12197,3308112,Python,1668800
1791362254,proc,12305,95488,MTLCompilerService,0
1791362254,proc,14165,3232,translationd,3280
1791362254,proc,16043,57040,node,0
1791362254,proc,16077,22128,mdworker_shared,0
1791362254,proc,22597,1440,GenerativeExperiencesSafetyInferenceProvider,1504
1791362254,proc,24758,7808,intelligenceflowd,7776
1791362254,proc,38974,215872,Claude,178400
1791362254,proc,39063,720832,Claude Helper (Renderer),341952
1791362254,proc,63538,3072,intelligencecontextd,1152
1791362254,proc,65475,256112,claude,181760
1791362254,proc,69280,752,intelligencetasksd,800
1791362254,proc,72488,1168,AppleIntelligenceReportingProcessingService,1216
1791362254,proc,76300,1088,IntelligencePlatformComputeService,1136
1791362254,proc,82708,640,ANECompilerService,672
1791362254,proc,89138,1648,generativeexperiencesd,1696
1791362254,sys,9029425,51,76222,
1791362255,proc,623,102816,WindowServer,81360
1791362255,proc,1081,624,aned,656
1791362255,proc,1290,71712,ControlCenter,35600
1791362255,proc,1643,32448,Ollama,27072
1791362255,proc,1664,15552,ollama,15200
1791362255,proc,12197,3308400,Python,1668800
1791362255,proc,12305,95488,MTLCompilerService,0
1791362255,proc,14165,3232,translationd,3280
1791362255,proc,16043,57040,node,0
1791362255,proc,16077,22128,mdworker_shared,0
1791362255,proc,22597,1440,GenerativeExperiencesSafetyInferenceProvider,1504
1791362255,proc,24758,7808,intelligenceflowd,7776
1791362255,proc,38974,215872,Claude,178400
1791362255,proc,39063,720848,Claude Helper (Renderer),341952
1791362255,proc,63538,3072,intelligencecontextd,1152
1791362255,proc,65475,256112,claude,181760
1791362255,proc,69280,752,intelligencetasksd,800
1791362255,proc,72488,1168,AppleIntelligenceReportingProcessingService,1216
1791362255,proc,76300,1088,IntelligencePlatformComputeService,1136
1791362255,proc,82708,640,ANECompilerService,672
1791362255,proc,89138,1648,generativeexperiencesd,1696
1791362255,sys,9029425,51,77727,
1791362256,proc,623,102816,WindowServer,81360
1791362256,proc,1081,624,aned,656
1791362256,proc,1290,71712,ControlCenter,35600
1791362256,proc,1643,32448,Ollama,27072
1791362256,proc,1664,15552,ollama,15200
1791362256,proc,12197,3308464,Python,1668800
1791362256,proc,12305,95488,MTLCompilerService,0
1791362256,proc,14165,3232,translationd,3280
1791362256,proc,16043,57040,node,0
1791362256,proc,16077,22128,mdworker_shared,0
1791362256,proc,22597,1440,GenerativeExperiencesSafetyInferenceProvider,1504
1791362256,proc,24758,7840,intelligenceflowd,7776
1791362256,proc,38974,215872,Claude,178400
1791362256,proc,39063,720848,Claude Helper (Renderer),341952
1791362256,proc,63538,3072,intelligencecontextd,1152
1791362256,proc,65475,256192,claude,181760
1791362256,proc,69280,752,intelligencetasksd,800
1791362256,proc,72488,1168,AppleIntelligenceReportingProcessingService,1216
1791362256,proc,76300,1088,IntelligencePlatformComputeService,1136
1791362256,proc,82708,640,ANECompilerService,672
1791362256,proc,89138,1648,generativeexperiencesd,1696
1791362256,sys,9029425,51,76499,
1791362257,proc,623,102816,WindowServer,81360
1791362257,proc,1081,624,aned,656
1791362257,proc,1290,71712,ControlCenter,35600
1791362257,proc,1643,32448,Ollama,27072
1791362257,proc,1664,15552,ollama,15200
1791362257,proc,12197,3308464,Python,1668800
1791362257,proc,12305,95488,MTLCompilerService,0
1791362257,proc,14165,3232,translationd,3280
1791362257,proc,16043,57040,node,0
1791362257,proc,16077,22128,mdworker_shared,0
1791362257,proc,22597,1440,GenerativeExperiencesSafetyInferenceProvider,1504
1791362257,proc,24758,7840,intelligenceflowd,7776
1791362257,proc,38974,215872,Claude,178400
1791362257,proc,39063,720848,Claude Helper (Renderer),341952
1791362257,proc,63538,3072,intelligencecontextd,1152
1791362257,proc,65475,256192,claude,181760
1791362257,proc,69280,752,intelligencetasksd,800
1791362257,proc,72488,1168,AppleIntelligenceReportingProcessingService,1216
1791362257,proc,76300,1088,IntelligencePlatformComputeService,1136
1791362257,proc,82708,640,ANECompilerService,672
1791362257,proc,89138,1648,generativeexperiencesd,1696
1791362257,sys,9029425,51,76238,
1791362258,proc,623,102816,WindowServer,81360
1791362258,proc,1081,624,aned,656
1791362258,proc,1290,71712,ControlCenter,35600
1791362258,proc,1643,32448,Ollama,27072
1791362258,proc,1664,15552,ollama,15200
1791362258,proc,12197,3308464,Python,1668800
1791362258,proc,12305,95488,MTLCompilerService,0
1791362258,proc,14165,3232,translationd,3280
1791362258,proc,16043,57040,node,0
1791362258,proc,16077,22128,mdworker_shared,0
1791362258,proc,22597,1440,GenerativeExperiencesSafetyInferenceProvider,1504
1791362258,proc,24758,7840,intelligenceflowd,7776
1791362258,proc,38974,215872,Claude,178400
1791362258,proc,39063,720848,Claude Helper (Renderer),341952
1791362258,proc,63538,3072,intelligencecontextd,1152
1791362258,proc,65475,256272,claude,181760
1791362258,proc,69280,752,intelligencetasksd,800
1791362258,proc,72488,1168,AppleIntelligenceReportingProcessingService,1216
1791362258,proc,76300,1088,IntelligencePlatformComputeService,1136
1791362258,proc,82708,640,ANECompilerService,672
1791362258,proc,89138,1648,generativeexperiencesd,1696
1791362258,sys,9029425,51,76015,
1791362259,proc,623,102816,WindowServer,81360
1791362259,proc,1081,624,aned,656
1791362259,proc,1290,71712,ControlCenter,35600
1791362259,proc,1643,32448,Ollama,27072
1791362259,proc,1664,15552,ollama,15200
1791362259,proc,12197,3308464,Python,1668800
1791362259,proc,12305,95488,MTLCompilerService,0
1791362259,proc,14165,3232,translationd,3280
1791362259,proc,16043,57040,node,0
1791362259,proc,16077,22128,mdworker_shared,0
1791362259,proc,22597,1440,GenerativeExperiencesSafetyInferenceProvider,1504
1791362259,proc,24758,7840,intelligenceflowd,7776
1791362259,proc,38974,216176,Claude,178400
1791362259,proc,39063,720848,Claude Helper (Renderer),341952
1791362259,proc,63538,3072,intelligencecontextd,1152
1791362259,proc,65475,256304,claude,181760
1791362259,proc,69280,752,intelligencetasksd,800
1791362259,proc,72488,1168,AppleIntelligenceReportingProcessingService,1216
1791362259,proc,76300,1088,IntelligencePlatformComputeService,1136
1791362259,proc,82708,640,ANECompilerService,672
1791362259,proc,89138,1648,generativeexperiencesd,1696
1791362259,sys,9029425,51,76181,
1791362260,proc,623,102816,WindowServer,81360
1791362260,proc,1081,624,aned,656
1791362260,proc,1290,71712,ControlCenter,35600
1791362260,proc,1643,32448,Ollama,27072
1791362260,proc,1664,15552,ollama,15200
1791362260,proc,12197,3308464,Python,1668800
1791362260,proc,12305,95488,MTLCompilerService,0
1791362260,proc,14165,3232,translationd,3280
1791362260,proc,16043,57040,node,0
1791362260,proc,16077,22128,mdworker_shared,0
1791362260,proc,22597,1440,GenerativeExperiencesSafetyInferenceProvider,1504
1791362260,proc,24758,7840,intelligenceflowd,7776
1791362260,proc,38974,216176,Claude,178400
1791362260,proc,39063,720848,Claude Helper (Renderer),341952
1791362260,proc,63538,3072,intelligencecontextd,1152
1791362260,proc,65475,256304,claude,181760
1791362260,proc,69280,752,intelligencetasksd,800
1791362260,proc,72488,1168,AppleIntelligenceReportingProcessingService,1216
1791362260,proc,76300,1088,IntelligencePlatformComputeService,1136
1791362260,proc,82708,640,ANECompilerService,672
1791362260,proc,89138,1648,generativeexperiencesd,1696
1791362260,sys,9029425,51,75011,
1791362261,proc,623,102816,WindowServer,81360
1791362261,proc,1081,624,aned,656
1791362261,proc,1290,71728,ControlCenter,35600
1791362261,proc,1643,32448,Ollama,27072
1791362261,proc,1664,15552,ollama,15200
1791362261,proc,12197,3308464,Python,1668800
1791362261,proc,12305,95488,MTLCompilerService,0
1791362261,proc,14165,3232,translationd,3280
1791362261,proc,16043,57040,node,0
1791362261,proc,16077,22128,mdworker_shared,0
1791362261,proc,22597,1440,GenerativeExperiencesSafetyInferenceProvider,1504
1791362261,proc,24758,7840,intelligenceflowd,7776
1791362261,proc,38974,216128,Claude,178400
1791362261,proc,39063,720848,Claude Helper (Renderer),341952
1791362261,proc,63538,3072,intelligencecontextd,1152
1791362261,proc,65475,256208,claude,181760
1791362261,proc,69280,752,intelligencetasksd,800
1791362261,proc,72488,1168,AppleIntelligenceReportingProcessingService,1216
1791362261,proc,76300,1088,IntelligencePlatformComputeService,1136
1791362261,proc,82708,640,ANECompilerService,672
1791362261,proc,89138,1648,generativeexperiencesd,1696
1791362261,sys,9029425,51,74338,
1791362263,proc,623,102832,WindowServer,81360
1791362263,proc,1081,624,aned,656
1791362263,proc,1290,71728,ControlCenter,35600
1791362263,proc,1643,32448,Ollama,27072
1791362263,proc,1664,15552,ollama,15200
1791362263,proc,12197,3308464,Python,1668800
1791362263,proc,12305,95488,MTLCompilerService,0
1791362263,proc,14165,3232,translationd,3280
1791362263,proc,16043,57040,node,0
1791362263,proc,16077,22128,mdworker_shared,0
1791362263,proc,22597,1440,GenerativeExperiencesSafetyInferenceProvider,1504
1791362263,proc,24758,7840,intelligenceflowd,7776
1791362263,proc,38974,216128,Claude,178400
1791362263,proc,39063,720848,Claude Helper (Renderer),341952
1791362263,proc,63538,3072,intelligencecontextd,1152
1791362263,proc,65475,256208,claude,181760
1791362263,proc,69280,752,intelligencetasksd,800
1791362263,proc,72488,1168,AppleIntelligenceReportingProcessingService,1216
1791362263,proc,76300,1088,IntelligencePlatformComputeService,1136
1791362263,proc,82708,640,ANECompilerService,672
1791362263,proc,89138,1648,generativeexperiencesd,1696
1791362263,sys,9029425,51,74196,
1791362264,proc,623,102832,WindowServer,81360
1791362264,proc,1081,624,aned,656
1791362264,proc,1290,71744,ControlCenter,35600
1791362264,proc,1643,32448,Ollama,27072
1791362264,proc,1664,15552,ollama,15200
1791362264,proc,12197,3308464,Python,1668800
1791362264,proc,12305,95488,MTLCompilerService,0
1791362264,proc,14165,3232,translationd,3280
1791362264,proc,16043,57040,node,0
1791362264,proc,16077,22128,mdworker_shared,0
1791362264,proc,22597,1440,GenerativeExperiencesSafetyInferenceProvider,1504
1791362264,proc,24758,7840,intelligenceflowd,7776
1791362264,proc,38974,216128,Claude,178400
1791362264,proc,39063,720848,Claude Helper (Renderer),341952
1791362264,proc,63538,3072,intelligencecontextd,1152
1791362264,proc,65475,256224,claude,181760
1791362264,proc,69280,752,intelligencetasksd,800
1791362264,proc,72488,1168,AppleIntelligenceReportingProcessingService,1216
1791362264,proc,76300,1088,IntelligencePlatformComputeService,1136
1791362264,proc,82708,640,ANECompilerService,672
1791362264,proc,89138,1648,generativeexperiencesd,1696
1791362264,sys,9029425,51,73888,
1791362265,proc,623,102832,WindowServer,81360
1791362265,proc,1081,624,aned,656
1791362265,proc,1290,71744,ControlCenter,35600
1791362265,proc,1643,32448,Ollama,27072
1791362265,proc,1664,15552,ollama,15200
1791362265,proc,12197,3308528,Python,1668800
1791362265,proc,12305,95488,MTLCompilerService,0
1791362265,proc,14165,3232,translationd,3280
1791362265,proc,16043,57040,node,0
1791362265,proc,16077,22128,mdworker_shared,0
1791362265,proc,22597,1440,GenerativeExperiencesSafetyInferenceProvider,1504
1791362265,proc,24758,7840,intelligenceflowd,7776
1791362265,proc,38974,216128,Claude,178400
1791362265,proc,39063,720848,Claude Helper (Renderer),341952
1791362265,proc,63538,3072,intelligencecontextd,1152
1791362265,proc,65475,256224,claude,181760
1791362265,proc,69280,752,intelligencetasksd,800
1791362265,proc,72488,1168,AppleIntelligenceReportingProcessingService,1216
1791362265,proc,76300,1088,IntelligencePlatformComputeService,1136
1791362265,proc,82708,640,ANECompilerService,672
1791362265,proc,89138,1648,generativeexperiencesd,1696
1791362265,sys,9029425,51,75518,
1791362266,proc,623,102832,WindowServer,81360
1791362266,proc,1081,624,aned,656
1791362266,proc,1290,71744,ControlCenter,35600
1791362266,proc,1643,32528,Ollama,27072
1791362266,proc,1664,15552,ollama,15200
1791362266,proc,12197,3308528,Python,1668800
1791362266,proc,12305,95488,MTLCompilerService,0
1791362266,proc,14165,3232,translationd,3280
1791362266,proc,16043,57040,node,0
1791362266,proc,16077,22128,mdworker_shared,0
1791362266,proc,22597,1440,GenerativeExperiencesSafetyInferenceProvider,1504
1791362266,proc,24758,7840,intelligenceflowd,7776
1791362266,proc,38974,216128,Claude,178400
1791362266,proc,39063,720864,Claude Helper (Renderer),341952
1791362266,proc,63538,3072,intelligencecontextd,1152
1791362266,proc,65475,256224,claude,181760
1791362266,proc,69280,752,intelligencetasksd,800
1791362266,proc,72488,1168,AppleIntelligenceReportingProcessingService,1216
1791362266,proc,76300,1088,IntelligencePlatformComputeService,1136
1791362266,proc,82708,640,ANECompilerService,672
1791362266,proc,89138,1648,generativeexperiencesd,1696
1791362266,sys,9029425,51,75865,
1791362267,proc,623,102832,WindowServer,81360
1791362267,proc,1081,624,aned,656
1791362267,proc,1290,71744,ControlCenter,35600
1791362267,proc,1643,32528,Ollama,27072
1791362267,proc,1664,15552,ollama,15200
1791362267,proc,12197,3308528,Python,1668800
1791362267,proc,12305,95488,MTLCompilerService,0
1791362267,proc,14165,3232,translationd,3280
1791362267,proc,16043,57040,node,0
1791362267,proc,16077,22128,mdworker_shared,0
1791362267,proc,22597,1440,GenerativeExperiencesSafetyInferenceProvider,1504
1791362267,proc,24758,7840,intelligenceflowd,7776
1791362267,proc,38974,216128,Claude,178400
1791362267,proc,39063,720864,Claude Helper (Renderer),341952
1791362267,proc,63538,3072,intelligencecontextd,1152
1791362267,proc,65475,256224,claude,181760
1791362267,proc,69280,752,intelligencetasksd,800
1791362267,proc,72488,1168,AppleIntelligenceReportingProcessingService,1216
1791362267,proc,76300,1088,IntelligencePlatformComputeService,1136
1791362267,proc,82708,640,ANECompilerService,672
1791362267,proc,89138,1648,generativeexperiencesd,1696
1791362267,sys,9029425,51,75255,
1791362268,proc,623,102832,WindowServer,81360
1791362268,proc,1081,624,aned,656
1791362268,proc,1290,71744,ControlCenter,35600
1791362268,proc,1643,32528,Ollama,27072
1791362268,proc,1664,15552,ollama,15200
1791362268,proc,12197,3308528,Python,1668800
1791362268,proc,12305,95488,MTLCompilerService,0
1791362268,proc,14165,3232,translationd,3280
1791362268,proc,16043,57040,node,0
1791362268,proc,16077,22128,mdworker_shared,0
1791362268,proc,22597,1440,GenerativeExperiencesSafetyInferenceProvider,1504
1791362268,proc,24758,7840,intelligenceflowd,7776
1791362268,proc,38974,216128,Claude,178400
1791362268,proc,39063,720864,Claude Helper (Renderer),341952
1791362268,proc,63538,3072,intelligencecontextd,1152
1791362268,proc,65475,256224,claude,181760
1791362268,proc,69280,752,intelligencetasksd,800
1791362268,proc,72488,1168,AppleIntelligenceReportingProcessingService,1216
1791362268,proc,76300,1088,IntelligencePlatformComputeService,1136
1791362268,proc,82708,640,ANECompilerService,672
1791362268,proc,89138,1648,generativeexperiencesd,1696
1791362268,sys,9029425,51,75392,
1791362269,proc,623,102832,WindowServer,81360
1791362269,proc,1081,624,aned,656
1791362269,proc,1290,71744,ControlCenter,35600
1791362269,proc,1643,32528,Ollama,27072
1791362269,proc,1664,15552,ollama,15200
1791362269,proc,12197,3308528,Python,1668800
1791362269,proc,12305,95488,MTLCompilerService,0
1791362269,proc,14165,3232,translationd,3280
1791362269,proc,16043,57040,node,0
1791362269,proc,16077,22128,mdworker_shared,0
1791362269,proc,22597,1440,GenerativeExperiencesSafetyInferenceProvider,1504
1791362269,proc,24758,7840,intelligenceflowd,7776
1791362269,proc,38974,216144,Claude,178400
1791362269,proc,39063,720864,Claude Helper (Renderer),341952
1791362269,proc,63538,3072,intelligencecontextd,1152
1791362269,proc,65475,256176,claude,181760
1791362269,proc,69280,752,intelligencetasksd,800
1791362269,proc,72488,1168,AppleIntelligenceReportingProcessingService,1216
1791362269,proc,76300,1088,IntelligencePlatformComputeService,1136
1791362269,proc,82708,640,ANECompilerService,672
1791362269,proc,89138,1648,generativeexperiencesd,1696
1791362269,sys,9029425,51,74167,
1791362270,proc,623,102848,WindowServer,81360
1791362270,proc,1081,624,aned,656
1791362270,proc,1290,71744,ControlCenter,35600
1791362270,proc,1643,32528,Ollama,27072
1791362270,proc,1664,15552,ollama,15200
1791362270,proc,12197,3308528,Python,1668800
1791362270,proc,12305,95488,MTLCompilerService,0
1791362270,proc,14165,3232,translationd,3280
1791362270,proc,16043,57040,node,0
1791362270,proc,16077,22128,mdworker_shared,0
1791362270,proc,22597,1440,GenerativeExperiencesSafetyInferenceProvider,1504
1791362270,proc,24758,7840,intelligenceflowd,7776
1791362270,proc,38974,216144,Claude,178400
1791362270,proc,39063,720864,Claude Helper (Renderer),341952
1791362270,proc,63538,3072,intelligencecontextd,1152
1791362270,proc,65475,256176,claude,181760
1791362270,proc,69280,752,intelligencetasksd,800
1791362270,proc,72488,1168,AppleIntelligenceReportingProcessingService,1216
1791362270,proc,76300,1088,IntelligencePlatformComputeService,1136
1791362270,proc,82708,640,ANECompilerService,672
1791362270,proc,89138,1648,generativeexperiencesd,1696
1791362270,sys,9029425,50,73375,
1791362271,proc,623,102832,WindowServer,81360
1791362271,proc,1081,624,aned,656
1791362271,proc,1290,71744,ControlCenter,35600
1791362271,proc,1643,32528,Ollama,27072
1791362271,proc,1664,15552,ollama,15200
1791362271,proc,12197,3308528,Python,1668800
1791362271,proc,12305,95488,MTLCompilerService,0
1791362271,proc,14165,3232,translationd,3280
1791362271,proc,16043,57056,node,0
1791362271,proc,16077,22128,mdworker_shared,0
1791362271,proc,22597,1440,GenerativeExperiencesSafetyInferenceProvider,1504
1791362271,proc,24758,7840,intelligenceflowd,7776
1791362271,proc,38974,216144,Claude,178400
1791362271,proc,39063,720864,Claude Helper (Renderer),341952
1791362271,proc,63538,3072,intelligencecontextd,1152
1791362271,proc,65475,256176,claude,181760
1791362271,proc,69280,752,intelligencetasksd,800
1791362271,proc,72488,1168,AppleIntelligenceReportingProcessingService,1216
1791362271,proc,76300,1088,IntelligencePlatformComputeService,1136
1791362271,proc,82708,640,ANECompilerService,672
1791362271,proc,89138,1648,generativeexperiencesd,1696
1791362271,sys,9029425,50,73375,
1791362272,proc,623,102832,WindowServer,81360
1791362272,proc,1081,624,aned,656
1791362272,proc,1290,71760,ControlCenter,35600
1791362272,proc,1643,32528,Ollama,27072
1791362272,proc,1664,15552,ollama,15200
1791362272,proc,12197,3308528,Python,1668800
1791362272,proc,12305,95488,MTLCompilerService,0
1791362272,proc,14165,3232,translationd,3280
1791362272,proc,16043,57056,node,0
1791362272,proc,16077,22128,mdworker_shared,0
1791362272,proc,22597,1440,GenerativeExperiencesSafetyInferenceProvider,1504
1791362272,proc,24758,7840,intelligenceflowd,7776
1791362272,proc,38974,216144,Claude,178400
1791362272,proc,39063,720864,Claude Helper (Renderer),341952
1791362272,proc,63538,3072,intelligencecontextd,1152
1791362272,proc,65475,256176,claude,181760
1791362272,proc,69280,752,intelligencetasksd,800
1791362272,proc,72488,1168,AppleIntelligenceReportingProcessingService,1216
1791362272,proc,76300,1088,IntelligencePlatformComputeService,1136
1791362272,proc,82708,640,ANECompilerService,672
1791362272,proc,89138,1648,generativeexperiencesd,1696
1791362272,sys,9029425,50,74235,
1791362273,proc,623,102832,WindowServer,81360
1791362273,proc,1081,624,aned,656
1791362273,proc,1290,71760,ControlCenter,35600
1791362273,proc,1643,32528,Ollama,27072
1791362273,proc,1664,15552,ollama,15200
1791362273,proc,12197,3308544,Python,1668800
1791362273,proc,12305,95488,MTLCompilerService,0
1791362273,proc,14165,3232,translationd,3280
1791362273,proc,16043,57056,node,0
1791362273,proc,16077,22128,mdworker_shared,0
1791362273,proc,22597,1440,GenerativeExperiencesSafetyInferenceProvider,1504
1791362273,proc,24758,7840,intelligenceflowd,7776
1791362273,proc,38974,216144,Claude,178400
1791362273,proc,39063,720864,Claude Helper (Renderer),341952
1791362273,proc,63538,3072,intelligencecontextd,1152
1791362273,proc,65475,256160,claude,181760
1791362273,proc,69280,752,intelligencetasksd,800
1791362273,proc,72488,1168,AppleIntelligenceReportingProcessingService,1216
1791362273,proc,76300,1088,IntelligencePlatformComputeService,1136
1791362273,proc,82708,640,ANECompilerService,672
1791362273,proc,89138,1648,generativeexperiencesd,1696
1791362273,sys,9029425,50,76349,
1791362274,proc,623,102832,WindowServer,81360
1791362274,proc,1081,624,aned,656
1791362274,proc,1290,71728,ControlCenter,35600
1791362274,proc,1643,32528,Ollama,27072
1791362274,proc,1664,15552,ollama,15200
1791362274,proc,12197,3308544,Python,1668800
1791362274,proc,12305,95488,MTLCompilerService,0
1791362274,proc,14165,3232,translationd,3280
1791362274,proc,16043,57056,node,0
1791362274,proc,16077,22128,mdworker_shared,0
1791362274,proc,22597,1440,GenerativeExperiencesSafetyInferenceProvider,1504
1791362274,proc,24758,7840,intelligenceflowd,7776
1791362274,proc,38974,216208,Claude,178400
1791362274,proc,39063,720864,Claude Helper (Renderer),341952
1791362274,proc,63538,3072,intelligencecontextd,1152
1791362274,proc,65475,256160,claude,181760
1791362274,proc,69280,752,intelligencetasksd,800
1791362274,proc,72488,1168,AppleIntelligenceReportingProcessingService,1216
1791362274,proc,76300,1088,IntelligencePlatformComputeService,1136
1791362274,proc,82708,640,ANECompilerService,672
1791362274,proc,89138,1648,generativeexperiencesd,1696
1791362274,sys,9029425,50,74876,
1791362275,proc,623,102832,WindowServer,81360
1791362275,proc,1081,624,aned,656
1791362275,proc,1290,71728,ControlCenter,35600
1791362275,proc,1643,32528,Ollama,27072
1791362275,proc,1664,15552,ollama,15200
1791362275,proc,12197,3308544,Python,1668800
1791362275,proc,12305,95488,MTLCompilerService,0
1791362275,proc,14165,3232,translationd,3280
1791362275,proc,16043,57056,node,0
1791362275,proc,16077,22128,mdworker_shared,0
1791362275,proc,22597,1440,GenerativeExperiencesSafetyInferenceProvider,1504
1791362275,proc,24758,7840,intelligenceflowd,7776
1791362275,proc,38974,216208,Claude,178400
1791362275,proc,39063,720864,Claude Helper (Renderer),341952
1791362275,proc,63538,3072,intelligencecontextd,1152
1791362275,proc,65475,256672,claude,181760
1791362275,proc,69280,752,intelligencetasksd,800
1791362275,proc,72488,1168,AppleIntelligenceReportingProcessingService,1216
1791362275,proc,76300,1088,IntelligencePlatformComputeService,1136
1791362275,proc,82708,640,ANECompilerService,672
1791362275,proc,89138,1648,generativeexperiencesd,1696
1791362275,sys,9029425,51,75726,
1791362276,proc,623,102832,WindowServer,81360
1791362276,proc,1081,624,aned,656
1791362276,proc,1290,71728,ControlCenter,35600
1791362276,proc,1643,32528,Ollama,27072
1791362276,proc,1664,15552,ollama,15200
1791362276,proc,12197,3308544,Python,1668800
1791362276,proc,12305,95488,MTLCompilerService,0
1791362276,proc,14165,3232,translationd,3280
1791362276,proc,16043,57056,node,0
1791362276,proc,16077,22128,mdworker_shared,0
1791362276,proc,22597,1440,GenerativeExperiencesSafetyInferenceProvider,1504
1791362276,proc,24758,7840,intelligenceflowd,7776
1791362276,proc,38974,216224,Claude,178400
1791362276,proc,39063,720864,Claude Helper (Renderer),341952
1791362276,proc,63538,3072,intelligencecontextd,1152
1791362276,proc,65475,256672,claude,181760
1791362276,proc,69280,752,intelligencetasksd,800
1791362276,proc,72488,1168,AppleIntelligenceReportingProcessingService,1216
1791362276,proc,76300,1088,IntelligencePlatformComputeService,1136
1791362276,proc,82708,640,ANECompilerService,672
1791362276,proc,89138,1648,generativeexperiencesd,1696
1791362276,sys,9029425,51,74470,
1791362277,proc,623,102832,WindowServer,81360
1791362277,proc,1081,624,aned,656
1791362277,proc,1290,71856,ControlCenter,35600
1791362277,proc,1643,32528,Ollama,27072
1791362277,proc,1664,15552,ollama,15200
1791362277,proc,12197,3308544,Python,1668800
1791362277,proc,12305,95488,MTLCompilerService,0
1791362277,proc,14165,3232,translationd,3280
1791362277,proc,16043,57056,node,0
1791362277,proc,16077,22128,mdworker_shared,0
1791362277,proc,22597,1440,GenerativeExperiencesSafetyInferenceProvider,1504
1791362277,proc,24758,7840,intelligenceflowd,7776
1791362277,proc,38974,216224,Claude,178400
1791362277,proc,39063,720864,Claude Helper (Renderer),341952
1791362277,proc,63538,3072,intelligencecontextd,1152
1791362277,proc,65475,256672,claude,181760
1791362277,proc,69280,752,intelligencetasksd,800
1791362277,proc,72488,1168,AppleIntelligenceReportingProcessingService,1216
1791362277,proc,76300,1088,IntelligencePlatformComputeService,1136
1791362277,proc,82708,640,ANECompilerService,672
1791362277,proc,89138,1648,generativeexperiencesd,1696
1791362277,sys,9029425,51,74072,
1791362278,proc,623,102832,WindowServer,81360
1791362278,proc,1081,624,aned,656
1791362278,proc,1290,71856,ControlCenter,35600
1791362278,proc,1643,32528,Ollama,27072
1791362278,proc,1664,15552,ollama,15200
1791362278,proc,12197,3308544,Python,1668800
1791362278,proc,12305,95488,MTLCompilerService,0
1791362278,proc,14165,3232,translationd,3280
1791362278,proc,16043,57056,node,0
1791362278,proc,16077,22128,mdworker_shared,0
1791362278,proc,22597,1440,GenerativeExperiencesSafetyInferenceProvider,1504
1791362278,proc,24758,7840,intelligenceflowd,7776
1791362278,proc,38974,216224,Claude,178400
1791362278,proc,39063,720864,Claude Helper (Renderer),341952
1791362278,proc,63538,3072,intelligencecontextd,1152
1791362278,proc,65475,256672,claude,181760
1791362278,proc,69280,752,intelligencetasksd,800
1791362278,proc,72488,1168,AppleIntelligenceReportingProcessingService,1216
1791362278,proc,76300,1088,IntelligencePlatformComputeService,1136
1791362278,proc,82708,640,ANECompilerService,672
1791362278,proc,89138,1648,generativeexperiencesd,1696
1791362278,sys,9029425,51,72733,
1791362280,proc,623,102848,WindowServer,81360
1791362280,proc,1081,624,aned,656
1791362280,proc,1290,71872,ControlCenter,35600
1791362280,proc,1643,32528,Ollama,27072
1791362280,proc,1664,15552,ollama,15200
1791362280,proc,12197,3308544,Python,1668800
1791362280,proc,12305,95488,MTLCompilerService,0
1791362280,proc,14165,3232,translationd,3280
1791362280,proc,16043,57056,node,0
1791362280,proc,16077,22128,mdworker_shared,0
1791362280,proc,22597,1440,GenerativeExperiencesSafetyInferenceProvider,1504
1791362280,proc,24758,7840,intelligenceflowd,7776
1791362280,proc,38974,216288,Claude,178400
1791362280,proc,39063,720864,Claude Helper (Renderer),341952
1791362280,proc,63538,3072,intelligencecontextd,1152
1791362280,proc,65475,256672,claude,181760
1791362280,proc,69280,752,intelligencetasksd,800
1791362280,proc,72488,1168,AppleIntelligenceReportingProcessingService,1216
1791362280,proc,76300,1088,IntelligencePlatformComputeService,1136
1791362280,proc,82708,640,ANECompilerService,672
1791362280,proc,89138,1648,generativeexperiencesd,1696
1791362280,sys,9029425,51,72287,
1791362281,proc,623,102848,WindowServer,81360
1791362281,proc,1081,624,aned,656
1791362281,proc,1290,71872,ControlCenter,35600
1791362281,proc,1643,32528,Ollama,27072
1791362281,proc,1664,15552,ollama,15200
1791362281,proc,12197,3308544,Python,1668800
1791362281,proc,12305,95488,MTLCompilerService,0
1791362281,proc,14165,3232,translationd,3280
1791362281,proc,16043,57056,node,0
1791362281,proc,16077,22128,mdworker_shared,0
1791362281,proc,22597,1440,GenerativeExperiencesSafetyInferenceProvider,1504
1791362281,proc,24758,7840,intelligenceflowd,7776
1791362281,proc,38974,216288,Claude,178400
1791362281,proc,39063,720864,Claude Helper (Renderer),341952
1791362281,proc,63538,3072,intelligencecontextd,1152
1791362281,proc,65475,256672,claude,181760
1791362281,proc,69280,752,intelligencetasksd,800
1791362281,proc,72488,1168,AppleIntelligenceReportingProcessingService,1216
1791362281,proc,76300,1088,IntelligencePlatformComputeService,1136
1791362281,proc,82708,640,ANECompilerService,672
1791362281,proc,89138,1648,generativeexperiencesd,1696
1791362281,sys,9029425,51,72339,
1791362282,proc,623,102864,WindowServer,81360
1791362282,proc,1081,624,aned,656
1791362282,proc,1290,71872,ControlCenter,35600
1791362282,proc,1643,32528,Ollama,27072
1791362282,proc,1664,15552,ollama,15200
1791362282,proc,12197,3308544,Python,1668800
1791362282,proc,12305,95488,MTLCompilerService,0
1791362282,proc,14165,3232,translationd,3280
1791362282,proc,16043,57056,node,0
1791362282,proc,16077,22128,mdworker_shared,0
1791362282,proc,22597,1440,GenerativeExperiencesSafetyInferenceProvider,1504
1791362282,proc,24758,7840,intelligenceflowd,7776
1791362282,proc,38974,216288,Claude,178400
1791362282,proc,39063,720944,Claude Helper (Renderer),341952
1791362282,proc,63538,3072,intelligencecontextd,1152
1791362282,proc,65475,256768,claude,181760
1791362282,proc,69280,752,intelligencetasksd,800
1791362282,proc,72488,1168,AppleIntelligenceReportingProcessingService,1216
1791362282,proc,76300,1088,IntelligencePlatformComputeService,1136
1791362282,proc,82708,640,ANECompilerService,672
1791362282,proc,89138,1648,generativeexperiencesd,1696
1791362282,sys,9029425,51,72216,
1791362283,proc,623,102864,WindowServer,81360
1791362283,proc,1081,624,aned,656
1791362283,proc,1290,71872,ControlCenter,35600
1791362283,proc,1643,32528,Ollama,27072
1791362283,proc,1664,15552,ollama,15200
1791362283,proc,12197,3308576,Python,1668800
1791362283,proc,12305,95488,MTLCompilerService,0
1791362283,proc,14165,3232,translationd,3280
1791362283,proc,16043,57056,node,0
1791362283,proc,16077,22128,mdworker_shared,0
1791362283,proc,22597,1440,GenerativeExperiencesSafetyInferenceProvider,1504
1791362283,proc,24758,7840,intelligenceflowd,7776
1791362283,proc,38974,216288,Claude,178400
1791362283,proc,39063,720944,Claude Helper (Renderer),341952
1791362283,proc,63538,3072,intelligencecontextd,1152
1791362283,proc,65475,256768,claude,181760
1791362283,proc,69280,752,intelligencetasksd,800
1791362283,proc,72488,1168,AppleIntelligenceReportingProcessingService,1216
1791362283,proc,76300,1088,IntelligencePlatformComputeService,1136
1791362283,proc,82708,640,ANECompilerService,672
1791362283,proc,89138,1648,generativeexperiencesd,1696
1791362283,sys,9029425,51,73290,
1791362284,proc,623,102864,WindowServer,81360
1791362284,proc,1081,624,aned,656
1791362284,proc,1290,71872,ControlCenter,35600
1791362284,proc,1643,32528,Ollama,27072
1791362284,proc,1664,15552,ollama,15200
1791362284,proc,12197,3308576,Python,1668800
1791362284,proc,12305,95488,MTLCompilerService,0
1791362284,proc,14165,3232,translationd,3280
1791362284,proc,16043,57056,node,0
1791362284,proc,16077,22128,mdworker_shared,0
1791362284,proc,22597,1440,GenerativeExperiencesSafetyInferenceProvider,1504
1791362284,proc,24758,7840,intelligenceflowd,7776
1791362284,proc,38974,216288,Claude,178400
1791362284,proc,39063,721008,Claude Helper (Renderer),341952
1791362284,proc,63538,3072,intelligencecontextd,1152
1791362284,proc,65475,256768,claude,181760
1791362284,proc,69280,752,intelligencetasksd,800
1791362284,proc,72488,1168,AppleIntelligenceReportingProcessingService,1216
1791362284,proc,76300,1088,IntelligencePlatformComputeService,1136
1791362284,proc,82708,640,ANECompilerService,672
1791362284,proc,89138,1648,generativeexperiencesd,1696
1791362284,sys,9029425,51,74799,
1791362285,proc,623,106192,WindowServer,81360
1791362285,proc,1081,624,aned,656
1791362285,proc,1290,74736,ControlCenter,35600
1791362285,proc,1643,32528,Ollama,27072
1791362285,proc,1664,15552,ollama,15200
1791362285,proc,12197,3308576,Python,1668800
1791362285,proc,12305,95488,MTLCompilerService,0
1791362285,proc,14165,3232,translationd,3280
1791362285,proc,16043,57056,node,0
1791362285,proc,16077,22128,mdworker_shared,0
1791362285,proc,22597,1440,GenerativeExperiencesSafetyInferenceProvider,1504
1791362285,proc,24758,7840,intelligenceflowd,7776
1791362285,proc,38974,216304,Claude,178400
1791362285,proc,39063,721024,Claude Helper (Renderer),341952
1791362285,proc,63538,3104,intelligencecontextd,1152
1791362285,proc,65475,256768,claude,181760
1791362285,proc,69280,752,intelligencetasksd,800
1791362285,proc,72488,1168,AppleIntelligenceReportingProcessingService,1216
1791362285,proc,76300,1088,IntelligencePlatformComputeService,1136
1791362285,proc,82708,640,ANECompilerService,672
1791362285,proc,89138,1648,generativeexperiencesd,1696
1791362285,sys,9029425,51,70181,
1791362286,proc,623,106224,WindowServer,81360
1791362286,proc,1081,624,aned,656
1791362286,proc,1290,74992,ControlCenter,35600
1791362286,proc,1643,32528,Ollama,27072
1791362286,proc,1664,15552,ollama,15200
1791362286,proc,12197,3308576,Python,1668800
1791362286,proc,12305,95488,MTLCompilerService,0
1791362286,proc,14165,3232,translationd,3280
1791362286,proc,16043,57056,node,0
1791362286,proc,16077,22128,mdworker_shared,0
1791362286,proc,22597,1440,GenerativeExperiencesSafetyInferenceProvider,1504
1791362286,proc,24758,7840,intelligenceflowd,7776
1791362286,proc,38974,216336,Claude,178400
1791362286,proc,39063,721040,Claude Helper (Renderer),341952
1791362286,proc,63538,3104,intelligencecontextd,1152
1791362286,proc,65475,256768,claude,181760
1791362286,proc,69280,752,intelligencetasksd,800
1791362286,proc,72488,1168,AppleIntelligenceReportingProcessingService,1216
1791362286,proc,76300,1088,IntelligencePlatformComputeService,1136
1791362286,proc,82708,640,ANECompilerService,672
1791362286,proc,89138,1648,generativeexperiencesd,1696
1791362286,sys,9029425,51,70268,
1791362287,proc,623,106224,WindowServer,81360
1791362287,proc,1081,624,aned,656
1791362287,proc,1290,74992,ControlCenter,35600
1791362287,proc,1643,32528,Ollama,27072
1791362287,proc,1664,15552,ollama,15200
1791362287,proc,12197,3308576,Python,1668800
1791362287,proc,12305,95488,MTLCompilerService,0
1791362287,proc,14165,3232,translationd,3280
1791362287,proc,16043,57056,node,0
1791362287,proc,22597,1440,GenerativeExperiencesSafetyInferenceProvider,1504
1791362287,proc,24758,7840,intelligenceflowd,7776
1791362287,proc,38974,216336,Claude,178400
1791362287,proc,39063,721040,Claude Helper (Renderer),341952
1791362287,proc,63538,3104,intelligencecontextd,1152
1791362287,proc,65475,256768,claude,181760
1791362287,proc,69280,752,intelligencetasksd,800
1791362287,proc,72488,1168,AppleIntelligenceReportingProcessingService,1216
1791362287,proc,76300,1088,IntelligencePlatformComputeService,1136
1791362287,proc,82708,640,ANECompilerService,672
1791362287,proc,89138,1648,generativeexperiencesd,1696
1791362287,sys,9029425,51,72534,
1791362288,mark,end,,,
1791362288,mark,stop,,,
